solid exported
	facet normal 0 0 0
		outer loop
			vertex 0 0 0
			vertex -0.03696337714791298 0.003000000026077032 0.015564999543130398
			vertex 0 0 0
		endloop
	endfacet
	facet normal 0.38808818174223514 0 0.921622245386908
		outer loop
			vertex -0.03696337714791298 0.03200000151991844 0.015564999543130398
			vertex -0.03696337714791298 0.003000000026077032 0.015564999543130398
			vertex 0 0 0
		endloop
	endfacet
	facet normal 0.27971313702662587 0.6447556561095078 -0.71137240942387
		outer loop
			vertex -0.03696337714791298 0.021248409524559975 0.004724515601992607
			vertex 0 0 0
			vertex -0.03696337714791298 0.021139340475201607 0.004625660367310047
		endloop
	endfacet
	facet normal 0.3216552878062484 0.7015731186119063 -0.6358718700079786
		outer loop
			vertex -0.03696337714791298 0.021040484309196472 0.004516589920967817
			vertex -0.03696337714791298 0.021139340475201607 0.004625660367310047
			vertex 0 0 0
		endloop
	endfacet
	facet normal 0.2331648622243028 0.5792781773880424 -0.7810703810962938
		outer loop
			vertex -0.03696337714791298 0.021366644650697708 0.0048122042790055275
			vertex 0 0 0
			vertex -0.03696337714791298 0.021248409524559975 0.004724515601992607
		endloop
	endfacet
	facet normal 0.3588160951345283 0.7497181064567088 -0.5560339654404004
		outer loop
			vertex -0.03696337714791298 0.020952794700860977 0.004398355260491371
			vertex -0.03696337714791298 0.021040484309196472 0.004516589920967817
			vertex 0 0 0
		endloop
	endfacet
	facet normal 0 0 0
		outer loop
			vertex -0.03696337714791298 0.02149290405213833 0.004887881688773632
			vertex 0 0 0
			vertex 0 0 0
		endloop
	endfacet
	facet normal 0.18239962807972382 0.5054805495607141 -0.8433384787214306
		outer loop
			vertex -0.03696337714791298 0.02149290405213833 0.004887881688773632
			vertex 0 0 0
			vertex -0.03696337714791298 0.021366644650697708 0.0048122042790055275
		endloop
	endfacet
	facet normal 0.3911655243367817 0.7893854225043861 -0.4731386554783944
		outer loop
			vertex -0.03696337714791298 0.020877117291092873 0.004272094927728176
			vertex -0.03696337714791298 0.020952794700860977 0.004398355260491371
			vertex 0 0 0
		endloop
	endfacet
	facet normal 0.12800475336810024 0.42403476302343196 -0.8965541271238641
		outer loop
			vertex -0.03696337714791298 0.021625975146889687 0.004950819071382284
			vertex 0 0 0
			vertex -0.03696337714791298 0.02149290405213833 0.004887881688773632
		endloop
	endfacet
	facet normal 0.41877750803185176 0.8209034822728739 -0.3882561932009608
		outer loop
			vertex -0.03696337714791298 0.020814180374145508 0.00413902522996068
			vertex -0.03696337714791298 0.020877117291092873 0.004272094927728176
			vertex 0 0 0
		endloop
	endfacet
	facet normal 0.07081720911671534 0.3360472059869829 -0.9391790022361348
		outer loop
			vertex -0.03696337714791298 0.021764572709798813 0.0050004106014966965
			vertex 0 0 0
			vertex -0.03696337714791298 0.021625975146889687 0.004950819071382284
		endloop
	endfacet
	facet normal 0.44179585704409163 0.8446740793169185 -0.3022285896946097
		outer loop
			vertex -0.03696337714791298 0.020764589309692383 0.004000427201390266
			vertex -0.03696337714791298 0.020814180374145508 0.00413902522996068
			vertex 0 0 0
		endloop
	endfacet
	facet normal 0.011842867294974656 0.2429621772622792 -0.969963466793573
		outer loop
			vertex -0.03696337714791298 0.021907364949584007 0.005036178044974804
			vertex 0 0 0
			vertex -0.03696337714791298 0.021764572709798813 0.0050004106014966965
		endloop
	endfacet
	facet normal 0.4603954700917599 0.861111622343397 -0.2156914114750757
		outer loop
			vertex -0.03696337714791298 0.02072882279753685 0.0038576354272663593
			vertex -0.03696337714791298 0.020764589309692383 0.004000427201390266
			vertex 0 0 0
		endloop
	endfacet
	facet normal -0.04775370462339111 0.14656469387362517 -0.9880477590706193
		outer loop
			vertex -0.03696337714791298 0.02205297350883484 0.005057777278125286
			vertex 0 0 0
			vertex -0.03696337714791298 0.021907364949584007 0.005036178044974804
		endloop
	endfacet
	facet normal 0.4747470738441863 0.8705962169552071 -0.12914117430031652
		outer loop
			vertex -0.03696337714791298 0.020707223564386368 0.0037120257038623095
			vertex -0.03696337714791298 0.02072882279753685 0.0038576354272663593
			vertex 0 0 0
		endloop
	endfacet
	facet normal -0.1067789299788924 0.04878678301103127 -0.9930851473645135
		outer loop
			vertex -0.03696337714791298 0.022199999541044235 0.0050650001503527164
			vertex 0 0 0
			vertex -0.03696337714791298 0.02205297350883484 0.005057777278125286
		endloop
	endfacet
	facet normal -0.1640777976819813 -0.04840232173127434 -0.985259200189906
		outer loop
			vertex -0.03696337714791298 0.02234702557325363 0.005057777278125286
			vertex 0 0 0
			vertex -0.03696337714791298 0.022199999541044235 0.0050650001503527164
		endloop
	endfacet
	facet normal -0.21863917860697143 -0.1431802329668913 -0.9652441817828357
		outer loop
			vertex -0.03696337714791298 0.022492635995149612 0.005036178044974804
			vertex 0 0 0
			vertex -0.03696337714791298 0.02234702557325363 0.005057777278125286
		endloop
	endfacet
	facet normal -0.2696495444561439 -0.23398178085895657 -0.9340993787604537
		outer loop
			vertex -0.03696337714791298 0.022635426372289658 0.0050004106014966965
			vertex 0 0 0
			vertex -0.03696337714791298 0.022492635995149612 0.005036178044974804
		endloop
	endfacet
	facet normal -0.31651898608785134 -0.3195682729737369 -0.893135964091975
		outer loop
			vertex -0.03696337714791298 0.022774025797843933 0.004950819071382284
			vertex 0 0 0
			vertex -0.03696337714791298 0.022635426372289658 0.0050004106014966965
		endloop
	endfacet
	facet normal -0.3588908964150622 -0.3990728410193557 -0.8437642988602525
		outer loop
			vertex -0.03696337714791298 0.022907095029950142 0.004887881688773632
			vertex 0 0 0
			vertex -0.03696337714791298 0.022774025797843933 0.004950819071382284
		endloop
	endfacet
	facet normal -0.39659638525702534 -0.47194476944383273 -0.7873877328201581
		outer loop
			vertex -0.03696337714791298 0.023033354431390762 0.0048122042790055275
			vertex 0 0 0
			vertex -0.03696337714791298 0.022907095029950142 0.004887881688773632
		endloop
	endfacet
	facet normal -0.4296249616083318 -0.5379190337253614 -0.7253037332862784
		outer loop
			vertex -0.03696337714791298 0.023151589557528496 0.004724515601992607
			vertex 0 0 0
			vertex -0.03696337714791298 0.023033354431390762 0.0048122042790055275
		endloop
	endfacet
	facet normal -0.45807994468073016 -0.5969532318868537 -0.6586422422082716
		outer loop
			vertex -0.03696337714791298 0.023260660469532013 0.004625660367310047
			vertex 0 0 0
			vertex -0.03696337714791298 0.023151589557528496 0.004724515601992607
		endloop
	endfacet
	facet normal 0.3368457556226835 0.6474750404163914 -0.6836014986501828
		outer loop
			vertex -0.03696337714791298 0.015348942950367928 -0.003675970947369933
			vertex 0 0 0
			vertex -0.03696337714791298 0.015277407132089138 -0.0037437262944877148
		endloop
	endfacet
	facet normal 0.35414916315103295 0.7067895820242497 -0.612394363936679
		outer loop
			vertex -0.03696337714791298 0.015212886035442352 -0.0038181927520781755
			vertex -0.03696337714791298 0.015277407132089138 -0.0037437262944877148
			vertex 0 0 0
		endloop
	endfacet
	facet normal 0.3160085787650888 0.5814672212438133 -0.7496895682653368
		outer loop
			vertex -0.03696337714791298 0.015426799654960632 -0.003615584457293153
			vertex 0 0 0
			vertex -0.03696337714791298 0.015348942950367928 -0.003675970947369933
		endloop
	endfacet
	facet normal 0.3679365825376085 0.7592664171631911 -0.5367841083701315
		outer loop
			vertex -0.03696337714791298 0.015156006440520287 -0.00389864738099277
			vertex -0.03696337714791298 0.015212886035442352 -0.0038181927520781755
			vertex 0 0 0
		endloop
	endfacet
	facet normal 0.29164856808103745 0.508999013356544 -0.8098525280187409
		outer loop
			vertex -0.03696337714791298 0.01551022194325924 -0.0035631528589874506
			vertex 0 0 0
			vertex -0.03696337714791298 0.015426799654960632 -0.003615584457293153
		endloop
	endfacet
	facet normal 0.3782362617132378 0.8048013337929755 -0.4574190020651119
		outer loop
			vertex -0.03696337714791298 0.015107319690287113 -0.003984308801591396
			vertex -0.03696337714791298 0.015156006440520287 -0.00389864738099277
			vertex 0 0 0
		endloop
	endfacet
	facet normal 0.2638202573324301 0.4304211939651878 -0.8632128750236714
		outer loop
			vertex -0.03696337714791298 0.015598398633301258 -0.003519185585901141
			vertex 0 0 0
			vertex -0.03696337714791298 0.01551022194325924 -0.0035631528589874506
		endloop
	endfacet
	facet normal 0.37106548819215684 0.7584223493530036 -0.5358226791342331
		outer loop
			vertex -0.03696337714791298 0.015598398633301258 -0.003519185585901141
			vertex -0.03696337714791298 0.020707223564386368 0.0037120257038623095
			vertex 0 0 0
		endloop
	endfacet
	facet normal 1 0 0
		outer loop
			vertex -0.03696337714791298 0.015598398633301258 -0.003519185585901141
			vertex -0.03696337714791298 0.02070000022649765 0.0035649999044835567
			vertex -0.03696337714791298 0.020707223564386368 0.0037120257038623095
		endloop
	endfacet
	facet normal 0.385082506388286 0.8433317333981758 -0.37483736568989995
		outer loop
			vertex -0.03696337714791298 0.015067300759255886 -0.00407434580847621
			vertex -0.03696337714791298 0.015107319690287113 -0.003984308801591396
			vertex 0 0 0
		endloop
	endfacet
	facet normal 1 0 0
		outer loop
			vertex -0.03696337714791298 0.015690473839640617 -0.0034841091837733984
			vertex -0.03696337714791298 0.02070000022649765 0.0035649999044835567
			vertex -0.03696337714791298 0.015598398633301258 -0.003519185585901141
		endloop
	endfacet
	facet normal 0.37983116817553375 0.9246801120998293 -0.026362358950911477
		outer loop
			vertex -0.0001303612079937011 0.00005290149783832021 -0.000022694743165629916
			vertex -0.03696337714791298 0.015067300759255886 -0.00407434580847621
			vertex 0 0 0
		endloop
	endfacet
	facet normal 0 0 0
		outer loop
			vertex -0.0001303612079937011 0.00005290149783832021 -0.000022694743165629916
			vertex 0 0 0
			vertex 0 0 0
		endloop
	endfacet
	facet normal 1 0 0
		outer loop
			vertex -0.03696337714791298 0.01578555442392826 -0.0034582640510052443
			vertex -0.03696337714791298 0.02070000022649765 0.0035649999044835567
			vertex -0.03696337714791298 0.015690473839640617 -0.0034841091837733984
		endloop
	endfacet
	facet normal -0.37704497153118444 -0.9261693487936212 0.006886711715175559
		outer loop
			vertex -0.03696337714791298 0.015016203746199608 -0.004255708772689104
			vertex -0.0001303612079937011 0.00005290149783832021 -0.000022694743165629916
			vertex 0 0 0
		endloop
	endfacet
	facet normal 1 0 0
		outer loop
			vertex -0.03696337714791298 0.015882715582847595 -0.003441901644691825
			vertex -0.03696337714791298 0.02070000022649765 0.0035649999044835567
			vertex -0.03696337714791298 0.01578555442392826 -0.0034582640510052443
		endloop
	endfacet
	facet normal 0.385707803031422 0.9142019782321221 -0.12435527201188008
		outer loop
			vertex -0.03696337714791298 0.015004059299826622 -0.004344989079982042
			vertex -0.03696337714791298 0.015016203746199608 -0.004255708772689104
			vertex 0 0 0
		endloop
	endfacet
	facet normal 1 0 0
		outer loop
			vertex -0.03696337714791298 0.01598101668059826 -0.003435180289670825
			vertex -0.03696337714791298 0.02070000022649765 0.0035649999044835567
			vertex -0.03696337714791298 0.015882715582847595 -0.003441901644691825
		endloop
	endfacet
	facet normal 0.3799874177835307 0.9240523010943572 -0.04167621825967607
		outer loop
			vertex -0.03696337714791298 0.014999999664723873 -0.004435000009834766
			vertex -0.03696337714791298 0.015004059299826622 -0.004344989079982042
			vertex 0 0 0
		endloop
	endfacet
	facet normal -0.08089541708253276 -0.9967225950559379 0
		outer loop
			vertex -0.03696337714791298 0.003000000026077032 -0.01643499918282032
			vertex 0 0 0
			vertex -0.03696337714791298 0.003000000026077032 0.015564999543130398
		endloop
	endfacet
	facet normal 0 0 0
		outer loop
			vertex -0.03696337714791298 0.003000000026077032 -0.01643499918282032
			vertex 0 0 0
			vertex 0 0 0
		endloop
	endfacet
	facet normal 1 0 0
		outer loop
			vertex -0.03696337714791298 0.016079502180218697 -0.0034381654113531113
			vertex -0.03696337714791298 0.02070000022649765 0.0035649999044835567
			vertex -0.03696337714791298 0.01598101668059826 -0.003435180289670825
		endloop
	endfacet
	facet normal 0.37091297964149766 0.9275400020594007 0.045750476643562084
		outer loop
			vertex -0.03696337714791298 0.015004853717982769 -0.0045334105379879475
			vertex -0.03696337714791298 0.014999999664723873 -0.004435000009834766
			vertex 0 0 0
		endloop
	endfacet
	facet normal 1 0 0
		outer loop
			vertex -0.03696337714791298 0.016177214682102203 -0.003450827905908227
			vertex -0.03696337714791298 0.02070000022649765 0.0035649999044835567
			vertex -0.03696337714791298 0.016079502180218697 -0.0034381654113531113
		endloop
	endfacet
	facet normal 0.3580234972201588 0.9235246250171302 0.13755523408876924
		outer loop
			vertex -0.03696337714791298 0.015019369311630726 -0.00463086599484086
			vertex -0.03696337714791298 0.015004853717982769 -0.0045334105379879475
			vertex 0 0 0
		endloop
	endfacet
	facet normal 1 0 0
		outer loop
			vertex -0.03696337714791298 0.01627320796251297 -0.0034730450715869665
			vertex -0.03696337714791298 0.02070000022649765 0.0035649999044835567
			vertex -0.03696337714791298 0.016177214682102203 -0.003450827905908227
		endloop
	endfacet
	facet normal 0.34162515127827375 0.9114439171735549 0.2292645673919601
		outer loop
			vertex -0.03696337714791298 0.015043404884636402 -0.0047264196909964085
			vertex -0.03696337714791298 0.015019369311630726 -0.00463086599484086
			vertex 0 0 0
		endloop
	endfacet
	facet normal 1 0 0
		outer loop
			vertex -0.03696337714791298 0.01636654883623123 -0.0035046013072133064
			vertex -0.03696337714791298 0.02070000022649765 0.0035649999044835567
			vertex -0.03696337714791298 0.01627320796251297 -0.0034730450715869665
		endloop
	endfacet
	facet normal 0.3216974200561434 0.8910531891849313 0.3202108429965866
		outer loop
			vertex -0.03696337714791298 0.01507672667503357 -0.004819144494831562
			vertex -0.03696337714791298 0.015043404884636402 -0.0047264196909964085
			vertex 0 0 0
		endloop
	endfacet
	facet normal 1 0 0
		outer loop
			vertex -0.03696337714791298 0.016456330195069313 -0.003545189741998911
			vertex -0.03696337714791298 0.02070000022649765 0.0035649999044835567
			vertex -0.03696337714791298 0.01636654883623123 -0.0035046013072133064
		endloop
	endfacet
	facet normal 0.2982382206849043 0.8621218889790662 0.40963375381658806
		outer loop
			vertex -0.03696337714791298 0.01511901244521141 -0.004908139817416668
			vertex -0.03696337714791298 0.01507672667503357 -0.004819144494831562
			vertex 0 0 0
		endloop
	endfacet
	facet normal 1 0 0
		outer loop
			vertex -0.03696337714791298 0.016541682183742523 -0.003594416892156005
			vertex -0.03696337714791298 0.02070000022649765 0.0035649999044835567
			vertex -0.03696337714791298 0.016456330195069313 -0.003545189741998911
		endloop
	endfacet
	facet normal 0.27129153984087306 0.8244808345828385 0.4966208350606668
		outer loop
			vertex -0.03696337714791298 0.01516985148191452 -0.00499254185706377
			vertex -0.03696337714791298 0.01511901244521141 -0.004908139817416668
			vertex 0 0 0
		endloop
	endfacet
	facet normal 1 0 0
		outer loop
			vertex -0.03696337714791298 0.016621775925159454 -0.0036518045235425234
			vertex -0.03696337714791298 0.02070000022649765 0.0035649999044835567
			vertex -0.03696337714791298 0.016541682183742523 -0.003594416892156005
		endloop
	endfacet
	facet normal 0.24095537532484643 0.778052962343159 0.5801500623899795
		outer loop
			vertex -0.03696337714791298 0.015228749252855778 -0.0050715310499072075
			vertex -0.03696337714791298 0.01516985148191452 -0.00499254185706377
			vertex 0 0 0
		endloop
	endfacet
	facet normal 1 0 0
		outer loop
			vertex -0.03696337714791298 0.016695832833647728 -0.0037167957052588463
			vertex -0.03696337714791298 0.02070000022649765 0.0035649999044835567
			vertex -0.03696337714791298 0.016621775925159454 -0.0036518045235425234
		endloop
	endfacet
	facet normal 0.2073961189557397 0.7228905895968643 0.6591024543380147
		outer loop
			vertex -0.03696337714791298 0.015295133925974369 -0.005144340451806784
			vertex -0.03696337714791298 0.015228749252855778 -0.0050715310499072075
			vertex 0 0 0
		endloop
	endfacet
	facet normal 1 0 0
		outer loop
			vertex -0.03696337714791298 0.01676313392817974 -0.003788759233430028
			vertex -0.03696337714791298 0.02070000022649765 0.0035649999044835567
			vertex -0.03696337714791298 0.016695832833647728 -0.0037167957052588463
		endloop
	endfacet
	facet normal 0.17086875225930084 0.659226101349447 0.7322737307871684
		outer loop
			vertex -0.03696337714791298 0.015368361957371235 -0.005210263654589653
			vertex -0.03696337714791298 0.015295133925974369 -0.005144340451806784
			vertex 0 0 0
		endloop
	endfacet
	facet normal -0.542111557311292 -0.8392942225606858 -0.041234298900064636
		outer loop
			vertex 0 0 0
			vertex -0.03696337714791298 0.023692777380347252 0.0037120257038623095
			vertex -0.03696337714791298 0.02370000071823597 0.0035649999044835567
		endloop
	endfacet
	facet normal 0 0 0
		outer loop
			vertex 0 0 0
			vertex -0.03696337714791298 0.03200000151991844 0.015564999543130398
			vertex 0 0 0
		endloop
	endfacet
	facet normal 0 0 0
		outer loop
			vertex 0 0 0
			vertex 0 0 0
			vertex -0.03696337714791298 0.023260660469532013 0.004625660367310047
		endloop
	endfacet
	facet normal -0.48213062150001906 -0.6491509035471924 -0.5883478292947713
		outer loop
			vertex 0 0 0
			vertex -0.03696337714791298 0.023260660469532013 0.004625660367310047
			vertex -0.03696337714791298 0.023359514772892 0.004516589920967817
		endloop
	endfacet
	facet normal -0.501967803910626 -0.6946809246374809 -0.5152152334529309
		outer loop
			vertex 0 0 0
			vertex -0.03696337714791298 0.023359514772892 0.004516589920967817
			vertex -0.03696337714791298 0.023447204381227493 0.004398355260491371
		endloop
	endfacet
	facet normal -0.5178023407523178 -0.7337873803776993 -0.4398145248964092
		outer loop
			vertex 0 0 0
			vertex -0.03696337714791298 0.023447204381227493 0.004398355260491371
			vertex -0.03696337714791298 0.023522881790995598 0.004272094927728176
		endloop
	endfacet
	facet normal -0.5298156558919446 -0.7666857247896731 -0.36261325151671153
		outer loop
			vertex 0 0 0
			vertex -0.03696337714791298 0.023522881790995598 0.004272094927728176
			vertex -0.03696337714791298 0.023585818707942963 0.00413902522996068
		endloop
	endfacet
	facet normal -0.538162479555224 -0.7935722372861856 -0.28394409627173245
		outer loop
			vertex 0 0 0
			vertex -0.03696337714791298 0.023585818707942963 0.00413902522996068
			vertex -0.03696337714791298 0.023635409772396088 0.004000427201390266
		endloop
	endfacet
	facet normal -0.5429569142282568 -0.8145927766877106 -0.20404998764992655
		outer loop
			vertex 0 0 0
			vertex -0.03696337714791298 0.023635409772396088 0.004000427201390266
			vertex -0.03696337714791298 0.02367117814719677 0.0038576354272663593
		endloop
	endfacet
	facet normal -0.5442671671095312 -0.8298319307781594 -0.12309434376752436
		outer loop
			vertex 0 0 0
			vertex -0.03696337714791298 0.02367117814719677 0.0038576354272663593
			vertex -0.03696337714791298 0.023692777380347252 0.0037120257038623095
		endloop
	endfacet
	facet normal 0.1317270805348097 0.5875104172188095 0.7984231246107268
		outer loop
			vertex -0.03696337714791298 0.015447722747921944 -0.005268660373985767
			vertex -0.03696337714791298 0.015368361957371235 -0.005210263654589653
			vertex 0 0 0
		endloop
	endfacet
	facet normal 0.09043130966116039 0.5084480087211029 0.856331011151945
		outer loop
			vertex -0.03696337714791298 0.015532444231212139 -0.005318963900208473
			vertex -0.03696337714791298 0.015447722747921944 -0.005268660373985767
			vertex 0 0 0
		endloop
	endfacet
	facet normal 0.04751737197273261 0.4229566127825726 0.9049032009360438
		outer loop
			vertex -0.03696337714791298 0.015621705912053585 -0.005360685288906097
			vertex -0.03696337714791298 0.015532444231212139 -0.005318963900208473
			vertex 0 0 0
		endloop
	endfacet
	facet normal 0.0036210712529263166 0.33223001188343854 0.9431914477172233
		outer loop
			vertex -0.03696337714791298 0.01571463979780674 -0.005393420346081257
			vertex -0.03696337714791298 0.015621705912053585 -0.005360685288906097
			vertex 0 0 0
		endloop
	endfacet
	facet normal 1 0 0
		outer loop
			vertex -0.03696337714791298 0.016713786870241165 -0.005135362967848778
			vertex -0.03696337714791298 0.014999999664723873 -0.004435000009834766
			vertex -0.03696337714791298 0.015004853717982769 -0.0045334105379879475
		endloop
	endfacet
	facet normal 1 0 0
		outer loop
			vertex -0.03696337714791298 0.016713786870241165 -0.005135362967848778
			vertex -0.03696337714791298 0.015004853717982769 -0.0045334105379879475
			vertex -0.03696337714791298 0.015019369311630726 -0.00463086599484086
		endloop
	endfacet
	facet normal 1 0 0
		outer loop
			vertex -0.03696337714791298 0.016713786870241165 -0.005135362967848778
			vertex -0.03696337714791298 0.015019369311630726 -0.00463086599484086
			vertex -0.03696337714791298 0.015043404884636402 -0.0047264196909964085
		endloop
	endfacet
	facet normal 1 0 0
		outer loop
			vertex -0.03696337714791298 0.016713786870241165 -0.005135362967848778
			vertex -0.03696337714791298 0.015043404884636402 -0.0047264196909964085
			vertex -0.03696337714791298 0.01507672667503357 -0.004819144494831562
		endloop
	endfacet
	facet normal 1 0 0
		outer loop
			vertex -0.03696337714791298 0.016713786870241165 -0.005135362967848778
			vertex -0.03696337714791298 0.01507672667503357 -0.004819144494831562
			vertex -0.03696337714791298 0.01511901244521141 -0.004908139817416668
		endloop
	endfacet
	facet normal 1 0 0
		outer loop
			vertex -0.03696337714791298 0.016713786870241165 -0.005135362967848778
			vertex -0.03696337714791298 0.01511901244521141 -0.004908139817416668
			vertex -0.03696337714791298 0.01516985148191452 -0.00499254185706377
		endloop
	endfacet
	facet normal 1 0 0
		outer loop
			vertex -0.03696337714791298 0.016713786870241165 -0.005135362967848778
			vertex -0.03696337714791298 0.01516985148191452 -0.00499254185706377
			vertex -0.03696337714791298 0.015228749252855778 -0.0050715310499072075
		endloop
	endfacet
	facet normal 1 0 0
		outer loop
			vertex -0.03696337714791298 0.016713786870241165 -0.005135362967848778
			vertex -0.03696337714791298 0.015228749252855778 -0.0050715310499072075
			vertex -0.03696337714791298 0.015295133925974369 -0.005144340451806784
		endloop
	endfacet
	facet normal 1 0 0
		outer loop
			vertex -0.03696337714791298 0.016713786870241165 -0.005135362967848778
			vertex -0.03696337714791298 0.015295133925974369 -0.005144340451806784
			vertex -0.03696337714791298 0.015368361957371235 -0.005210263654589653
		endloop
	endfacet
	facet normal 1 0 0
		outer loop
			vertex -0.03696337714791298 0.016713786870241165 -0.005135362967848778
			vertex -0.03696337714791298 0.015368361957371235 -0.005210263654589653
			vertex -0.03696337714791298 0.015447722747921944 -0.005268660373985767
		endloop
	endfacet
	facet normal 1 0 0
		outer loop
			vertex -0.03696337714791298 0.016713786870241165 -0.005135362967848778
			vertex -0.03696337714791298 0.015447722747921944 -0.005268660373985767
			vertex -0.03696337714791298 0.015532444231212139 -0.005318963900208473
		endloop
	endfacet
	facet normal 1 0 0
		outer loop
			vertex -0.03696337714791298 0.016713786870241165 -0.005135362967848778
			vertex -0.03696337714791298 0.015532444231212139 -0.005318963900208473
			vertex -0.03696337714791298 0.015621705912053585 -0.005360685288906097
		endloop
	endfacet
	facet normal 1 0 0
		outer loop
			vertex -0.03696337714791298 0.016713786870241165 -0.005135362967848778
			vertex -0.03696337714791298 0.015621705912053585 -0.005360685288906097
			vertex -0.03696337714791298 0.01571463979780674 -0.005393420346081257
		endloop
	endfacet
	facet normal 1 0 0
		outer loop
			vertex -0.03696337714791298 0.016713786870241165 -0.005135362967848778
			vertex -0.03696337714791298 0.01571463979780674 -0.005393420346081257
			vertex -0.03696337714791298 0.015810342505574226 -0.005416850559413433
		endloop
	endfacet
	facet normal 1 0 0
		outer loop
			vertex -0.03696337714791298 0.016713786870241165 -0.005135362967848778
			vertex -0.03696337714791298 0.015810342505574226 -0.005416850559413433
			vertex -0.03696337714791298 0.01590788923203945 -0.00543074868619442
		endloop
	endfacet
	facet normal 1 0 0
		outer loop
			vertex -0.03696337714791298 0.016713786870241165 -0.005135362967848778
			vertex -0.03696337714791298 0.01590788923203945 -0.00543074868619442
			vertex -0.03696337714791298 0.01600632816553116 -0.005434980150312185
		endloop
	endfacet
	facet normal 1 0 0
		outer loop
			vertex -0.03696337714791298 0.016713786870241165 -0.005135362967848778
			vertex -0.03696337714791298 0.01600632816553116 -0.005434980150312185
			vertex -0.03696337714791298 0.01610470563173294 -0.005429503042250872
		endloop
	endfacet
	facet normal 1 0 0
		outer loop
			vertex -0.03696337714791298 0.016713786870241165 -0.005135362967848778
			vertex -0.03696337714791298 0.01610470563173294 -0.005429503042250872
			vertex -0.03696337714791298 0.016202067956328392 -0.005414371378719807
		endloop
	endfacet
	facet normal 1 0 0
		outer loop
			vertex -0.03696337714791298 0.016713786870241165 -0.005135362967848778
			vertex -0.03696337714791298 0.016202067956328392 -0.005414371378719807
			vertex -0.03696337714791298 0.016297467052936554 -0.005389731843024492
		endloop
	endfacet
	facet normal 1 0 0
		outer loop
			vertex -0.03696337714791298 0.016713786870241165 -0.005135362967848778
			vertex -0.03696337714791298 0.016297467052936554 -0.005389731843024492
			vertex -0.03696337714791298 0.016389979049563408 -0.005355823785066605
		endloop
	endfacet
	facet normal 1 0 0
		outer loop
			vertex -0.03696337714791298 0.016713786870241165 -0.005135362967848778
			vertex -0.03696337714791298 0.016389979049563408 -0.005355823785066605
			vertex -0.03696337714791298 0.016478704288601875 -0.005312975496053696
		endloop
	endfacet
	facet normal 1 0 0
		outer loop
			vertex -0.03696337714791298 0.016713786870241165 -0.005135362967848778
			vertex -0.03696337714791298 0.016478704288601875 -0.005312975496053696
			vertex -0.03696337714791298 0.01656278409063816 -0.005261604208499193
		endloop
	endfacet
	facet normal 1 0 0
		outer loop
			vertex -0.03696337714791298 0.016713786870241165 -0.005135362967848778
			vertex -0.03696337714791298 0.01656278409063816 -0.005261604208499193
			vertex -0.03696337714791298 0.016641398891806602 -0.005202207714319229
		endloop
	endfacet
	facet normal 1 0 0
		outer loop
			vertex -0.03696337714791298 0.016713786870241165 -0.005135362967848778
			vertex -0.03696337714791298 0.01677924580872059 -0.005061719100922346
			vertex -0.03696337714791298 0.016837138682603836 -0.0049819909036159515
		endloop
	endfacet
	facet normal 1 0 0
		outer loop
			vertex -0.03696337714791298 0.016713786870241165 -0.005135362967848778
			vertex -0.03696337714791298 0.016837138682603836 -0.0049819909036159515
			vertex -0.03696337714791298 0.01688690483570099 -0.0048969523049890995
		endloop
	endfacet
	facet normal 1 0 0
		outer loop
			vertex -0.03696337714791298 0.016713786870241165 -0.005135362967848778
			vertex -0.03696337714791298 0.01688690483570099 -0.0048969523049890995
			vertex -0.03696337714791298 0.016928059980273247 -0.004807428922504187
		endloop
	endfacet
	facet normal 1 0 0
		outer loop
			vertex -0.03696337714791298 0.016713786870241165 -0.005135362967848778
			vertex -0.03696337714791298 0.016928059980273247 -0.004807428922504187
			vertex -0.03696337714791298 0.016960207372903824 -0.0047142901457846165
		endloop
	endfacet
	facet normal 1 0 0
		outer loop
			vertex -0.03696337714791298 0.016713786870241165 -0.005135362967848778
			vertex -0.03696337714791298 0.016960207372903824 -0.0047142901457846165
			vertex -0.03696337714791298 0.01698303036391735 -0.004618439823389053
		endloop
	endfacet
	facet normal 1 0 0
		outer loop
			vertex -0.03696337714791298 0.016713786870241165 -0.005135362967848778
			vertex -0.03696337714791298 0.01698303036391735 -0.004618439823389053
			vertex -0.03696337714791298 0.016996311023831367 -0.004520808812230825
		endloop
	endfacet
	facet normal 1 0 0
		outer loop
			vertex -0.03696337714791298 0.016713786870241165 -0.005135362967848778
			vertex -0.03696337714791298 0.016996311023831367 -0.004520808812230825
			vertex -0.03696337714791298 0.016999920830130577 -0.004422344267368317
		endloop
	endfacet
	facet normal 1 0 0
		outer loop
			vertex -0.03696337714791298 0.016713786870241165 -0.005135362967848778
			vertex -0.03696337714791298 0.016999920830130577 -0.004422344267368317
			vertex -0.03696337714791298 0.016993820667266846 -0.004324003122746944
		endloop
	endfacet
	facet normal 1 0 0
		outer loop
			vertex -0.03696337714791298 0.016713786870241165 -0.005135362967848778
			vertex -0.03696337714791298 0.016993820667266846 -0.004324003122746944
			vertex -0.03696337714791298 0.016978073865175247 -0.004226739052683115
		endloop
	endfacet
	facet normal 1 0 0
		outer loop
			vertex -0.03696337714791298 0.016713786870241165 -0.005135362967848778
			vertex -0.03696337714791298 0.016978073865175247 -0.004226739052683115
			vertex -0.03696337714791298 0.01695283129811287 -0.004131496883928776
		endloop
	endfacet
	facet normal 1 0 0
		outer loop
			vertex -0.03696337714791298 0.016713786870241165 -0.005135362967848778
			vertex -0.03696337714791298 0.01695283129811287 -0.004131496883928776
			vertex -0.03696337714791298 0.01691833697259426 -0.00403920141980052
		endloop
	endfacet
	facet normal 1 0 0
		outer loop
			vertex -0.03696337714791298 0.016713786870241165 -0.005135362967848778
			vertex -0.03696337714791298 0.01691833697259426 -0.00403920141980052
			vertex -0.03696337714791298 0.016874928027391434 -0.0039507485926151276
		endloop
	endfacet
	facet normal 1 0 0
		outer loop
			vertex -0.03696337714791298 0.016713786870241165 -0.005135362967848778
			vertex -0.03696337714791298 0.016874928027391434 -0.0039507485926151276
			vertex -0.03696337714791298 0.016823025420308113 -0.0038669968489557505
		endloop
	endfacet
	facet normal 1 0 0
		outer loop
			vertex -0.03696337714791298 0.016713786870241165 -0.005135362967848778
			vertex -0.03696337714791298 0.016823025420308113 -0.0038669968489557505
			vertex -0.03696337714791298 0.01676313392817974 -0.003788759233430028
		endloop
	endfacet
	facet normal 1 0 0
		outer loop
			vertex -0.03696337714791298 0.016713786870241165 -0.005135362967848778
			vertex -0.03696337714791298 0.01676313392817974 -0.003788759233430028
			vertex -0.03696337714791298 0.016695832833647728 -0.0037167957052588463
		endloop
	endfacet
	facet normal 1 0 0
		outer loop
			vertex -0.03696337714791298 0.016713786870241165 -0.005135362967848778
			vertex -0.03696337714791298 0.016695832833647728 -0.0037167957052588463
			vertex -0.03696337714791298 0.016621775925159454 -0.0036518045235425234
		endloop
	endfacet
	facet normal 1 0 0
		outer loop
			vertex -0.03696337714791298 0.016713786870241165 -0.005135362967848778
			vertex -0.03696337714791298 0.016621775925159454 -0.0036518045235425234
			vertex -0.03696337714791298 0.016541682183742523 -0.003594416892156005
		endloop
	endfacet
	facet normal 1 0 0
		outer loop
			vertex -0.03696337714791298 0.016713786870241165 -0.005135362967848778
			vertex -0.03696337714791298 0.016541682183742523 -0.003594416892156005
			vertex -0.03696337714791298 0.016456330195069313 -0.003545189741998911
		endloop
	endfacet
	facet normal 1 0 0
		outer loop
			vertex -0.03696337714791298 0.016713786870241165 -0.005135362967848778
			vertex -0.03696337714791298 0.016456330195069313 -0.003545189741998911
			vertex -0.03696337714791298 0.01636654883623123 -0.0035046013072133064
		endloop
	endfacet
	facet normal 1 0 0
		outer loop
			vertex -0.03696337714791298 0.016713786870241165 -0.005135362967848778
			vertex -0.03696337714791298 0.01636654883623123 -0.0035046013072133064
			vertex -0.03696337714791298 0.01627320796251297 -0.0034730450715869665
		endloop
	endfacet
	facet normal 1 0 0
		outer loop
			vertex -0.03696337714791298 0.016713786870241165 -0.005135362967848778
			vertex -0.03696337714791298 0.01627320796251297 -0.0034730450715869665
			vertex -0.03696337714791298 0.016177214682102203 -0.003450827905908227
		endloop
	endfacet
	facet normal 1 0 0
		outer loop
			vertex -0.03696337714791298 0.016713786870241165 -0.005135362967848778
			vertex -0.03696337714791298 0.016177214682102203 -0.003450827905908227
			vertex -0.03696337714791298 0.016079502180218697 -0.0034381654113531113
		endloop
	endfacet
	facet normal 1 0 0
		outer loop
			vertex -0.03696337714791298 0.016713786870241165 -0.005135362967848778
			vertex -0.03696337714791298 0.016079502180218697 -0.0034381654113531113
			vertex -0.03696337714791298 0.01598101668059826 -0.003435180289670825
		endloop
	endfacet
	facet normal 1 0 0
		outer loop
			vertex -0.03696337714791298 0.016713786870241165 -0.005135362967848778
			vertex -0.03696337714791298 0.01598101668059826 -0.003435180289670825
			vertex -0.03696337714791298 0.015882715582847595 -0.003441901644691825
		endloop
	endfacet
	facet normal 1 0 0
		outer loop
			vertex -0.03696337714791298 0.016713786870241165 -0.005135362967848778
			vertex -0.03696337714791298 0.015882715582847595 -0.003441901644691825
			vertex -0.03696337714791298 0.01578555442392826 -0.0034582640510052443
		endloop
	endfacet
	facet normal 1 0 0
		outer loop
			vertex -0.03696337714791298 0.016713786870241165 -0.005135362967848778
			vertex -0.03696337714791298 0.01578555442392826 -0.0034582640510052443
			vertex -0.03696337714791298 0.015690473839640617 -0.0034841091837733984
		endloop
	endfacet
	facet normal 1 0 0
		outer loop
			vertex -0.03696337714791298 0.016713786870241165 -0.005135362967848778
			vertex -0.03696337714791298 0.015690473839640617 -0.0034841091837733984
			vertex -0.03696337714791298 0.015598398633301258 -0.003519185585901141
		endloop
	endfacet
	facet normal 1 0 0
		outer loop
			vertex -0.03696337714791298 0.016713786870241165 -0.005135362967848778
			vertex -0.03696337714791298 0.015598398633301258 -0.003519185585901141
			vertex -0.03696337714791298 0.01551022194325924 -0.0035631528589874506
		endloop
	endfacet
	facet normal 1 0 0
		outer loop
			vertex -0.03696337714791298 0.016713786870241165 -0.005135362967848778
			vertex -0.03696337714791298 0.01551022194325924 -0.0035631528589874506
			vertex -0.03696337714791298 0.015426799654960632 -0.003615584457293153
		endloop
	endfacet
	facet normal 1 0 0
		outer loop
			vertex -0.03696337714791298 0.016713786870241165 -0.005135362967848778
			vertex -0.03696337714791298 0.015426799654960632 -0.003615584457293153
			vertex -0.03696337714791298 0.015348942950367928 -0.003675970947369933
		endloop
	endfacet
	facet normal 1 0 0
		outer loop
			vertex -0.03696337714791298 0.016713786870241165 -0.005135362967848778
			vertex -0.03696337714791298 0.015348942950367928 -0.003675970947369933
			vertex -0.03696337714791298 0.015277407132089138 -0.0037437262944877148
		endloop
	endfacet
	facet normal 1 0 0
		outer loop
			vertex -0.03696337714791298 0.016713786870241165 -0.005135362967848778
			vertex -0.03696337714791298 0.015277407132089138 -0.0037437262944877148
			vertex -0.03696337714791298 0.015212886035442352 -0.0038181927520781755
		endloop
	endfacet
	facet normal 1 0 0
		outer loop
			vertex -0.03696337714791298 0.016713786870241165 -0.005135362967848778
			vertex -0.03696337714791298 0.015212886035442352 -0.0038181927520781755
			vertex -0.03696337714791298 0.015156006440520287 -0.00389864738099277
		endloop
	endfacet
	facet normal 1 0 0
		outer loop
			vertex -0.03696337714791298 0.016713786870241165 -0.005135362967848778
			vertex -0.03696337714791298 0.015156006440520287 -0.00389864738099277
			vertex -0.03696337714791298 0.015107319690287113 -0.003984308801591396
		endloop
	endfacet
	facet normal 1 0 0
		outer loop
			vertex -0.03696337714791298 0.016713786870241165 -0.005135362967848778
			vertex -0.03696337714791298 0.015107319690287113 -0.003984308801591396
			vertex -0.03696337714791298 0.015067300759255886 -0.00407434580847621
		endloop
	endfacet
	facet normal 0.12729968312737755 0.5372757283484457 0.833744314765214
		outer loop
			vertex -0.03696337714791298 0.016713786870241165 -0.005135362967848778
			vertex -0.03696337714791298 0.015067300759255886 -0.00407434580847621
			vertex -0.0001303612079937011 0.00005290149783832021 -0.000022694743165629916
		endloop
	endfacet
	facet normal 0 0 0
		outer loop
			vertex 0 0 0
			vertex -0.03696337714791298 0.03200000151991844 0.015564999543130398
			vertex 0 0 0
		endloop
	endfacet
	facet normal 0 0 0
		outer loop
			vertex 0 0 0
			vertex 0 0 0
			vertex -0.03696337714791298 0.02370000071823597 0.0035649999044835567
		endloop
	endfacet
	facet normal 1 0 0
		outer loop
			vertex -0.03696337714791298 0.02070000022649765 -0.008434999734163284
			vertex -0.03696337714791298 0.016389979049563408 -0.005355823785066605
			vertex -0.03696337714791298 0.016297467052936554 -0.005389731843024492
		endloop
	endfacet
	facet normal 1 0 0
		outer loop
			vertex -0.03696337714791298 0.02070000022649765 -0.008434999734163284
			vertex -0.03696337714791298 0.016478704288601875 -0.005312975496053696
			vertex -0.03696337714791298 0.016389979049563408 -0.005355823785066605
		endloop
	endfacet
	facet normal 1 0 0
		outer loop
			vertex -0.03696337714791298 0.02070000022649765 -0.008434999734163284
			vertex -0.03696337714791298 0.01656278409063816 -0.005261604208499193
			vertex -0.03696337714791298 0.016478704288601875 -0.005312975496053696
		endloop
	endfacet
	facet normal 1 0 0
		outer loop
			vertex -0.03696337714791298 0.02070000022649765 -0.008434999734163284
			vertex -0.03696337714791298 0.016641398891806602 -0.005202207714319229
			vertex -0.03696337714791298 0.01656278409063816 -0.005261604208499193
		endloop
	endfacet
	facet normal 1 0 0
		outer loop
			vertex -0.03696337714791298 0.02070000022649765 -0.008434999734163284
			vertex -0.03696337714791298 0.016713786870241165 -0.005135362967848778
			vertex -0.03696337714791298 0.016641398891806602 -0.005202207714319229
		endloop
	endfacet
	facet normal 1 0 0
		outer loop
			vertex -0.03696337714791298 0.02070000022649765 -0.008434999734163284
			vertex -0.03696337714791298 0.01677924580872059 -0.005061719100922346
			vertex -0.03696337714791298 0.016713786870241165 -0.005135362967848778
		endloop
	endfacet
	facet normal 1 0 0
		outer loop
			vertex -0.03696337714791298 0.02070000022649765 -0.008434999734163284
			vertex -0.03696337714791298 0.016837138682603836 -0.0049819909036159515
			vertex -0.03696337714791298 0.01677924580872059 -0.005061719100922346
		endloop
	endfacet
	facet normal 1 0 0
		outer loop
			vertex -0.03696337714791298 0.02070000022649765 -0.008434999734163284
			vertex -0.03696337714791298 0.01688690483570099 -0.0048969523049890995
			vertex -0.03696337714791298 0.016837138682603836 -0.0049819909036159515
		endloop
	endfacet
	facet normal 1 0 0
		outer loop
			vertex -0.03696337714791298 0.02070000022649765 -0.008434999734163284
			vertex -0.03696337714791298 0.016928059980273247 -0.004807428922504187
			vertex -0.03696337714791298 0.01688690483570099 -0.0048969523049890995
		endloop
	endfacet
	facet normal 1 0 0
		outer loop
			vertex -0.03696337714791298 0.02070000022649765 -0.008434999734163284
			vertex -0.03696337714791298 0.016960207372903824 -0.0047142901457846165
			vertex -0.03696337714791298 0.016928059980273247 -0.004807428922504187
		endloop
	endfacet
	facet normal 1 0 0
		outer loop
			vertex -0.03696337714791298 0.02070000022649765 -0.008434999734163284
			vertex -0.03696337714791298 0.01698303036391735 -0.004618439823389053
			vertex -0.03696337714791298 0.016960207372903824 -0.0047142901457846165
		endloop
	endfacet
	facet normal 1 0 0
		outer loop
			vertex -0.03696337714791298 0.02070000022649765 -0.008434999734163284
			vertex -0.03696337714791298 0.016996311023831367 -0.004520808812230825
			vertex -0.03696337714791298 0.01698303036391735 -0.004618439823389053
		endloop
	endfacet
	facet normal 1 0 0
		outer loop
			vertex -0.03696337714791298 0.02070000022649765 -0.008434999734163284
			vertex -0.03696337714791298 0.016999920830130577 -0.004422344267368317
			vertex -0.03696337714791298 0.016996311023831367 -0.004520808812230825
		endloop
	endfacet
	facet normal 1 0 0
		outer loop
			vertex -0.03696337714791298 0.02070000022649765 -0.008434999734163284
			vertex -0.03696337714791298 0.016993820667266846 -0.004324003122746944
			vertex -0.03696337714791298 0.016999920830130577 -0.004422344267368317
		endloop
	endfacet
	facet normal 1 0 0
		outer loop
			vertex -0.03696337714791298 0.020707223564386368 -0.00858202576637268
			vertex -0.03696337714791298 0.016297467052936554 -0.005389731843024492
			vertex -0.03696337714791298 0.016202067956328392 -0.005414371378719807
		endloop
	endfacet
	facet normal 1 0 0
		outer loop
			vertex -0.03696337714791298 0.020707223564386368 -0.00858202576637268
			vertex -0.03696337714791298 0.02070000022649765 -0.008434999734163284
			vertex -0.03696337714791298 0.016297467052936554 -0.005389731843024492
		endloop
	endfacet
	facet normal 1 0 0
		outer loop
			vertex -0.03696337714791298 0.02072882279753685 -0.008727635256946087
			vertex -0.03696337714791298 0.016202067956328392 -0.005414371378719807
			vertex -0.03696337714791298 0.01610470563173294 -0.005429503042250872
		endloop
	endfacet
	facet normal 1 0 0
		outer loop
			vertex -0.03696337714791298 0.02072882279753685 -0.008727635256946087
			vertex -0.03696337714791298 0.020707223564386368 -0.00858202576637268
			vertex -0.03696337714791298 0.016202067956328392 -0.005414371378719807
		endloop
	endfacet
	facet normal 1 0 0
		outer loop
			vertex -0.03696337714791298 0.020764589309692383 -0.008870426565408707
			vertex -0.03696337714791298 0.02072882279753685 -0.008727635256946087
			vertex -0.03696337714791298 0.01610470563173294 -0.005429503042250872
		endloop
	endfacet
	facet normal 1 0 0
		outer loop
			vertex -0.03696337714791298 0.020764589309692383 -0.008870426565408707
			vertex -0.03696337714791298 0.01610470563173294 -0.005429503042250872
			vertex -0.03696337714791298 0.01600632816553116 -0.005434980150312185
		endloop
	endfacet
	facet normal 1 0 0
		outer loop
			vertex -0.03696337714791298 0.020814180374145508 -0.009009025059640408
			vertex -0.03696337714791298 0.01600632816553116 -0.005434980150312185
			vertex -0.03696337714791298 0.01590788923203945 -0.00543074868619442
		endloop
	endfacet
	facet normal 1 0 0
		outer loop
			vertex -0.03696337714791298 0.020814180374145508 -0.009009025059640408
			vertex -0.03696337714791298 0.020764589309692383 -0.008870426565408707
			vertex -0.03696337714791298 0.01600632816553116 -0.005434980150312185
		endloop
	endfacet
	facet normal 1 0 0
		outer loop
			vertex -0.03696337714791298 0.020877117291092873 -0.009142095223069191
			vertex -0.03696337714791298 0.01590788923203945 -0.00543074868619442
			vertex -0.03696337714791298 0.015810342505574226 -0.005416850559413433
		endloop
	endfacet
	facet normal 1 0 0
		outer loop
			vertex -0.03696337714791298 0.020877117291092873 -0.009142095223069191
			vertex -0.03696337714791298 0.020814180374145508 -0.009009025059640408
			vertex -0.03696337714791298 0.01590788923203945 -0.00543074868619442
		endloop
	endfacet
	facet normal 1 0 0
		outer loop
			vertex -0.03696337714791298 0.020952794700860977 -0.009268355555832386
			vertex -0.03696337714791298 0.015810342505574226 -0.005416850559413433
			vertex -0.03696337714791298 0.01571463979780674 -0.005393420346081257
		endloop
	endfacet
	facet normal 1 0 0
		outer loop
			vertex -0.03696337714791298 0.020952794700860977 -0.009268355555832386
			vertex -0.03696337714791298 0.020877117291092873 -0.009142095223069191
			vertex -0.03696337714791298 0.015810342505574226 -0.005416850559413433
		endloop
	endfacet
	facet normal 0.13430479822391136 0.5893260642524036 0.7966536331222035
		outer loop
			vertex -0.03696337714791298 0.020952794700860977 -0.009268355555832386
			vertex -0.03696337714791298 0.01571463979780674 -0.005393420346081257
			vertex 0 0 0
		endloop
	endfacet
	facet normal 0.2925450171251337 0.7680650248114685 0.5696433363224865
		outer loop
			vertex -0.03696337714791298 0.021040484309196472 -0.009386589750647545
			vertex -0.03696337714791298 0.020952794700860977 -0.009268355555832386
			vertex 0 0 0
		endloop
	endfacet
	facet normal 0.24365618583622678 0.7186171540675895 0.6513225383660085
		outer loop
			vertex -0.03696337714791298 0.021139340475201607 -0.009495659731328487
			vertex -0.03696337714791298 0.021040484309196472 -0.009386589750647545
			vertex 0 0 0
		endloop
	endfacet
	facet normal 0.19018792227669154 0.6593078399688327 0.7274212853468801
		outer loop
			vertex -0.03696337714791298 0.021248409524559975 -0.009594515897333622
			vertex -0.03696337714791298 0.021139340475201607 -0.009495659731328487
			vertex 0 0 0
		endloop
	endfacet
	facet normal 0.1327635080573012 0.5904239851647618 0.7960988435304251
		outer loop
			vertex -0.03696337714791298 0.021366644650697708 -0.009682204574346542
			vertex -0.03696337714791298 0.021248409524559975 -0.009594515897333622
			vertex 0 0 0
		endloop
	endfacet
	facet normal 0.4071468945987417 0.3101825847446259 -0.8590798393279545
		outer loop
			vertex -0.03696337714791298 0.02149290405213833 -0.009757881984114647
			vertex 0 0 0
			vertex -0.03696337714791298 0.003000000026077032 -0.01643499918282032
		endloop
	endfacet
	facet normal 0.07231453732323019 0.5127589375218484 0.8554816653109477
		outer loop
			vertex -0.03696337714791298 0.02149290405213833 -0.009757881984114647
			vertex -0.03696337714791298 0.021366644650697708 -0.009682204574346542
			vertex 0 0 0
		endloop
	endfacet
	facet normal 1 0 0
		outer loop
			vertex -0.03696337714791298 0.021625975146889687 -0.009820818901062012
			vertex -0.03696337714791298 0.02149290405213833 -0.009757881984114647
			vertex -0.03696337714791298 0.003000000026077032 -0.01643499918282032
		endloop
	endfacet
	facet normal -0.5459307413255946 -0.8368209901499745 0.04111272455217777
		outer loop
			vertex 0 0 0
			vertex -0.03696337714791298 0.02370000071823597 -0.008434999734163284
			vertex -0.03696337714791298 0.023692777380347252 -0.00858202576637268
		endloop
	endfacet
	facet normal -0.5555305458946739 -0.8224963524011937 0.12200640501505296
		outer loop
			vertex 0 0 0
			vertex -0.03696337714791298 0.023692777380347252 -0.00858202576637268
			vertex -0.03696337714791298 0.02367117814719677 -0.008727635256946087
		endloop
	endfacet
	facet normal -0.5615037404000721 -0.8026744904486985 0.2010651931579674
		outer loop
			vertex 0 0 0
			vertex -0.03696337714791298 0.02367117814719677 -0.008727635256946087
			vertex -0.03696337714791298 0.023635409772396088 -0.008870426565408707
		endloop
	endfacet
	facet normal -0.5639441841248579 -0.7775397214475283 0.2782066475896087
		outer loop
			vertex 0 0 0
			vertex -0.03696337714791298 0.023635409772396088 -0.008870426565408707
			vertex -0.03696337714791298 0.023585818707942963 -0.009009025059640408
		endloop
	endfacet
	facet normal -0.5628923360829312 -0.7471757420352584 0.3533845334662534
		outer loop
			vertex 0 0 0
			vertex -0.03696337714791298 0.023585818707942963 -0.009009025059640408
			vertex -0.03696337714791298 0.023522881790995598 -0.009142095223069191
		endloop
	endfacet
	facet normal -0.5583305191670447 -0.7115879152535759 0.42650869889338483
		outer loop
			vertex 0 0 0
			vertex -0.03696337714791298 0.023522881790995598 -0.009142095223069191
			vertex -0.03696337714791298 0.023447204381227493 -0.009268355555832386
		endloop
	endfacet
	facet normal -0.550185110958955 -0.6707094715903638 0.49743858756439224
		outer loop
			vertex 0 0 0
			vertex -0.03696337714791298 0.023447204381227493 -0.009268355555832386
			vertex -0.03696337714791298 0.023359514772892 -0.009386589750647545
		endloop
	endfacet
	facet normal 0 0 0
		outer loop
			vertex 0 0 0
			vertex 0 0 0
			vertex -0.03696337714791298 0.02370000071823597 -0.008434999734163284
		endloop
	endfacet
	facet normal 0 0 0
		outer loop
			vertex 0 0 0
			vertex -0.03696337714791298 0.03200000151991844 0.015564999543130398
			vertex 0 0 0
		endloop
	endfacet
	facet normal 0 0 0
		outer loop
			vertex 0 0 0
			vertex 0 0 0
			vertex 0 0 0
		endloop
	endfacet
	facet normal -0.5383319390414683 -0.624426631603773 0.5659417860096734
		outer loop
			vertex 0 0 0
			vertex -0.03696337714791298 0.023359514772892 -0.009386589750647545
			vertex -0.03696337714791298 0.023260660469532013 -0.009495659731328487
		endloop
	endfacet
	facet normal -0.522591474455037 -0.5725600683574721 0.6317223432406025
		outer loop
			vertex 0 0 0
			vertex -0.03696337714791298 0.023260660469532013 -0.009495659731328487
			vertex -0.03696337714791298 0.023151589557528496 -0.009594515897333622
		endloop
	endfacet
	facet normal -0.5027498728808788 -0.514939724420208 0.6943195557755093
		outer loop
			vertex 0 0 0
			vertex -0.03696337714791298 0.023151589557528496 -0.009594515897333622
			vertex -0.03696337714791298 0.023033354431390762 -0.009682204574346542
		endloop
	endfacet
	facet normal -0.47856669068660235 -0.4514104524090176 0.753128492371096
		outer loop
			vertex 0 0 0
			vertex -0.03696337714791298 0.023033354431390762 -0.009682204574346542
			vertex -0.03696337714791298 0.022907095029950142 -0.009757881984114647
		endloop
	endfacet
	facet normal -0.44978966352701305 -0.38186350319963525 0.8073843716027447
		outer loop
			vertex 0 0 0
			vertex -0.03696337714791298 0.022907095029950142 -0.009757881984114647
			vertex -0.03696337714791298 0.022774025797843933 -0.009820818901062012
		endloop
	endfacet
	facet normal -0.41619852322687845 -0.3063269051144524 0.8561206786819058
		outer loop
			vertex 0 0 0
			vertex -0.03696337714791298 0.022774025797843933 -0.009820818901062012
			vertex -0.03696337714791298 0.022635426372289658 -0.009870410896837711
		endloop
	endfacet
	facet normal -0.37762888851364845 -0.2249910760744393 0.8982067903588864
		outer loop
			vertex 0 0 0
			vertex -0.03696337714791298 0.022635426372289658 -0.009870410896837711
			vertex -0.03696337714791298 0.022492635995149612 -0.009906178340315819
		endloop
	endfacet
	facet normal -0.33402802049524594 -0.138296698312504 0.9323622175742045
		outer loop
			vertex 0 0 0
			vertex -0.03696337714791298 0.022492635995149612 -0.009906178340315819
			vertex -0.03696337714791298 0.02234702557325363 -0.009927776642143726
		endloop
	endfacet
	facet normal -0.2855248859897611 -0.04702772707498188 0.9572167635215625
		outer loop
			vertex 0 0 0
			vertex -0.03696337714791298 0.02234702557325363 -0.009927776642143726
			vertex -0.03696337714791298 0.022199999541044235 -0.009934999980032444
		endloop
	endfacet
	facet normal -0.23243877451138814 0.04772647752276617 0.971439344193405
		outer loop
			vertex 0 0 0
			vertex -0.03696337714791298 0.022199999541044235 -0.009934999980032444
			vertex -0.03696337714791298 0.02205297350883484 -0.009927776642143726
		endloop
	endfacet
	facet normal -0.1753772437322239 0.14445184404217887 0.9738462338242637
		outer loop
			vertex 0 0 0
			vertex -0.03696337714791298 0.02205297350883484 -0.009927776642143726
			vertex -0.03696337714791298 0.021907364949584007 -0.009906178340315819
		endloop
	endfacet
	facet normal 0 0 0
		outer loop
			vertex 0 0 0
			vertex 0 0 0
			vertex -0.03696337714791298 0.023359514772892 -0.009386589750647545
		endloop
	endfacet
	facet normal -0.11518806518558589 0.2413618750445448 0.9635746753177892
		outer loop
			vertex 0 0 0
			vertex -0.03696337714791298 0.021907364949584007 -0.009906178340315819
			vertex -0.03696337714791298 0.021764572709798813 -0.009870410896837711
		endloop
	endfacet
	facet normal -0.05297831987793181 0.33642272905959963 0.9402196791149411
		outer loop
			vertex 0 0 0
			vertex -0.03696337714791298 0.021764572709798813 -0.009870410896837711
			vertex -0.03696337714791298 0.021625975146889687 -0.009820818901062012
		endloop
	endfacet
	facet normal 0 0 0
		outer loop
			vertex 0 0 0
			vertex 0 0 0
			vertex 0 0 0
		endloop
	endfacet
	facet normal -0.40744253807985287 -0.3055970533854258 0.8605817910722914
		outer loop
			vertex 0 0 0
			vertex -0.03696337714791298 0.021625975146889687 -0.009820818901062012
			vertex -0.03696337714791298 0.003000000026077032 -0.01643499918282032
		endloop
	endfacet
	facet normal 0.4062794837380729 0 -0.9137488610627786
		outer loop
			vertex -0.03696337714791298 0.03200000151991844 -0.01643499918282032
			vertex 0 0 0
			vertex -0.03696337714791298 0.003000000026077032 -0.01643499918282032
		endloop
	endfacet
	facet normal 0 0 0
		outer loop
			vertex -0.03696337714791298 0.03200000151991844 -0.01643499918282032
			vertex 0 0 0
			vertex 0 0 0
		endloop
	endfacet
	facet normal 0.6545224980591988 0.7560425249510416 0
		outer loop
			vertex -0.03696337714791298 0.03200000151991844 -0.01643499918282032
			vertex -0.03696337714791298 0.03200000151991844 0.015564999543130398
			vertex 0 0 0
		endloop
	endfacet
	facet normal -0.5397553457906141 -0.8418219328875047 0
		outer loop
			vertex -0.03696337714791298 0.02370000071823597 0.0035649999044835567
			vertex -0.03696337714791298 0.02370000071823597 -0.008434999734163284
			vertex 0 0 0
		endloop
	endfacet
	facet normal 1 0 0
		outer loop
			vertex -0.03696337714791298 0.02070000022649765 -0.008434999734163284
			vertex -0.03696337714791298 0.02070000022649765 0.0035649999044835567
			vertex -0.03696337714791298 0.016993820667266846 -0.004324003122746944
		endloop
	endfacet
	facet normal 1 0 0
		outer loop
			vertex -0.03696337714791298 0.016993820667266846 -0.004324003122746944
			vertex -0.03696337714791298 0.02070000022649765 0.0035649999044835567
			vertex -0.03696337714791298 0.016978073865175247 -0.004226739052683115
		endloop
	endfacet
	facet normal 1 0 0
		outer loop
			vertex -0.03696337714791298 0.016978073865175247 -0.004226739052683115
			vertex -0.03696337714791298 0.02070000022649765 0.0035649999044835567
			vertex -0.03696337714791298 0.01695283129811287 -0.004131496883928776
		endloop
	endfacet
	facet normal 1 0 0
		outer loop
			vertex -0.03696337714791298 0.01695283129811287 -0.004131496883928776
			vertex -0.03696337714791298 0.02070000022649765 0.0035649999044835567
			vertex -0.03696337714791298 0.01691833697259426 -0.00403920141980052
		endloop
	endfacet
	facet normal 1 0 0
		outer loop
			vertex -0.03696337714791298 0.01691833697259426 -0.00403920141980052
			vertex -0.03696337714791298 0.02070000022649765 0.0035649999044835567
			vertex -0.03696337714791298 0.016874928027391434 -0.0039507485926151276
		endloop
	endfacet
	facet normal 1 0 0
		outer loop
			vertex -0.03696337714791298 0.016874928027391434 -0.0039507485926151276
			vertex -0.03696337714791298 0.02070000022649765 0.0035649999044835567
			vertex -0.03696337714791298 0.016823025420308113 -0.0038669968489557505
		endloop
	endfacet
	facet normal 1 0 0
		outer loop
			vertex -0.03696337714791298 0.016823025420308113 -0.0038669968489557505
			vertex -0.03696337714791298 0.02070000022649765 0.0035649999044835567
			vertex -0.03696337714791298 0.01676313392817974 -0.003788759233430028
		endloop
	endfacet
	facet normal 0 0 -1
		outer loop
			vertex 0.03503661975264549 0.003828427055850625 0.015564999543130398
			vertex 0.03703662008047104 0.003000000026077032 0.015564999543130398
			vertex 0.03403662145137787 0 0.015564999543130398
		endloop
	endfacet
	facet normal 0 0 -1
		outer loop
			vertex 0.03503661975264549 0.003828427055850625 0.015564999543130398
			vertex 0.03403662145137787 0 0.015564999543130398
			vertex 0.03320819512009621 0.0020000000949949026 0.015564999543130398
		endloop
	endfacet
	facet normal 0 0 -1
		outer loop
			vertex 0.03503661975264549 0.03117157332599163 0.015564999543130398
			vertex 0.03703662008047104 0.03200000151991844 0.015564999543130398
			vertex 0.03703662008047104 0.003000000026077032 0.015564999543130398
		endloop
	endfacet
	facet normal 0 0 -1
		outer loop
			vertex 0.03503661975264549 0.03117157332599163 0.015564999543130398
			vertex 0.03703662008047104 0.003000000026077032 0.015564999543130398
			vertex 0.03503661975264549 0.003828427055850625 0.015564999543130398
		endloop
	endfacet
	facet normal 0 0 -1
		outer loop
			vertex 0.03403662145137787 0.03500000014901161 0.015564999543130398
			vertex 0.03503661975264549 0.03117157332599163 0.015564999543130398
			vertex 0.03320819512009621 0.032999999821186066 0.015564999543130398
		endloop
	endfacet
	facet normal 0 0 -1
		outer loop
			vertex 0.03403662145137787 0.03500000014901161 0.015564999543130398
			vertex 0.03703662008047104 0.03200000151991844 0.015564999543130398
			vertex 0.03503661975264549 0.03117157332599163 0.015564999543130398
		endloop
	endfacet
	facet normal 0 0 -1
		outer loop
			vertex -0.03313495218753815 0.0020000000949949026 0.015564999543130398
			vertex 0.03403662145137787 0 0.015564999543130398
			vertex -0.03396337851881981 0 0.015564999543130398
		endloop
	endfacet
	facet normal 0 0 -1
		outer loop
			vertex -0.03313495218753815 0.0020000000949949026 0.015564999543130398
			vertex 0.03320819512009621 0.0020000000949949026 0.015564999543130398
			vertex 0.03403662145137787 0 0.015564999543130398
		endloop
	endfacet
	facet normal 0 0 -1
		outer loop
			vertex -0.03696337714791298 0.003000000026077032 0.015564999543130398
			vertex -0.03496337682008743 0.003828427055850625 0.015564999543130398
			vertex -0.03313495218753815 0.0020000000949949026 0.015564999543130398
		endloop
	endfacet
	facet normal 0 0 -1
		outer loop
			vertex -0.03696337714791298 0.003000000026077032 0.015564999543130398
			vertex -0.03313495218753815 0.0020000000949949026 0.015564999543130398
			vertex -0.03396337851881981 0 0.015564999543130398
		endloop
	endfacet
	facet normal 0 0 -1
		outer loop
			vertex -0.03396337851881981 0.03500000014901161 0.015564999543130398
			vertex 0.03320819512009621 0.032999999821186066 0.015564999543130398
			vertex -0.03313495218753815 0.032999999821186066 0.015564999543130398
		endloop
	endfacet
	facet normal 0 0 -1
		outer loop
			vertex -0.03396337851881981 0.03500000014901161 0.015564999543130398
			vertex 0.03403662145137787 0.03500000014901161 0.015564999543130398
			vertex 0.03320819512009621 0.032999999821186066 0.015564999543130398
		endloop
	endfacet
	facet normal 0 0 -1
		outer loop
			vertex -0.03696337714791298 0.03200000151991844 0.015564999543130398
			vertex -0.03313495218753815 0.032999999821186066 0.015564999543130398
			vertex -0.03496337682008743 0.03117157332599163 0.015564999543130398
		endloop
	endfacet
	facet normal 0 0 -1
		outer loop
			vertex -0.03696337714791298 0.03200000151991844 0.015564999543130398
			vertex -0.03496337682008743 0.03117157332599163 0.015564999543130398
			vertex -0.03496337682008743 0.003828427055850625 0.015564999543130398
		endloop
	endfacet
	facet normal 0 0 -1
		outer loop
			vertex -0.03696337714791298 0.03200000151991844 0.015564999543130398
			vertex -0.03496337682008743 0.003828427055850625 0.015564999543130398
			vertex -0.03696337714791298 0.003000000026077032 0.015564999543130398
		endloop
	endfacet
	facet normal 0 0 -1
		outer loop
			vertex -0.03696337714791298 0.03200000151991844 0.015564999543130398
			vertex -0.03396337851881981 0.03500000014901161 0.015564999543130398
			vertex -0.03313495218753815 0.032999999821186066 0.015564999543130398
		endloop
	endfacet
	facet normal 0 0 0
		outer loop
			vertex 0 0 0
			vertex 0 0 0
			vertex 0 0 0
		endloop
	endfacet
	facet normal 0 0 0
		outer loop
			vertex 0 0 0
			vertex 0 0 0
			vertex 0 0 0
		endloop
	endfacet
	facet normal 0 0 0
		outer loop
			vertex 0 0 0
			vertex 0 0 0
			vertex 0.03703662008047104 0.003000000026077032 -0.01643499918282032
		endloop
	endfacet
	facet normal 0 0 0
		outer loop
			vertex 0 0 0
			vertex 0 0 0
			vertex 0 0 0
		endloop
	endfacet
	facet normal 0 0 0
		outer loop
			vertex 0 0 0
			vertex 0 0 0
			vertex 0 0 0
		endloop
	endfacet
	facet normal 0 0 0
		outer loop
			vertex 0 0 0
			vertex 0 0 0
			vertex 0 0 0
		endloop
	endfacet
	facet normal 0 0 0
		outer loop
			vertex 0 0 0
			vertex 0 0 0
			vertex 0 0 0
		endloop
	endfacet
	facet normal 0 0 0
		outer loop
			vertex 0 0 0
			vertex 0 0 0
			vertex 0.03703662008047104 0.003000000026077032 -0.01643499918282032
		endloop
	endfacet
	facet normal 0 0 0
		outer loop
			vertex 0 0 0
			vertex 0 0 0
			vertex 0 0 0
		endloop
	endfacet
	facet normal 0 0 0
		outer loop
			vertex 0 0 0
			vertex 0 0 0
			vertex 0 0 0
		endloop
	endfacet
	facet normal 0 0 0
		outer loop
			vertex 0 0 0
			vertex 0 0 0
			vertex 0 0 0
		endloop
	endfacet
	facet normal 0 0 0
		outer loop
			vertex 0 0 0
			vertex 0 0 0
			vertex 0 0 0
		endloop
	endfacet
	facet normal -0.40363292736318773 0.34835597536073293 -0.8460074316332546
		outer loop
			vertex 0.03703662008047104 0.019999999552965164 -0.009434999898076057
			vertex 0.03703662008047104 0.003000000026077032 -0.01643499918282032
			vertex 0 0 0
		endloop
	endfacet
	facet normal 0 0 0
		outer loop
			vertex 0.03703662008047104 0.019999999552965164 -0.009434999898076057
			vertex 0 0 0
			vertex 0 0 0
		endloop
	endfacet
	facet normal 0 0 0
		outer loop
			vertex 0.03703662008047104 0.019999999552965164 -0.009434999898076057
			vertex 0 0 0
			vertex 0 0 0
		endloop
	endfacet
	facet normal 0 0 0
		outer loop
			vertex 0 0 0
			vertex 0 0 0
			vertex 0 0 0
		endloop
	endfacet
	facet normal 0 0 0
		outer loop
			vertex 0 0 0
			vertex 0 0 0
			vertex 0 0 0
		endloop
	endfacet
	facet normal 0 0 0
		outer loop
			vertex 0 0 0
			vertex 0 0 0
			vertex 0 0 0
		endloop
	endfacet
	facet normal 0 0 0
		outer loop
			vertex 0 0 0
			vertex 0 0 0
			vertex 0 0 0
		endloop
	endfacet
	facet normal 0 0 0
		outer loop
			vertex 0 0 0
			vertex 0 0 0
			vertex 0 0 0
		endloop
	endfacet
	facet normal 0 0 0
		outer loop
			vertex 0 0 0
			vertex 0.03703662008047104 0.019999999552965164 -0.009434999898076057
			vertex 0 0 0
		endloop
	endfacet
	facet normal 0.40363292736318773 -0.34835597536073293 0.8460074316332546
		outer loop
			vertex 0 0 0
			vertex 0.03703662008047104 0.003000000026077032 -0.01643499918282032
			vertex 0.03703662008047104 0.019999999552965164 -0.009434999898076057
		endloop
	endfacet
	facet normal 0 0 0
		outer loop
			vertex 0 0 0
			vertex 0 0 0
			vertex 0 0 0
		endloop
	endfacet
	facet normal 0 0 0
		outer loop
			vertex 0 0 0
			vertex 0 0 0
			vertex 0 0 0
		endloop
	endfacet
	facet normal 0 0 0
		outer loop
			vertex 0 0 0
			vertex 0 0 0
			vertex 0 0 0
		endloop
	endfacet
	facet normal 0 0 0
		outer loop
			vertex 0 0 0
			vertex 0.03703662008047104 0.019999999552965164 -0.009434999898076057
			vertex 0 0 0
		endloop
	endfacet
	facet normal 0 0 0
		outer loop
			vertex 0 0 0
			vertex 0 0 0
			vertex 0 0 0
		endloop
	endfacet
	facet normal 0 0 0
		outer loop
			vertex 0 0 0
			vertex 0 0 0
			vertex 0 0 0
		endloop
	endfacet
	facet normal -0.40560832455337087 0 -0.9140469829571166
		outer loop
			vertex 0.03703662008047104 0.03200000151991844 -0.01643499918282032
			vertex 0.03703662008047104 0.003000000026077032 -0.01643499918282032
			vertex 0 0 0
		endloop
	endfacet
	facet normal 0 0 0
		outer loop
			vertex 0 0 0
			vertex 0 0 0
			vertex 0 0 0
		endloop
	endfacet
	facet normal 0 0 0
		outer loop
			vertex 0 0 0
			vertex 0 0 0
			vertex 0 0 0
		endloop
	endfacet
	facet normal 0 0 0
		outer loop
			vertex 0 0 0
			vertex 0 0 0
			vertex 0 0 0
		endloop
	endfacet
	facet normal 0 0 0
		outer loop
			vertex 0 0 0
			vertex 0 0 0
			vertex 0 0 0
		endloop
	endfacet
	facet normal 0 0 0
		outer loop
			vertex 0 0 0
			vertex 0 0 0
			vertex 0 0 0
		endloop
	endfacet
	facet normal 0 0 0
		outer loop
			vertex 0 0 0
			vertex 0 0 0
			vertex 0 0 0
		endloop
	endfacet
	facet normal 0.08073648362597909 -0.9967354815655517 0
		outer loop
			vertex 0.03703662008047104 0.003000000026077032 0.015564999543130398
			vertex 0 0 0
			vertex 0.03703662008047104 0.003000000026077032 -0.01643499918282032
		endloop
	endfacet
	facet normal 0 0 0
		outer loop
			vertex 0.03703662008047104 0.003000000026077032 0.015564999543130398
			vertex 0 0 0
			vertex 0 0 0
		endloop
	endfacet
	facet normal -0.5113779243048607 0.7445581782600186 -0.42909875054557634
		outer loop
			vertex 0.036036621779203415 0.02449999935925007 -0.0004349999944679439
			vertex 0.03703662008047104 0.019999999552965164 -0.009434999898076057
			vertex 0 0 0
		endloop
	endfacet
	facet normal -0.5273122215268563 0.7815336719399786 0.3333870733133274
		outer loop
			vertex 0.036036621779203415 0.02449999935925007 -0.0004349999944679439
			vertex 0.03703662008047104 0.03200000151991844 -0.01643499918282032
			vertex 0 0 0
		endloop
	endfacet
	facet normal 0 0 0
		outer loop
			vertex 0 0 0
			vertex 0 0 0
			vertex 0 0 0
		endloop
	endfacet
	facet normal 0 0 0
		outer loop
			vertex 0 0 0
			vertex 0 0 0
			vertex 0 0 0
		endloop
	endfacet
	facet normal 0 0 0
		outer loop
			vertex 0 0 0
			vertex 0 0 0
			vertex 0 0 0
		endloop
	endfacet
	facet normal 0 0 0
		outer loop
			vertex 0 0 0
			vertex 0 0 0
			vertex 0.03703662008047104 0.003000000026077032 0.015564999543130398
		endloop
	endfacet
	facet normal 0 0 0
		outer loop
			vertex 0 0 0
			vertex 0.036036621779203415 0.02449999935925007 -0.0004349999944679439
			vertex 0 0 0
		endloop
	endfacet
	facet normal 0 0 0
		outer loop
			vertex 0 0 0
			vertex 0 0 0
			vertex 0 0 0
		endloop
	endfacet
	facet normal 0 0 0
		outer loop
			vertex 0 0 0
			vertex 0 0 0
			vertex 0 0 0
		endloop
	endfacet
	facet normal -0.387436005987933 0 0.9218966000935888
		outer loop
			vertex 0.03703662008047104 0.03200000151991844 0.015564999543130398
			vertex 0 0 0
			vertex 0.03703662008047104 0.003000000026077032 0.015564999543130398
		endloop
	endfacet
	facet normal -0.5331701816879928 0.7783444438791082 -0.3315259930100725
		outer loop
			vertex 0.03703662008047104 0.03200000151991844 0.015564999543130398
			vertex 0.036036621779203415 0.02449999935925007 -0.0004349999944679439
			vertex 0 0 0
		endloop
	endfacet
	facet normal -0.9912279350824683 0.13216346209200938 0
		outer loop
			vertex 0.03703662008047104 0.03200000151991844 0.015564999543130398
			vertex 0.03703662008047104 0.03200000151991844 -0.01643499918282032
			vertex 0.036036621779203415 0.02449999935925007 -0.0004349999944679439
		endloop
	endfacet
	facet normal 0 0 1
		outer loop
			vertex -0.03313495218753815 0.0020000000949949026 -0.01643499918282032
			vertex -0.03696337714791298 0.003000000026077032 -0.01643499918282032
			vertex -0.03396337851881981 0 -0.01643499918282032
		endloop
	endfacet
	facet normal 0 0 1
		outer loop
			vertex -0.03313495218753815 0.0020000000949949026 -0.01643499918282032
			vertex -0.03496337682008743 0.003828427055850625 -0.01643499918282032
			vertex -0.03696337714791298 0.003000000026077032 -0.01643499918282032
		endloop
	endfacet
	facet normal 0 0 1
		outer loop
			vertex -0.03496337682008743 0.03117157332599163 -0.01643499918282032
			vertex -0.03696337714791298 0.03200000151991844 -0.01643499918282032
			vertex -0.03696337714791298 0.003000000026077032 -0.01643499918282032
		endloop
	endfacet
	facet normal 0 0 1
		outer loop
			vertex -0.03496337682008743 0.03117157332599163 -0.01643499918282032
			vertex -0.03696337714791298 0.003000000026077032 -0.01643499918282032
			vertex -0.03496337682008743 0.003828427055850625 -0.01643499918282032
		endloop
	endfacet
	facet normal 0 0 1
		outer loop
			vertex -0.03396337851881981 0.03500000014901161 -0.01643499918282032
			vertex -0.03496337682008743 0.03117157332599163 -0.01643499918282032
			vertex -0.03313495218753815 0.032999999821186066 -0.01643499918282032
		endloop
	endfacet
	facet normal 0 0 1
		outer loop
			vertex -0.03396337851881981 0.03500000014901161 -0.01643499918282032
			vertex -0.03696337714791298 0.03200000151991844 -0.01643499918282032
			vertex -0.03496337682008743 0.03117157332599163 -0.01643499918282032
		endloop
	endfacet
	facet normal 0 0 1
		outer loop
			vertex 0.03320819512009621 0.0020000000949949026 -0.01643499918282032
			vertex -0.03396337851881981 0 -0.01643499918282032
			vertex 0.03403662145137787 0 -0.01643499918282032
		endloop
	endfacet
	facet normal 0 0 1
		outer loop
			vertex 0.03320819512009621 0.0020000000949949026 -0.01643499918282032
			vertex -0.03313495218753815 0.0020000000949949026 -0.01643499918282032
			vertex -0.03396337851881981 0 -0.01643499918282032
		endloop
	endfacet
	facet normal 0 0 1
		outer loop
			vertex 0.03703662008047104 0.003000000026077032 -0.01643499918282032
			vertex 0.03503661975264549 0.003828427055850625 -0.01643499918282032
			vertex 0.03320819512009621 0.0020000000949949026 -0.01643499918282032
		endloop
	endfacet
	facet normal 0 0 1
		outer loop
			vertex 0.03703662008047104 0.003000000026077032 -0.01643499918282032
			vertex 0.03320819512009621 0.0020000000949949026 -0.01643499918282032
			vertex 0.03403662145137787 0 -0.01643499918282032
		endloop
	endfacet
	facet normal 0 0 1
		outer loop
			vertex 0.03703662008047104 0.03200000151991844 -0.01643499918282032
			vertex 0.03503661975264549 0.03117157332599163 -0.01643499918282032
			vertex 0.03503661975264549 0.003828427055850625 -0.01643499918282032
		endloop
	endfacet
	facet normal 0 0 1
		outer loop
			vertex 0.03703662008047104 0.03200000151991844 -0.01643499918282032
			vertex 0.03503661975264549 0.003828427055850625 -0.01643499918282032
			vertex 0.03703662008047104 0.003000000026077032 -0.01643499918282032
		endloop
	endfacet
	facet normal 0 0 1
		outer loop
			vertex 0.03403662145137787 0.03500000014901161 -0.01643499918282032
			vertex -0.03313495218753815 0.032999999821186066 -0.01643499918282032
			vertex 0.03320819512009621 0.032999999821186066 -0.01643499918282032
		endloop
	endfacet
	facet normal 0 0 1
		outer loop
			vertex 0.03403662145137787 0.03500000014901161 -0.01643499918282032
			vertex 0.03320819512009621 0.032999999821186066 -0.01643499918282032
			vertex 0.03503661975264549 0.03117157332599163 -0.01643499918282032
		endloop
	endfacet
	facet normal 0 0 1
		outer loop
			vertex 0.03403662145137787 0.03500000014901161 -0.01643499918282032
			vertex -0.03396337851881981 0.03500000014901161 -0.01643499918282032
			vertex -0.03313495218753815 0.032999999821186066 -0.01643499918282032
		endloop
	endfacet
	facet normal 0 0 1
		outer loop
			vertex 0.03403662145137787 0.03500000014901161 -0.01643499918282032
			vertex 0.03503661975264549 0.03117157332599163 -0.01643499918282032
			vertex 0.03703662008047104 0.03200000151991844 -0.01643499918282032
		endloop
	endfacet
	facet normal 0 0 0
		outer loop
			vertex 0 0 0
			vertex 0 0 0
			vertex -0.03396337851881981 0.03500000014901161 -0.01643499918282032
		endloop
	endfacet
	facet normal 0 1 0
		outer loop
			vertex -0.008818148635327816 0.03500000014901161 -0.013913546688854694
			vertex -0.03396337851881981 0.03500000014901161 -0.01643499918282032
			vertex -0.009145358577370644 0.03500000014901161 -0.01361698005348444
		endloop
	endfacet
	facet normal 0 1 0
		outer loop
			vertex -0.009441925212740898 0.03500000014901161 -0.013289770111441612
			vertex -0.009145358577370644 0.03500000014901161 -0.01361698005348444
			vertex -0.03396337851881981 0.03500000014901161 -0.01643499918282032
		endloop
	endfacet
	facet normal 0 1 0
		outer loop
			vertex -0.009704992175102234 0.03500000014901161 -0.012935065664350986
			vertex -0.009441925212740898 0.03500000014901161 -0.013289770111441612
			vertex -0.03396337851881981 0.03500000014901161 -0.01643499918282032
		endloop
	endfacet
	facet normal 0 1 0
		outer loop
			vertex -0.00846344418823719 0.03500000014901161 -0.01417661365121603
			vertex -0.03396337851881981 0.03500000014901161 -0.01643499918282032
			vertex -0.008818148635327816 0.03500000014901161 -0.013913546688854694
		endloop
	endfacet
	facet normal 0 1 0
		outer loop
			vertex -0.00808466412127018 0.03500000014901161 -0.014403645880520344
			vertex -0.03396337851881981 0.03500000014901161 -0.01643499918282032
			vertex -0.00846344418823719 0.03500000014901161 -0.01417661365121603
		endloop
	endfacet
	facet normal 0 1 0
		outer loop
			vertex -0.009932024404406548 0.03500000014901161 -0.012556285597383976
			vertex -0.009704992175102234 0.03500000014901161 -0.012935065664350986
			vertex -0.03396337851881981 0.03500000014901161 -0.01643499918282032
		endloop
	endfacet
	facet normal 0 1 0
		outer loop
			vertex -0.010120836086571217 0.03500000014901161 -0.012157075107097626
			vertex -0.009932024404406548 0.03500000014901161 -0.012556285597383976
			vertex -0.03396337851881981 0.03500000014901161 -0.01643499918282032
		endloop
	endfacet
	facet normal 0 1 0
		outer loop
			vertex -0.007685454096645117 0.03500000014901161 -0.014592457562685013
			vertex -0.03396337851881981 0.03500000014901161 -0.01643499918282032
			vertex -0.00808466412127018 0.03500000014901161 -0.014403645880520344
		endloop
	endfacet
	facet normal -0.1875078745566602 0.26251146260359953 0.9465350120206663
		outer loop
			vertex -0.010269610211253166 0.03500000014901161 -0.011741281487047672
			vertex -0.03396337851881981 0.03500000014901161 -0.01643499918282032
			vertex 0 0 0
		endloop
	endfacet
	facet normal 0 1 0
		outer loop
			vertex -0.010269610211253166 0.03500000014901161 -0.011741281487047672
			vertex -0.010120836086571217 0.03500000014901161 -0.012157075107097626
			vertex -0.03396337851881981 0.03500000014901161 -0.01643499918282032
		endloop
	endfacet
	facet normal 0 1 0
		outer loop
			vertex -0.007269659545272589 0.03500000014901161 -0.014741231687366962
			vertex -0.03396337851881981 0.03500000014901161 -0.01643499918282032
			vertex -0.007685454096645117 0.03500000014901161 -0.014592457562685013
		endloop
	endfacet
	facet normal -0.9108956503610313 -0.3438149207948139 -0.22816751388444795
		outer loop
			vertex -0.010376912541687489 0.03500000014901161 -0.011312906630337238
			vertex -0.010269610211253166 0.03500000014901161 -0.011741281487047672
			vertex 0 0 0
		endloop
	endfacet
	facet normal 0 1 0
		outer loop
			vertex -0.006841285154223442 0.03500000014901161 -0.014848534017801285
			vertex -0.03396337851881981 0.03500000014901161 -0.01643499918282032
			vertex -0.007269659545272589 0.03500000014901161 -0.014741231687366962
		endloop
	endfacet
	facet normal -0.9363249565266459 -0.32249782403420446 -0.13889106983020266
		outer loop
			vertex -0.010441710241138935 0.03500000014901161 -0.010876077227294445
			vertex -0.010376912541687489 0.03500000014901161 -0.011312906630337238
			vertex 0 0 0
		endloop
	endfacet
	facet normal -0.9531341018326689 -0.2989029439189224 -0.04682322116464396
		outer loop
			vertex -0.010463378392159939 0.03500000014901161 -0.01043500006198883
			vertex -0.010441710241138935 0.03500000014901161 -0.010876077227294445
			vertex 0 0 0
		endloop
	endfacet
	facet normal 0 0 0
		outer loop
			vertex -0.010463378392159939 0.03500000014901161 -0.01043500006198883
			vertex 0 0 0
			vertex 0 0 0
		endloop
	endfacet
	facet normal 0.7176545716620485 0.6963992502670878 0
		outer loop
			vertex -0.03396337851881981 0.03500000014901161 0.015564999543130398
			vertex 0 0 0
			vertex -0.03396337851881981 0.03500000014901161 -0.01643499918282032
		endloop
	endfacet
	facet normal 0 0 0
		outer loop
			vertex -0.03396337851881981 0.03500000014901161 0.015564999543130398
			vertex 0 0 0
			vertex 0 0 0
		endloop
	endfacet
	facet normal 0 0 0
		outer loop
			vertex -0.010463378392159939 0.03500000014901161 0.009565000422298908
			vertex 0 0 0
			vertex 0 0 0
		endloop
	endfacet
	facet normal -0.9581017592766397 -0.2864280343664146 0
		outer loop
			vertex -0.010463378392159939 0.03500000014901161 0.009565000422298908
			vertex -0.010463378392159939 0.03500000014901161 -0.01043500006198883
			vertex 0 0 0
		endloop
	endfacet
	facet normal -0.9534652149660877 -0.2978424856893094 0.046839487273942514
		outer loop
			vertex -0.010441710241138935 0.03500000014901161 0.010006077587604523
			vertex -0.010463378392159939 0.03500000014901161 0.009565000422298908
			vertex 0 0 0
		endloop
	endfacet
	facet normal -0.937363544455646 -0.3193993657612687 0.13904542666642367
		outer loop
			vertex -0.010376912541687489 0.03500000014901161 0.010442906059324741
			vertex -0.010441710241138935 0.03500000014901161 0.010006077587604523
			vertex 0 0 0
		endloop
	endfacet
	facet normal -0.9126623543045355 -0.33879916169019264 0.228610050245665
		outer loop
			vertex -0.010269610211253166 0.03500000014901161 0.010871280916035175
			vertex -0.010376912541687489 0.03500000014901161 0.010442906059324741
			vertex 0 0 0
		endloop
	endfacet
	facet normal -0.1706541698458906 0.25737791573227603 -0.9511223700489435
		outer loop
			vertex -0.010120836086571217 0.03500000014901161 0.011287075467407703
			vertex 0 0 0
			vertex -0.03396337851881981 0.03500000014901161 0.015564999543130398
		endloop
	endfacet
	facet normal -0.8798745561732313 -0.3559577406985481 0.3148251137310123
		outer loop
			vertex -0.010120836086571217 0.03500000014901161 0.011287075467407703
			vertex -0.010269610211253166 0.03500000014901161 0.010871280916035175
			vertex 0 0 0
		endloop
	endfacet
	facet normal 0 1 0
		outer loop
			vertex -0.009932024404406548 0.03500000014901161 0.011686285026371479
			vertex -0.010120836086571217 0.03500000014901161 0.011287075467407703
			vertex -0.03396337851881981 0.03500000014901161 0.015564999543130398
		endloop
	endfacet
	facet normal 0 1 0
		outer loop
			vertex -0.009704992175102234 0.03500000014901161 0.012065066024661064
			vertex -0.009932024404406548 0.03500000014901161 0.011686285026371479
			vertex -0.03396337851881981 0.03500000014901161 0.015564999543130398
		endloop
	endfacet
	facet normal 0 1 0
		outer loop
			vertex -0.009441925212740898 0.03500000014901161 0.012419769540429115
			vertex -0.009704992175102234 0.03500000014901161 0.012065066024661064
			vertex -0.03396337851881981 0.03500000014901161 0.015564999543130398
		endloop
	endfacet
	facet normal 0 1 0
		outer loop
			vertex -0.009145358577370644 0.03500000014901161 0.012746980413794518
			vertex -0.009441925212740898 0.03500000014901161 0.012419769540429115
			vertex -0.03396337851881981 0.03500000014901161 0.015564999543130398
		endloop
	endfacet
	facet normal 0 1 0
		outer loop
			vertex -0.008818148635327816 0.03500000014901161 0.013043547049164772
			vertex -0.009145358577370644 0.03500000014901161 0.012746980413794518
			vertex -0.03396337851881981 0.03500000014901161 0.015564999543130398
		endloop
	endfacet
	facet normal 0 1 0
		outer loop
			vertex -0.00846344418823719 0.03500000014901161 0.013306613080203533
			vertex -0.008818148635327816 0.03500000014901161 0.013043547049164772
			vertex -0.03396337851881981 0.03500000014901161 0.015564999543130398
		endloop
	endfacet
	facet normal 0 1 0
		outer loop
			vertex -0.00808466412127018 0.03500000014901161 0.013533645309507847
			vertex -0.00846344418823719 0.03500000014901161 0.013306613080203533
			vertex -0.03396337851881981 0.03500000014901161 0.015564999543130398
		endloop
	endfacet
	facet normal 0 1 0
		outer loop
			vertex -0.007685454096645117 0.03500000014901161 0.01372245792299509
			vertex -0.00808466412127018 0.03500000014901161 0.013533645309507847
			vertex -0.03396337851881981 0.03500000014901161 0.015564999543130398
		endloop
	endfacet
	facet normal 0 1 0
		outer loop
			vertex -0.007269659545272589 0.03500000014901161 0.013871231116354465
			vertex -0.007685454096645117 0.03500000014901161 0.01372245792299509
			vertex -0.03396337851881981 0.03500000014901161 0.015564999543130398
		endloop
	endfacet
	facet normal 0 1 0
		outer loop
			vertex -0.006841285154223442 0.03500000014901161 0.013978533446788788
			vertex -0.007269659545272589 0.03500000014901161 0.013871231116354465
			vertex -0.03396337851881981 0.03500000014901161 0.015564999543130398
		endloop
	endfacet
	facet normal 0 1 0
		outer loop
			vertex 0.03403662145137787 0.03500000014901161 -0.01643499918282032
			vertex 0.02351495251059532 0.03500000014901161 -0.010876077227294445
			vertex 0.023536620661616325 0.03500000014901161 -0.01043500006198883
		endloop
	endfacet
	facet normal 0 1 0
		outer loop
			vertex 0.03403662145137787 0.03500000014901161 -0.01643499918282032
			vertex 0.023450154811143875 0.03500000014901161 -0.011312906630337238
			vertex 0.02351495251059532 0.03500000014901161 -0.010876077227294445
		endloop
	endfacet
	facet normal 0 1 0
		outer loop
			vertex 0.03403662145137787 0.03500000014901161 -0.01643499918282032
			vertex 0.023342853412032127 0.03500000014901161 -0.011741281487047672
			vertex 0.023450154811143875 0.03500000014901161 -0.011312906630337238
		endloop
	endfacet
	facet normal 0 1 0
		outer loop
			vertex 0.03403662145137787 0.03500000014901161 -0.01643499918282032
			vertex 0.023194080218672752 0.03500000014901161 -0.012157075107097626
			vertex 0.023342853412032127 0.03500000014901161 -0.011741281487047672
		endloop
	endfacet
	facet normal 0 1 0
		outer loop
			vertex 0.03403662145137787 0.03500000014901161 -0.01643499918282032
			vertex 0.02300526760518551 0.03500000014901161 -0.012556285597383976
			vertex 0.023194080218672752 0.03500000014901161 -0.012157075107097626
		endloop
	endfacet
	facet normal 0 1 0
		outer loop
			vertex 0.03403662145137787 0.03500000014901161 -0.01643499918282032
			vertex 0.022778235375881195 0.03500000014901161 -0.012935065664350986
			vertex 0.02300526760518551 0.03500000014901161 -0.012556285597383976
		endloop
	endfacet
	facet normal 0 1 0
		outer loop
			vertex 0.03403662145137787 0.03500000014901161 -0.01643499918282032
			vertex 0.02251516841351986 0.03500000014901161 -0.013289770111441612
			vertex 0.022778235375881195 0.03500000014901161 -0.012935065664350986
		endloop
	endfacet
	facet normal 0 1 0
		outer loop
			vertex 0.03403662145137787 0.03500000014901161 -0.01643499918282032
			vertex 0.022218601778149605 0.03500000014901161 -0.01361698005348444
			vertex 0.02251516841351986 0.03500000014901161 -0.013289770111441612
		endloop
	endfacet
	facet normal 0 1 0
		outer loop
			vertex 0.03403662145137787 0.03500000014901161 -0.01643499918282032
			vertex 0.021891390904784203 0.03500000014901161 -0.013913546688854694
			vertex 0.022218601778149605 0.03500000014901161 -0.01361698005348444
		endloop
	endfacet
	facet normal 0 1 0
		outer loop
			vertex 0.03403662145137787 0.03500000014901161 -0.01643499918282032
			vertex 0.02153668738901615 0.03500000014901161 -0.01417661365121603
			vertex 0.021891390904784203 0.03500000014901161 -0.013913546688854694
		endloop
	endfacet
	facet normal 0 1 0
		outer loop
			vertex 0.03403662145137787 0.03500000014901161 -0.01643499918282032
			vertex 0.02115790732204914 0.03500000014901161 -0.014403645880520344
			vertex 0.02153668738901615 0.03500000014901161 -0.01417661365121603
		endloop
	endfacet
	facet normal 0 1 0
		outer loop
			vertex 0.03403662145137787 0.03500000014901161 -0.01643499918282032
			vertex 0.020758697763085365 0.03500000014901161 -0.014592457562685013
			vertex 0.02115790732204914 0.03500000014901161 -0.014403645880520344
		endloop
	endfacet
	facet normal 0 1 0
		outer loop
			vertex 0.03403662145137787 0.03500000014901161 -0.01643499918282032
			vertex 0.020342903211712837 0.03500000014901161 -0.014741231687366962
			vertex 0.020758697763085365 0.03500000014901161 -0.014592457562685013
		endloop
	endfacet
	facet normal 0 1 0
		outer loop
			vertex 0.03403662145137787 0.03500000014901161 -0.01643499918282032
			vertex 0.019914528355002403 0.03500000014901161 -0.014848534017801285
			vertex 0.020342903211712837 0.03500000014901161 -0.014741231687366962
		endloop
	endfacet
	facet normal 0 1 0
		outer loop
			vertex 0.03403662145137787 0.03500000014901161 -0.01643499918282032
			vertex 0.01947769895195961 0.03500000014901161 -0.014913331717252731
			vertex 0.019914528355002403 0.03500000014901161 -0.014848534017801285
		endloop
	endfacet
	facet normal 0 1 0
		outer loop
			vertex 0.03403662145137787 0.03500000014901161 -0.01643499918282032
			vertex 0.01903662085533142 0.03500000014901161 -0.014934999868273735
			vertex 0.01947769895195961 0.03500000014901161 -0.014913331717252731
		endloop
	endfacet
	facet normal 0 1 0
		outer loop
			vertex 0.028763610869646072 0.03500000014901161 -0.002623453736305237
			vertex 0.028829514980316162 0.03500000014901161 -0.0026961672119796276
			vertex 0.023536620661616325 0.03500000014901161 -0.01043500006198883
		endloop
	endfacet
	facet normal 0 1 0
		outer loop
			vertex 0.02890222892165184 0.03500000014901161 -0.00276207085698843
			vertex 0.023536620661616325 0.03500000014901161 -0.01043500006198883
			vertex 0.028829514980316162 0.03500000014901161 -0.0026961672119796276
		endloop
	endfacet
	facet normal 0 1 0
		outer loop
			vertex 0.028981050476431847 0.03500000014901161 -0.0028205299749970436
			vertex 0.023536620661616325 0.03500000014901161 -0.01043500006198883
			vertex 0.02890222892165184 0.03500000014901161 -0.00276207085698843
		endloop
	endfacet
	facet normal 0 1 0
		outer loop
			vertex 0.02870515175163746 0.03500000014901161 -0.002544630551710725
			vertex 0.028763610869646072 0.03500000014901161 -0.002623453736305237
			vertex 0.023536620661616325 0.03500000014901161 -0.01043500006198883
		endloop
	endfacet
	facet normal 0 1 0
		outer loop
			vertex 0.029065225273370743 0.03500000014901161 -0.0028709815815091133
			vertex 0.023536620661616325 0.03500000014901161 -0.01043500006198883
			vertex 0.028981050476431847 0.03500000014901161 -0.0028205299749970436
		endloop
	endfacet
	facet normal 0 1 0
		outer loop
			vertex 0.02865470014512539 0.03500000014901161 -0.0024604571517556906
			vertex 0.02870515175163746 0.03500000014901161 -0.002544630551710725
			vertex 0.023536620661616325 0.03500000014901161 -0.01043500006198883
		endloop
	endfacet
	facet normal 0 1 0
		outer loop
			vertex 0.029153937473893166 0.03500000014901161 -0.002912939991801977
			vertex 0.023536620661616325 0.03500000014901161 -0.01043500006198883
			vertex 0.029065225273370743 0.03500000014901161 -0.0028709815815091133
		endloop
	endfacet
	facet normal 0 1 0
		outer loop
			vertex 0.028612742200493813 0.03500000014901161 -0.0023717437870800495
			vertex 0.02865470014512539 0.03500000014901161 -0.0024604571517556906
			vertex 0.023536620661616325 0.03500000014901161 -0.01043500006198883
		endloop
	endfacet
	facet normal 0 1 0
		outer loop
			vertex 0.029246337711811066 0.03500000014901161 -0.0029460007790476084
			vertex 0.023536620661616325 0.03500000014901161 -0.01043500006198883
			vertex 0.029153937473893166 0.03500000014901161 -0.002912939991801977
		endloop
	endfacet
	facet normal 0 1 0
		outer loop
			vertex 0.028579680249094963 0.03500000014901161 -0.002279345178976655
			vertex 0.028612742200493813 0.03500000014901161 -0.0023717437870800495
			vertex 0.023536620661616325 0.03500000014901161 -0.01043500006198883
		endloop
	endfacet
	facet normal 0 1 0
		outer loop
			vertex 0.029341531917452812 0.03500000014901161 -0.002969845663756132
			vertex 0.023536620661616325 0.03500000014901161 -0.01043500006198883
			vertex 0.029246337711811066 0.03500000014901161 -0.0029460007790476084
		endloop
	endfacet
	facet normal 0 1 0
		outer loop
			vertex 0.028555836528539658 0.03500000014901161 -0.002184150740504265
			vertex 0.028579680249094963 0.03500000014901161 -0.002279345178976655
			vertex 0.023536620661616325 0.03500000014901161 -0.01043500006198883
		endloop
	endfacet
	facet normal 0 1 0
		outer loop
			vertex 0.029438603669404984 0.03500000014901161 -0.0029842450749129057
			vertex 0.023536620661616325 0.03500000014901161 -0.01043500006198883
			vertex 0.029341531917452812 0.03500000014901161 -0.002969845663756132
		endloop
	endfacet
	facet normal 0 1 0
		outer loop
			vertex 0.028541436418890953 0.03500000014901161 -0.0020870775915682316
			vertex 0.028555836528539658 0.03500000014901161 -0.002184150740504265
			vertex 0.023536620661616325 0.03500000014901161 -0.01043500006198883
		endloop
	endfacet
	facet normal 0 1 0
		outer loop
			vertex 0.029536621645092964 0.03500000014901161 -0.002989060478284955
			vertex 0.023536620661616325 0.03500000014901161 -0.01043500006198883
			vertex 0.029438603669404984 0.03500000014901161 -0.0029842450749129057
		endloop
	endfacet
	facet normal 0 1 0
		outer loop
			vertex 0.02853662148118019 0.03500000014901161 -0.001989060314372182
			vertex 0.028541436418890953 0.03500000014901161 -0.0020870775915682316
			vertex 0.023536620661616325 0.03500000014901161 -0.01043500006198883
		endloop
	endfacet
	facet normal 0 1 0
		outer loop
			vertex 0.029634637758135796 0.03500000014901161 -0.0029842450749129057
			vertex 0.03403662145137787 0.03500000014901161 -0.01643499918282032
			vertex 0.023536620661616325 0.03500000014901161 -0.01043500006198883
		endloop
	endfacet
	facet normal 0 1 0
		outer loop
			vertex 0.029634637758135796 0.03500000014901161 -0.0029842450749129057
			vertex 0.023536620661616325 0.03500000014901161 -0.01043500006198883
			vertex 0.029536621645092964 0.03500000014901161 -0.002989060478284955
		endloop
	endfacet
	facet normal 0 1 0
		outer loop
			vertex 0.029731711372733116 0.03500000014901161 -0.002969845663756132
			vertex 0.03403662145137787 0.03500000014901161 -0.01643499918282032
			vertex 0.029634637758135796 0.03500000014901161 -0.0029842450749129057
		endloop
	endfacet
	facet normal 0 1 0
		outer loop
			vertex 0.029826905578374863 0.03500000014901161 -0.0029460007790476084
			vertex 0.03403662145137787 0.03500000014901161 -0.01643499918282032
			vertex 0.029731711372733116 0.03500000014901161 -0.002969845663756132
		endloop
	endfacet
	facet normal 0 1 0
		outer loop
			vertex 0.029919305816292763 0.03500000014901161 -0.002912939991801977
			vertex 0.03403662145137787 0.03500000014901161 -0.01643499918282032
			vertex 0.029826905578374863 0.03500000014901161 -0.0029460007790476084
		endloop
	endfacet
	facet normal 0 1 0
		outer loop
			vertex 0.030008018016815186 0.03500000014901161 -0.0028709815815091133
			vertex 0.03403662145137787 0.03500000014901161 -0.01643499918282032
			vertex 0.029919305816292763 0.03500000014901161 -0.002912939991801977
		endloop
	endfacet
	facet normal 0 1 0
		outer loop
			vertex 0.030092190951108932 0.03500000014901161 -0.0028205299749970436
			vertex 0.03403662145137787 0.03500000014901161 -0.01643499918282032
			vertex 0.030008018016815186 0.03500000014901161 -0.0028709815815091133
		endloop
	endfacet
	facet normal 0 1 0
		outer loop
			vertex 0.030171014368534088 0.03500000014901161 -0.00276207085698843
			vertex 0.03403662145137787 0.03500000014901161 -0.01643499918282032
			vertex 0.030092190951108932 0.03500000014901161 -0.0028205299749970436
		endloop
	endfacet
	facet normal 0 1 0
		outer loop
			vertex 0.030243728309869766 0.03500000014901161 -0.0026961672119796276
			vertex 0.03403662145137787 0.03500000014901161 -0.01643499918282032
			vertex 0.030171014368534088 0.03500000014901161 -0.00276207085698843
		endloop
	endfacet
	facet normal 0 1 0
		outer loop
			vertex 0.030309632420539856 0.03500000014901161 -0.002623453736305237
			vertex 0.03403662145137787 0.03500000014901161 -0.01643499918282032
			vertex 0.030243728309869766 0.03500000014901161 -0.0026961672119796276
		endloop
	endfacet
	facet normal 0 1 0
		outer loop
			vertex 0.03036809153854847 0.03500000014901161 -0.002544630551710725
			vertex 0.03403662145137787 0.03500000014901161 -0.01643499918282032
			vertex 0.030309632420539856 0.03500000014901161 -0.002623453736305237
		endloop
	endfacet
	facet normal 0 1 0
		outer loop
			vertex 0.03041854314506054 0.03500000014901161 -0.0024604571517556906
			vertex 0.03403662145137787 0.03500000014901161 -0.01643499918282032
			vertex 0.03036809153854847 0.03500000014901161 -0.002544630551710725
		endloop
	endfacet
	facet normal 0 1 0
		outer loop
			vertex 0.030460501089692116 0.03500000014901161 -0.0023717437870800495
			vertex 0.03403662145137787 0.03500000014901161 -0.01643499918282032
			vertex 0.03041854314506054 0.03500000014901161 -0.0024604571517556906
		endloop
	endfacet
	facet normal 0 1 0
		outer loop
			vertex 0.030493561178445816 0.03500000014901161 -0.002279345178976655
			vertex 0.03403662145137787 0.03500000014901161 -0.01643499918282032
			vertex 0.030460501089692116 0.03500000014901161 -0.0023717437870800495
		endloop
	endfacet
	facet normal 0 1 0
		outer loop
			vertex 0.03051740676164627 0.03500000014901161 -0.002184150740504265
			vertex 0.03403662145137787 0.03500000014901161 -0.01643499918282032
			vertex 0.030493561178445816 0.03500000014901161 -0.002279345178976655
		endloop
	endfacet
	facet normal 0 1 0
		outer loop
			vertex 0.030531806871294975 0.03500000014901161 -0.0020870775915682316
			vertex 0.03403662145137787 0.03500000014901161 -0.01643499918282032
			vertex 0.03051740676164627 0.03500000014901161 -0.002184150740504265
		endloop
	endfacet
	facet normal 0 1 0
		outer loop
			vertex 0.030536621809005737 0.03500000014901161 -0.001989060314372182
			vertex 0.03403662145137787 0.03500000014901161 -0.01643499918282032
			vertex 0.030531806871294975 0.03500000014901161 -0.0020870775915682316
		endloop
	endfacet
	facet normal 0 1 0
		outer loop
			vertex 0.02853662148118019 0.03500000014901161 0.0010109395952895284
			vertex 0.02853662148118019 0.03500000014901161 -0.001989060314372182
			vertex 0.023536620661616325 0.03500000014901161 -0.01043500006198883
		endloop
	endfacet
	facet normal 0 1 0
		outer loop
			vertex 0.023536620661616325 0.03500000014901161 0.009565000422298908
			vertex 0.02853662148118019 0.03500000014901161 0.0010109395952895284
			vertex 0.023536620661616325 0.03500000014901161 -0.01043500006198883
		endloop
	endfacet
	facet normal 0 1 0
		outer loop
			vertex 0.023536620661616325 0.03500000014901161 0.009565000422298908
			vertex 0.028541436418890953 0.03500000014901161 0.0011089567560702562
			vertex 0.02853662148118019 0.03500000014901161 0.0010109395952895284
		endloop
	endfacet
	facet normal 0 1 0
		outer loop
			vertex 0.023536620661616325 0.03500000014901161 0.009565000422298908
			vertex 0.028555836528539658 0.03500000014901161 0.0012060299050062895
			vertex 0.028541436418890953 0.03500000014901161 0.0011089567560702562
		endloop
	endfacet
	facet normal 0 1 0
		outer loop
			vertex 0.023536620661616325 0.03500000014901161 0.009565000422298908
			vertex 0.028579680249094963 0.03500000014901161 0.0013012242270633578
			vertex 0.028555836528539658 0.03500000014901161 0.0012060299050062895
		endloop
	endfacet
	facet normal 0 1 0
		outer loop
			vertex 0.023536620661616325 0.03500000014901161 0.009565000422298908
			vertex 0.028612742200493813 0.03500000014901161 0.001393623067997396
			vertex 0.028579680249094963 0.03500000014901161 0.0013012242270633578
		endloop
	endfacet
	facet normal 0 1 0
		outer loop
			vertex 0.023536620661616325 0.03500000014901161 0.009565000422298908
			vertex 0.02865470014512539 0.03500000014901161 0.0014823363162577152
			vertex 0.028612742200493813 0.03500000014901161 0.001393623067997396
		endloop
	endfacet
	facet normal 0 1 0
		outer loop
			vertex 0.023536620661616325 0.03500000014901161 0.009565000422298908
			vertex 0.02870515175163746 0.03500000014901161 0.0015665098326280713
			vertex 0.02865470014512539 0.03500000014901161 0.0014823363162577152
		endloop
	endfacet
	facet normal 0 1 0
		outer loop
			vertex 0.023536620661616325 0.03500000014901161 0.009565000422298908
			vertex 0.028763610869646072 0.03500000014901161 0.0016453329008072615
			vertex 0.02870515175163746 0.03500000014901161 0.0015665098326280713
		endloop
	endfacet
	facet normal 0 1 0
		outer loop
			vertex 0.023536620661616325 0.03500000014901161 0.009565000422298908
			vertex 0.028829514980316162 0.03500000014901161 0.0017180463764816523
			vertex 0.028763610869646072 0.03500000014901161 0.0016453329008072615
		endloop
	endfacet
	facet normal 0 1 0
		outer loop
			vertex 0.023536620661616325 0.03500000014901161 0.009565000422298908
			vertex 0.02890222892165184 0.03500000014901161 0.0017839500214904547
			vertex 0.028829514980316162 0.03500000014901161 0.0017180463764816523
		endloop
	endfacet
	facet normal 0 1 0
		outer loop
			vertex 0.023536620661616325 0.03500000014901161 0.009565000422298908
			vertex 0.028981050476431847 0.03500000014901161 0.00184240925591439
			vertex 0.02890222892165184 0.03500000014901161 0.0017839500214904547
		endloop
	endfacet
	facet normal 0 1 0
		outer loop
			vertex 0.023536620661616325 0.03500000014901161 0.009565000422298908
			vertex 0.029065225273370743 0.03500000014901161 0.0018928608624264598
			vertex 0.028981050476431847 0.03500000014901161 0.00184240925591439
		endloop
	endfacet
	facet normal 0 1 0
		outer loop
			vertex 0.023536620661616325 0.03500000014901161 0.009565000422298908
			vertex 0.029153937473893166 0.03500000014901161 0.0019348191563040018
			vertex 0.029065225273370743 0.03500000014901161 0.0018928608624264598
		endloop
	endfacet
	facet normal 0 1 0
		outer loop
			vertex 0.023536620661616325 0.03500000014901161 0.009565000422298908
			vertex 0.029246337711811066 0.03500000014901161 0.001967879943549633
			vertex 0.029153937473893166 0.03500000014901161 0.0019348191563040018
		endloop
	endfacet
	facet normal 0 1 0
		outer loop
			vertex 0.023536620661616325 0.03500000014901161 0.009565000422298908
			vertex 0.029341531917452812 0.03500000014901161 0.0019917248282581568
			vertex 0.029246337711811066 0.03500000014901161 0.001967879943549633
		endloop
	endfacet
	facet normal 0 1 0
		outer loop
			vertex 0.023536620661616325 0.03500000014901161 0.009565000422298908
			vertex 0.029438603669404984 0.03500000014901161 0.0020061242394149303
			vertex 0.029341531917452812 0.03500000014901161 0.0019917248282581568
		endloop
	endfacet
	facet normal 0 1 0
		outer loop
			vertex 0.023536620661616325 0.03500000014901161 0.009565000422298908
			vertex 0.029536621645092964 0.03500000014901161 0.0020109396427869797
			vertex 0.029438603669404984 0.03500000014901161 0.0020061242394149303
		endloop
	endfacet
	facet normal 0 1 0
		outer loop
			vertex 0.023536620661616325 0.03500000014901161 0.009565000422298908
			vertex 0.029634637758135796 0.03500000014901161 0.0020061242394149303
			vertex 0.029536621645092964 0.03500000014901161 0.0020109396427869797
		endloop
	endfacet
	facet normal 0 1 0
		outer loop
			vertex 0.023536620661616325 0.03500000014901161 0.009565000422298908
			vertex 0.029731711372733116 0.03500000014901161 0.0019917248282581568
			vertex 0.029634637758135796 0.03500000014901161 0.0020061242394149303
		endloop
	endfacet
	facet normal 0 1 0
		outer loop
			vertex 0.03403662145137787 0.03500000014901161 0.015564999543130398
			vertex 0.029731711372733116 0.03500000014901161 0.0019917248282581568
			vertex 0.023536620661616325 0.03500000014901161 0.009565000422298908
		endloop
	endfacet
	facet normal 0 1 0
		outer loop
			vertex 0.03403662145137787 0.03500000014901161 0.015564999543130398
			vertex 0.029826905578374863 0.03500000014901161 0.001967879943549633
			vertex 0.029731711372733116 0.03500000014901161 0.0019917248282581568
		endloop
	endfacet
	facet normal 0 1 0
		outer loop
			vertex 0.03403662145137787 0.03500000014901161 0.015564999543130398
			vertex 0.029919305816292763 0.03500000014901161 0.0019348191563040018
			vertex 0.029826905578374863 0.03500000014901161 0.001967879943549633
		endloop
	endfacet
	facet normal 0 1 0
		outer loop
			vertex 0.03403662145137787 0.03500000014901161 0.015564999543130398
			vertex 0.030008018016815186 0.03500000014901161 0.0018928608624264598
			vertex 0.029919305816292763 0.03500000014901161 0.0019348191563040018
		endloop
	endfacet
	facet normal 0 1 0
		outer loop
			vertex 0.03403662145137787 0.03500000014901161 0.015564999543130398
			vertex 0.030092190951108932 0.03500000014901161 0.00184240925591439
			vertex 0.030008018016815186 0.03500000014901161 0.0018928608624264598
		endloop
	endfacet
	facet normal 0 1 0
		outer loop
			vertex 0.03403662145137787 0.03500000014901161 0.015564999543130398
			vertex 0.030171014368534088 0.03500000014901161 0.0017839500214904547
			vertex 0.030092190951108932 0.03500000014901161 0.00184240925591439
		endloop
	endfacet
	facet normal 0 1 0
		outer loop
			vertex 0.03403662145137787 0.03500000014901161 0.015564999543130398
			vertex 0.030243728309869766 0.03500000014901161 0.0017180463764816523
			vertex 0.030171014368534088 0.03500000014901161 0.0017839500214904547
		endloop
	endfacet
	facet normal 0 1 0
		outer loop
			vertex 0.03403662145137787 0.03500000014901161 0.015564999543130398
			vertex 0.030309632420539856 0.03500000014901161 0.0016453329008072615
			vertex 0.030243728309869766 0.03500000014901161 0.0017180463764816523
		endloop
	endfacet
	facet normal 0 1 0
		outer loop
			vertex 0.03403662145137787 0.03500000014901161 0.015564999543130398
			vertex 0.03036809153854847 0.03500000014901161 0.0015665098326280713
			vertex 0.030309632420539856 0.03500000014901161 0.0016453329008072615
		endloop
	endfacet
	facet normal 0 1 0
		outer loop
			vertex 0.03403662145137787 0.03500000014901161 0.015564999543130398
			vertex 0.03041854314506054 0.03500000014901161 0.0014823363162577152
			vertex 0.03036809153854847 0.03500000014901161 0.0015665098326280713
		endloop
	endfacet
	facet normal 0 1 0
		outer loop
			vertex 0.03403662145137787 0.03500000014901161 0.015564999543130398
			vertex 0.030460501089692116 0.03500000014901161 0.001393623067997396
			vertex 0.03041854314506054 0.03500000014901161 0.0014823363162577152
		endloop
	endfacet
	facet normal 0 1 0
		outer loop
			vertex 0.03403662145137787 0.03500000014901161 0.015564999543130398
			vertex 0.030493561178445816 0.03500000014901161 0.0013012242270633578
			vertex 0.030460501089692116 0.03500000014901161 0.001393623067997396
		endloop
	endfacet
	facet normal 0 1 0
		outer loop
			vertex 0.03403662145137787 0.03500000014901161 0.015564999543130398
			vertex 0.03051740676164627 0.03500000014901161 0.0012060299050062895
			vertex 0.030493561178445816 0.03500000014901161 0.0013012242270633578
		endloop
	endfacet
	facet normal 0 1 0
		outer loop
			vertex 0.03403662145137787 0.03500000014901161 0.015564999543130398
			vertex 0.030531806871294975 0.03500000014901161 0.0011089567560702562
			vertex 0.03051740676164627 0.03500000014901161 0.0012060299050062895
		endloop
	endfacet
	facet normal 0 1 0
		outer loop
			vertex 0.03403662145137787 0.03500000014901161 0.015564999543130398
			vertex 0.030536621809005737 0.03500000014901161 0.0010109395952895284
			vertex 0.030531806871294975 0.03500000014901161 0.0011089567560702562
		endloop
	endfacet
	facet normal 0 1 0
		outer loop
			vertex 0.03403662145137787 0.03500000014901161 0.015564999543130398
			vertex 0.01947769895195961 0.03500000014901161 0.014043331146240234
			vertex 0.01903662085533142 0.03500000014901161 0.014065000228583813
		endloop
	endfacet
	facet normal 0 1 0
		outer loop
			vertex 0.03403662145137787 0.03500000014901161 0.015564999543130398
			vertex 0.019914528355002403 0.03500000014901161 0.013978533446788788
			vertex 0.01947769895195961 0.03500000014901161 0.014043331146240234
		endloop
	endfacet
	facet normal 0 1 0
		outer loop
			vertex 0.03403662145137787 0.03500000014901161 0.015564999543130398
			vertex 0.020342903211712837 0.03500000014901161 0.013871231116354465
			vertex 0.019914528355002403 0.03500000014901161 0.013978533446788788
		endloop
	endfacet
	facet normal 0 1 0
		outer loop
			vertex 0.03403662145137787 0.03500000014901161 0.015564999543130398
			vertex 0.020758697763085365 0.03500000014901161 0.01372245792299509
			vertex 0.020342903211712837 0.03500000014901161 0.013871231116354465
		endloop
	endfacet
	facet normal 0 1 0
		outer loop
			vertex 0.03403662145137787 0.03500000014901161 0.015564999543130398
			vertex 0.02115790732204914 0.03500000014901161 0.013533645309507847
			vertex 0.020758697763085365 0.03500000014901161 0.01372245792299509
		endloop
	endfacet
	facet normal 0 1 0
		outer loop
			vertex 0.03403662145137787 0.03500000014901161 0.015564999543130398
			vertex 0.02153668738901615 0.03500000014901161 0.013306613080203533
			vertex 0.02115790732204914 0.03500000014901161 0.013533645309507847
		endloop
	endfacet
	facet normal 0 1 0
		outer loop
			vertex 0.03403662145137787 0.03500000014901161 0.015564999543130398
			vertex 0.021891390904784203 0.03500000014901161 0.013043547049164772
			vertex 0.02153668738901615 0.03500000014901161 0.013306613080203533
		endloop
	endfacet
	facet normal 0 1 0
		outer loop
			vertex 0.03403662145137787 0.03500000014901161 0.015564999543130398
			vertex 0.022218601778149605 0.03500000014901161 0.012746980413794518
			vertex 0.021891390904784203 0.03500000014901161 0.013043547049164772
		endloop
	endfacet
	facet normal 0 1 0
		outer loop
			vertex 0.03403662145137787 0.03500000014901161 0.015564999543130398
			vertex 0.02251516841351986 0.03500000014901161 0.012419769540429115
			vertex 0.022218601778149605 0.03500000014901161 0.012746980413794518
		endloop
	endfacet
	facet normal 0 1 0
		outer loop
			vertex 0.03403662145137787 0.03500000014901161 0.015564999543130398
			vertex 0.022778235375881195 0.03500000014901161 0.012065066024661064
			vertex 0.02251516841351986 0.03500000014901161 0.012419769540429115
		endloop
	endfacet
	facet normal 0 1 0
		outer loop
			vertex 0.03403662145137787 0.03500000014901161 0.015564999543130398
			vertex 0.02300526760518551 0.03500000014901161 0.011686285026371479
			vertex 0.022778235375881195 0.03500000014901161 0.012065066024661064
		endloop
	endfacet
	facet normal 0 1 0
		outer loop
			vertex 0.03403662145137787 0.03500000014901161 0.015564999543130398
			vertex 0.023194080218672752 0.03500000014901161 0.011287075467407703
			vertex 0.02300526760518551 0.03500000014901161 0.011686285026371479
		endloop
	endfacet
	facet normal 0 1 0
		outer loop
			vertex 0.03403662145137787 0.03500000014901161 0.015564999543130398
			vertex 0.023342853412032127 0.03500000014901161 0.010871280916035175
			vertex 0.023194080218672752 0.03500000014901161 0.011287075467407703
		endloop
	endfacet
	facet normal 0 1 0
		outer loop
			vertex 0.03403662145137787 0.03500000014901161 0.015564999543130398
			vertex 0.023450154811143875 0.03500000014901161 0.010442906059324741
			vertex 0.023342853412032127 0.03500000014901161 0.010871280916035175
		endloop
	endfacet
	facet normal 0 1 0
		outer loop
			vertex 0.03403662145137787 0.03500000014901161 0.015564999543130398
			vertex 0.02351495251059532 0.03500000014901161 0.010006077587604523
			vertex 0.023450154811143875 0.03500000014901161 0.010442906059324741
		endloop
	endfacet
	facet normal 0 1 0
		outer loop
			vertex 0.03403662145137787 0.03500000014901161 0.015564999543130398
			vertex 0.023536620661616325 0.03500000014901161 0.009565000422298908
			vertex 0.02351495251059532 0.03500000014901161 0.010006077587604523
		endloop
	endfacet
	facet normal 0 1 0
		outer loop
			vertex 0.03403662145137787 0.03500000014901161 -0.01643499918282032
			vertex -0.03396337851881981 0.03500000014901161 -0.01643499918282032
			vertex 0.01903662085533142 0.03500000014901161 -0.014934999868273735
		endloop
	endfacet
	facet normal 0 1 0
		outer loop
			vertex 0.01903662085533142 0.03500000014901161 -0.014934999868273735
			vertex -0.03396337851881981 0.03500000014901161 -0.01643499918282032
			vertex -0.005963378585875034 0.03500000014901161 -0.014934999868273735
		endloop
	endfacet
	facet normal 0 1 0
		outer loop
			vertex -0.005963378585875034 0.03500000014901161 -0.014934999868273735
			vertex -0.03396337851881981 0.03500000014901161 -0.01643499918282032
			vertex -0.006404455751180649 0.03500000014901161 -0.014913331717252731
		endloop
	endfacet
	facet normal 0 1 0
		outer loop
			vertex -0.006404455751180649 0.03500000014901161 -0.014913331717252731
			vertex -0.03396337851881981 0.03500000014901161 -0.01643499918282032
			vertex -0.006841285154223442 0.03500000014901161 -0.014848534017801285
		endloop
	endfacet
	facet normal 0 1 0
		outer loop
			vertex -0.03396337851881981 0.03500000014901161 0.015564999543130398
			vertex 0.03403662145137787 0.03500000014901161 0.015564999543130398
			vertex 0.01903662085533142 0.03500000014901161 0.014065000228583813
		endloop
	endfacet
	facet normal 0 1 0
		outer loop
			vertex -0.03396337851881981 0.03500000014901161 0.015564999543130398
			vertex 0.01903662085533142 0.03500000014901161 0.014065000228583813
			vertex -0.005963378585875034 0.03500000014901161 0.014065000228583813
		endloop
	endfacet
	facet normal 0 1 0
		outer loop
			vertex -0.03396337851881981 0.03500000014901161 0.015564999543130398
			vertex -0.005963378585875034 0.03500000014901161 0.014065000228583813
			vertex -0.006404455751180649 0.03500000014901161 0.014043331146240234
		endloop
	endfacet
	facet normal 0 1 0
		outer loop
			vertex -0.03396337851881981 0.03500000014901161 0.015564999543130398
			vertex -0.006404455751180649 0.03500000014901161 0.014043331146240234
			vertex -0.006841285154223442 0.03500000014901161 0.013978533446788788
		endloop
	endfacet
	facet normal 0 1 0
		outer loop
			vertex 0.03403662145137787 0.03500000014901161 0.015564999543130398
			vertex 0.03403662145137787 0.03500000014901161 -0.01643499918282032
			vertex 0.030536621809005737 0.03500000014901161 -0.001989060314372182
		endloop
	endfacet
	facet normal 0 1 0
		outer loop
			vertex 0.03403662145137787 0.03500000014901161 0.015564999543130398
			vertex 0.030536621809005737 0.03500000014901161 -0.001989060314372182
			vertex 0.030536621809005737 0.03500000014901161 0.0010109395952895284
		endloop
	endfacet
	facet normal 0 1 0
		outer loop
			vertex 0.03403662145137787 0 0.015564999543130398
			vertex 0.03403662145137787 0 -0.01643499918282032
			vertex -0.03396337851881981 0 -0.01643499918282032
		endloop
	endfacet
	facet normal 0 1 0
		outer loop
			vertex 0.03403662145137787 0 0.015564999543130398
			vertex -0.03396337851881981 0 -0.01643499918282032
			vertex -0.03396337851881981 0 0.015564999543130398
		endloop
	endfacet
	facet normal -0.7071069458226923 0.7071066165503644 0
		outer loop
			vertex 0.03403662145137787 0 -0.01643499918282032
			vertex 0.03403662145137787 0 0.015564999543130398
			vertex 0.03703662008047104 0.003000000026077032 0.015564999543130398
		endloop
	endfacet
	facet normal -0.7071069458226923 0.7071066165503644 0
		outer loop
			vertex 0.03403662145137787 0 -0.01643499918282032
			vertex 0.03703662008047104 0.003000000026077032 0.015564999543130398
			vertex 0.03703662008047104 0.003000000026077032 -0.01643499918282032
		endloop
	endfacet
	facet normal 0.7071069458226923 0.7071066165503644 0
		outer loop
			vertex -0.03396337851881981 0 0.015564999543130398
			vertex -0.03396337851881981 0 -0.01643499918282032
			vertex -0.03696337714791298 0.003000000026077032 -0.01643499918282032
		endloop
	endfacet
	facet normal 0.7071069458226923 0.7071066165503644 0
		outer loop
			vertex -0.03396337851881981 0 0.015564999543130398
			vertex -0.03696337714791298 0.003000000026077032 -0.01643499918282032
			vertex -0.03696337714791298 0.003000000026077032 0.015564999543130398
		endloop
	endfacet
	facet normal -0.7071067811865476 0.7071067811865476 0
		outer loop
			vertex -0.03696337714791298 0.03200000151991844 -0.01643499918282032
			vertex -0.03696337714791298 0.03200000151991844 0.015564999543130398
			vertex -0.03396337851881981 0.03500000014901161 0.015564999543130398
		endloop
	endfacet
	facet normal -0.7071067811865476 0.7071067811865476 0
		outer loop
			vertex -0.03696337714791298 0.03200000151991844 -0.01643499918282032
			vertex -0.03396337851881981 0.03500000014901161 0.015564999543130398
			vertex -0.03396337851881981 0.03500000014901161 -0.01643499918282032
		endloop
	endfacet
	facet normal 0.7071067811865476 0.7071067811865476 0
		outer loop
			vertex 0.03703662008047104 0.03200000151991844 0.015564999543130398
			vertex 0.03703662008047104 0.03200000151991844 -0.01643499918282032
			vertex 0.03403662145137787 0.03500000014901161 -0.01643499918282032
		endloop
	endfacet
	facet normal 0.7071067811865476 0.7071067811865476 0
		outer loop
			vertex 0.03703662008047104 0.03200000151991844 0.015564999543130398
			vertex 0.03403662145137787 0.03500000014901161 -0.01643499918282032
			vertex 0.03403662145137787 0.03500000014901161 0.015564999543130398
		endloop
	endfacet
	facet normal 0.70710723139917 -0.7071063309736384 0
		outer loop
			vertex 0.03503661975264549 0.003828427055850625 0.015564999543130398
			vertex 0.03320819512009621 0.0020000000949949026 0.015564999543130398
			vertex 0.03320819512009621 0.0020000000949949026 -0.01643499918282032
		endloop
	endfacet
	facet normal 0.70710723139917 -0.7071063309736384 0
		outer loop
			vertex 0.03503661975264549 0.003828427055850625 0.015564999543130398
			vertex 0.03320819512009621 0.0020000000949949026 -0.01643499918282032
			vertex 0.03503661975264549 0.003828427055850625 -0.01643499918282032
		endloop
	endfacet
	facet normal 0 -1 0
		outer loop
			vertex 0.03320819512009621 0.0020000000949949026 -0.01643499918282032
			vertex -0.03313495218753815 0.0020000000949949026 0.015564999543130398
			vertex -0.03313495218753815 0.0020000000949949026 -0.01643499918282032
		endloop
	endfacet
	facet normal 0 -1 0
		outer loop
			vertex 0.03320819512009621 0.0020000000949949026 -0.01643499918282032
			vertex 0.03320819512009621 0.0020000000949949026 0.015564999543130398
			vertex -0.03313495218753815 0.0020000000949949026 0.015564999543130398
		endloop
	endfacet
	facet normal -0.70710723139917 -0.7071063309736384 0
		outer loop
			vertex -0.03313495218753815 0.0020000000949949026 0.015564999543130398
			vertex -0.03496337682008743 0.003828427055850625 0.015564999543130398
			vertex -0.03496337682008743 0.003828427055850625 -0.01643499918282032
		endloop
	endfacet
	facet normal -0.70710723139917 -0.7071063309736384 0
		outer loop
			vertex -0.03313495218753815 0.0020000000949949026 0.015564999543130398
			vertex -0.03496337682008743 0.003828427055850625 -0.01643499918282032
			vertex -0.03313495218753815 0.0020000000949949026 -0.01643499918282032
		endloop
	endfacet
	facet normal 0 0 0
		outer loop
			vertex -0.0001303612079937011 0.00005290149783832021 -0.000022694743165629916
			vertex 0 0 0
			vertex -0.0001303612079937011 0.00005290149783832021 -0.000022694743165629916
		endloop
	endfacet
	facet normal 0.02609689015142263 -0.3391155643277076 -0.9403826808034722
		outer loop
			vertex -0.03496337682008743 0.02070000022649765 -0.008434999734163284
			vertex 0 0 0
			vertex -0.0001303612079937011 0.00005290149783832021 -0.000022694743165629916
		endloop
	endfacet
	facet normal 0 0 0
		outer loop
			vertex 0 0 0
			vertex -0.03496337682008743 0.003828427055850625 -0.01643499918282032
			vertex 0 0 0
		endloop
	endfacet
	facet normal 0 0 0
		outer loop
			vertex 0 0 0
			vertex 0 0 0
			vertex -0.03496337682008743 0.02070000022649765 -0.008434999734163284
		endloop
	endfacet
	facet normal -0.42540803745678896 0 0.9050016583781287
		outer loop
			vertex -0.03496337682008743 0.03117157332599163 -0.01643499918282032
			vertex -0.03496337682008743 0.003828427055850625 -0.01643499918282032
			vertex 0 0 0
		endloop
	endfacet
	facet normal 0.23452398347513492 0 -0.9721103338484551
		outer loop
			vertex -0.03496337682008743 0.02370000071823597 -0.008434999734163284
			vertex 0 0 0
			vertex -0.03496337682008743 0.02070000022649765 -0.008434999734163284
		endloop
	endfacet
	facet normal 0 0 0
		outer loop
			vertex 0 0 0
			vertex 0 0 0
			vertex -0.03496337682008743 0.02370000071823597 -0.008434999734163284
		endloop
	endfacet
	facet normal -1 0 0
		outer loop
			vertex -0.03496337682008743 0.023260660469532013 -0.007374339736998081
			vertex -0.03496337682008743 0.02370000071823597 -0.008434999734163284
			vertex -0.03496337682008743 0.02070000022649765 -0.008434999734163284
		endloop
	endfacet
	facet normal -1 0 0
		outer loop
			vertex -0.03496337682008743 0.023260660469532013 -0.007374339736998081
			vertex -0.03496337682008743 0.02070000022649765 -0.008434999734163284
			vertex -0.03496337682008743 0.020707223564386368 -0.008287974633276463
		endloop
	endfacet
	facet normal -1 0 0
		outer loop
			vertex -0.03496337682008743 0.023260660469532013 -0.007374339736998081
			vertex -0.03496337682008743 0.020707223564386368 -0.008287974633276463
			vertex -0.03496337682008743 0.02072882279753685 -0.008142364211380482
		endloop
	endfacet
	facet normal -1 0 0
		outer loop
			vertex -0.03496337682008743 0.023260660469532013 -0.007374339736998081
			vertex -0.03496337682008743 0.02072882279753685 -0.008142364211380482
			vertex -0.03496337682008743 0.020764589309692383 -0.007999572902917862
		endloop
	endfacet
	facet normal -1 0 0
		outer loop
			vertex -0.03496337682008743 0.023260660469532013 -0.007374339736998081
			vertex -0.03496337682008743 0.020764589309692383 -0.007999572902917862
			vertex -0.03496337682008743 0.020814180374145508 -0.007860974408686161
		endloop
	endfacet
	facet normal -1 0 0
		outer loop
			vertex -0.03496337682008743 0.023260660469532013 -0.007374339736998081
			vertex -0.03496337682008743 0.020814180374145508 -0.007860974408686161
			vertex -0.03496337682008743 0.020877117291092873 -0.007727904710918665
		endloop
	endfacet
	facet normal -1 0 0
		outer loop
			vertex -0.03496337682008743 0.023260660469532013 -0.007374339736998081
			vertex -0.03496337682008743 0.020877117291092873 -0.007727904710918665
			vertex -0.03496337682008743 0.020952794700860977 -0.007601644843816757
		endloop
	endfacet
	facet normal -1 0 0
		outer loop
			vertex -0.03496337682008743 0.023260660469532013 -0.007374339736998081
			vertex -0.03496337682008743 0.020952794700860977 -0.007601644843816757
			vertex -0.03496337682008743 0.021040484309196472 -0.007483410183340311
		endloop
	endfacet
	facet normal -1 0 0
		outer loop
			vertex -0.03496337682008743 0.023260660469532013 -0.007374339736998081
			vertex -0.03496337682008743 0.021040484309196472 -0.007483410183340311
			vertex -0.03496337682008743 0.021139340475201607 -0.007374339736998081
		endloop
	endfacet
	facet normal -1 0 0
		outer loop
			vertex -0.03496337682008743 0.023260660469532013 -0.007374339736998081
			vertex -0.03496337682008743 0.021139340475201607 -0.007374339736998081
			vertex -0.03496337682008743 0.021248409524559975 -0.007275484502315521
		endloop
	endfacet
	facet normal -1 0 0
		outer loop
			vertex -0.03496337682008743 0.023260660469532013 -0.007374339736998081
			vertex -0.03496337682008743 0.021248409524559975 -0.007275484502315521
			vertex -0.03496337682008743 0.021366644650697708 -0.0071877953596413136
		endloop
	endfacet
	facet normal -1 0 0
		outer loop
			vertex -0.03496337682008743 0.023260660469532013 -0.007374339736998081
			vertex -0.03496337682008743 0.021366644650697708 -0.0071877953596413136
			vertex -0.03496337682008743 0.02149290405213833 -0.007112117949873209
		endloop
	endfacet
	facet normal -1 0 0
		outer loop
			vertex -0.03496337682008743 0.023260660469532013 -0.007374339736998081
			vertex -0.03496337682008743 0.02149290405213833 -0.007112117949873209
			vertex -0.03496337682008743 0.021625975146889687 -0.007049180567264557
		endloop
	endfacet
	facet normal -1 0 0
		outer loop
			vertex -0.03496337682008743 0.023260660469532013 -0.007374339736998081
			vertex -0.03496337682008743 0.021625975146889687 -0.007049180567264557
			vertex -0.03496337682008743 0.021764572709798813 -0.006999589502811432
		endloop
	endfacet
	facet normal -1 0 0
		outer loop
			vertex -0.03496337682008743 0.023260660469532013 -0.007374339736998081
			vertex -0.03496337682008743 0.021764572709798813 -0.006999589502811432
			vertex -0.03496337682008743 0.021907364949584007 -0.006963822059333324
		endloop
	endfacet
	facet normal -1 0 0
		outer loop
			vertex -0.03496337682008743 0.023260660469532013 -0.007374339736998081
			vertex -0.03496337682008743 0.021907364949584007 -0.006963822059333324
			vertex -0.03496337682008743 0.02205297350883484 -0.006942222826182842
		endloop
	endfacet
	facet normal -1 0 0
		outer loop
			vertex -0.03496337682008743 0.023260660469532013 -0.007374339736998081
			vertex -0.03496337682008743 0.02205297350883484 -0.006942222826182842
			vertex -0.03496337682008743 0.022199999541044235 -0.006934999953955412
		endloop
	endfacet
	facet normal -1 0 0
		outer loop
			vertex -0.03496337682008743 0.023260660469532013 -0.007374339736998081
			vertex -0.03496337682008743 0.022199999541044235 -0.006934999953955412
			vertex -0.03496337682008743 0.02234702557325363 -0.006942222826182842
		endloop
	endfacet
	facet normal -1 0 0
		outer loop
			vertex -0.03496337682008743 0.023260660469532013 -0.007374339736998081
			vertex -0.03496337682008743 0.02234702557325363 -0.006942222826182842
			vertex -0.03496337682008743 0.022492635995149612 -0.006963822059333324
		endloop
	endfacet
	facet normal -1 0 0
		outer loop
			vertex -0.03496337682008743 0.023260660469532013 -0.007374339736998081
			vertex -0.03496337682008743 0.022492635995149612 -0.006963822059333324
			vertex -0.03496337682008743 0.022635426372289658 -0.006999589502811432
		endloop
	endfacet
	facet normal -1 0 0
		outer loop
			vertex -0.03496337682008743 0.023260660469532013 -0.007374339736998081
			vertex -0.03496337682008743 0.022635426372289658 -0.006999589502811432
			vertex -0.03496337682008743 0.022774025797843933 -0.007049180567264557
		endloop
	endfacet
	facet normal -1 0 0
		outer loop
			vertex -0.03496337682008743 0.023260660469532013 -0.007374339736998081
			vertex -0.03496337682008743 0.022774025797843933 -0.007049180567264557
			vertex -0.03496337682008743 0.022907095029950142 -0.007112117949873209
		endloop
	endfacet
	facet normal -1 0 0
		outer loop
			vertex -0.03496337682008743 0.023260660469532013 -0.007374339736998081
			vertex -0.03496337682008743 0.022907095029950142 -0.007112117949873209
			vertex -0.03496337682008743 0.023033354431390762 -0.0071877953596413136
		endloop
	endfacet
	facet normal -1 0 0
		outer loop
			vertex -0.03496337682008743 0.023260660469532013 -0.007374339736998081
			vertex -0.03496337682008743 0.023033354431390762 -0.0071877953596413136
			vertex -0.03496337682008743 0.023151589557528496 -0.007275484502315521
		endloop
	endfacet
	facet normal -1 0 0
		outer loop
			vertex -0.03496337682008743 0.023260660469532013 -0.007374339736998081
			vertex -0.03496337682008743 0.023359514772892 -0.007483410183340311
			vertex -0.03496337682008743 0.023447204381227493 -0.007601644843816757
		endloop
	endfacet
	facet normal -1 0 0
		outer loop
			vertex -0.03496337682008743 0.023260660469532013 -0.007374339736998081
			vertex -0.03496337682008743 0.023447204381227493 -0.007601644843816757
			vertex -0.03496337682008743 0.023522881790995598 -0.007727904710918665
		endloop
	endfacet
	facet normal -1 0 0
		outer loop
			vertex -0.03496337682008743 0.023260660469532013 -0.007374339736998081
			vertex -0.03496337682008743 0.023522881790995598 -0.007727904710918665
			vertex -0.03496337682008743 0.023585818707942963 -0.007860974408686161
		endloop
	endfacet
	facet normal -1 0 0
		outer loop
			vertex -0.03496337682008743 0.023260660469532013 -0.007374339736998081
			vertex -0.03496337682008743 0.023585818707942963 -0.007860974408686161
			vertex -0.03496337682008743 0.023635409772396088 -0.007999572902917862
		endloop
	endfacet
	facet normal -1 0 0
		outer loop
			vertex -0.03496337682008743 0.023260660469532013 -0.007374339736998081
			vertex -0.03496337682008743 0.023635409772396088 -0.007999572902917862
			vertex -0.03496337682008743 0.02367117814719677 -0.008142364211380482
		endloop
	endfacet
	facet normal -1 0 0
		outer loop
			vertex -0.03496337682008743 0.023260660469532013 -0.007374339736998081
			vertex -0.03496337682008743 0.02367117814719677 -0.008142364211380482
			vertex -0.03496337682008743 0.023692777380347252 -0.008287974633276463
		endloop
	endfacet
	facet normal -1 0 0
		outer loop
			vertex -0.03496337682008743 0.023260660469532013 -0.007374339736998081
			vertex -0.03496337682008743 0.023692777380347252 -0.008287974633276463
			vertex -0.03496337682008743 0.02370000071823597 -0.008434999734163284
		endloop
	endfacet
	facet normal 0 0 0
		outer loop
			vertex 0 0 0
			vertex -0.0001303612079937011 0.00005290149783832021 -0.000022694743165629916
			vertex -0.0001303612079937011 0.00005290149783832021 -0.000022694743165629916
		endloop
	endfacet
	facet normal 0 0 0
		outer loop
			vertex 0 0 0
			vertex 0 0 0
			vertex -0.03496337682008743 0.003828427055850625 -0.01643499918282032
		endloop
	endfacet
	facet normal 0 0 0
		outer loop
			vertex 0 0 0
			vertex -0.0001303612079937011 0.00005290149783832021 -0.000022694743165629916
			vertex 0 0 0
		endloop
	endfacet
	facet normal 0 0 0
		outer loop
			vertex 0 0 0
			vertex 0 0 0
			vertex 0 0 0
		endloop
	endfacet
	facet normal 0 0 0
		outer loop
			vertex 0 0 0
			vertex -0.03496337682008743 0.03117157332599163 -0.01643499918282032
			vertex 0 0 0
		endloop
	endfacet
	facet normal 0.10884761713787522 0.9940584470962492 0
		outer loop
			vertex -0.03496337682008743 0.003828427055850625 0.015564999543130398
			vertex 0 0 0
			vertex -0.03496337682008743 0.003828427055850625 -0.01643499918282032
		endloop
	endfacet
	facet normal -1 0 0
		outer loop
			vertex -0.03496337682008743 0.02070000022649765 0.0035649999044835567
			vertex -0.03496337682008743 0.020814180374145508 0.002990974811837077
			vertex -0.03496337682008743 0.020764589309692383 0.0031295730732381344
		endloop
	endfacet
	facet normal -1 0 0
		outer loop
			vertex -0.03496337682008743 0.02070000022649765 0.0035649999044835567
			vertex -0.03496337682008743 0.020764589309692383 0.0031295730732381344
			vertex -0.03496337682008743 0.02072882279753685 0.003272364614531398
		endloop
	endfacet
	facet normal -1 0 0
		outer loop
			vertex -0.03496337682008743 0.02070000022649765 0.0035649999044835567
			vertex -0.03496337682008743 0.02072882279753685 0.003272364614531398
			vertex -0.03496337682008743 0.020707223564386368 0.0034179743379354477
		endloop
	endfacet
	facet normal -0.397946027785461 -0.7605158891349872 0.5130833668547374
		outer loop
			vertex -0.03496337682008743 0.02070000022649765 0.0035649999044835567
			vertex -0.0001303612079937011 0.00005290149783832021 -0.000022694743165629916
			vertex 0 0 0
		endloop
	endfacet
	facet normal -1 0 0
		outer loop
			vertex -0.03496337682008743 0.02370000071823597 0.0035649999044835567
			vertex -0.03496337682008743 0.023692777380347252 0.0034179743379354477
			vertex -0.03496337682008743 0.02367117814719677 0.003272364614531398
		endloop
	endfacet
	facet normal -1 0 0
		outer loop
			vertex -0.03496337682008743 0.02370000071823597 0.0035649999044835567
			vertex -0.03496337682008743 0.02367117814719677 0.003272364614531398
			vertex -0.03496337682008743 0.023635409772396088 0.0031295730732381344
		endloop
	endfacet
	facet normal -1 0 0
		outer loop
			vertex -0.03496337682008743 0.02370000071823597 0.0035649999044835567
			vertex -0.03496337682008743 0.023635409772396088 0.0031295730732381344
			vertex -0.03496337682008743 0.023585818707942963 0.002990974811837077
		endloop
	endfacet
	facet normal -1 0 0
		outer loop
			vertex -0.03496337682008743 0.02370000071823597 0.0035649999044835567
			vertex -0.03496337682008743 0.023585818707942963 0.002990974811837077
			vertex -0.03496337682008743 0.023522881790995598 0.0028579048812389374
		endloop
	endfacet
	facet normal -1 0 0
		outer loop
			vertex -0.03496337682008743 0.02370000071823597 0.0035649999044835567
			vertex -0.03496337682008743 0.023522881790995598 0.0028579048812389374
			vertex -0.03496337682008743 0.023447204381227493 0.0027316445484757423
		endloop
	endfacet
	facet normal -1 0 0
		outer loop
			vertex -0.03496337682008743 0.02370000071823597 0.0035649999044835567
			vertex -0.03496337682008743 0.023447204381227493 0.0027316445484757423
			vertex -0.03496337682008743 0.023359514772892 0.00261341012082994
		endloop
	endfacet
	facet normal -1 0 0
		outer loop
			vertex -0.03496337682008743 0.02370000071823597 0.0035649999044835567
			vertex -0.03496337682008743 0.023359514772892 0.00261341012082994
			vertex -0.03496337682008743 0.023260660469532013 0.0025043399073183537
		endloop
	endfacet
	facet normal -1 0 0
		outer loop
			vertex -0.03496337682008743 0.02370000071823597 0.0035649999044835567
			vertex -0.03496337682008743 0.023260660469532013 0.0025043399073183537
			vertex -0.03496337682008743 0.023151589557528496 0.0024054842069745064
		endloop
	endfacet
	facet normal -1 0 0
		outer loop
			vertex -0.03496337682008743 0.02370000071823597 0.0035649999044835567
			vertex -0.03496337682008743 0.023151589557528496 0.0024054842069745064
			vertex -0.03496337682008743 0.023033354431390762 0.002317795529961586
		endloop
	endfacet
	facet normal -1 0 0
		outer loop
			vertex -0.03496337682008743 0.02370000071823597 0.0035649999044835567
			vertex -0.03496337682008743 0.023033354431390762 0.002317795529961586
			vertex -0.03496337682008743 0.022907095029950142 0.0022421181201934814
		endloop
	endfacet
	facet normal -1 0 0
		outer loop
			vertex -0.03496337682008743 0.02370000071823597 0.0035649999044835567
			vertex -0.03496337682008743 0.022907095029950142 0.0022421181201934814
			vertex -0.03496337682008743 0.022774025797843933 0.0021791807375848293
		endloop
	endfacet
	facet normal -1 0 0
		outer loop
			vertex -0.03496337682008743 0.02370000071823597 0.0035649999044835567
			vertex -0.03496337682008743 0.022774025797843933 0.0021791807375848293
			vertex -0.03496337682008743 0.022635426372289658 0.0021295894403010607
		endloop
	endfacet
	facet normal -1 0 0
		outer loop
			vertex -0.03496337682008743 0.02370000071823597 0.0035649999044835567
			vertex -0.03496337682008743 0.022635426372289658 0.0021295894403010607
			vertex -0.03496337682008743 0.022492635995149612 0.0020938219968229532
		endloop
	endfacet
	facet normal -1 0 0
		outer loop
			vertex -0.03496337682008743 0.02370000071823597 0.0035649999044835567
			vertex -0.03496337682008743 0.022492635995149612 0.0020938219968229532
			vertex -0.03496337682008743 0.02234702557325363 0.0020722229965031147
		endloop
	endfacet
	facet normal -1 0 0
		outer loop
			vertex -0.03496337682008743 0.02370000071823597 0.0035649999044835567
			vertex -0.03496337682008743 0.02234702557325363 0.0020722229965031147
			vertex -0.03496337682008743 0.022199999541044235 0.0020649998914450407
		endloop
	endfacet
	facet normal -1 0 0
		outer loop
			vertex -0.03496337682008743 0.02370000071823597 0.0035649999044835567
			vertex -0.03496337682008743 0.022199999541044235 0.0020649998914450407
			vertex -0.03496337682008743 0.02205297350883484 0.0020722229965031147
		endloop
	endfacet
	facet normal -1 0 0
		outer loop
			vertex -0.03496337682008743 0.02370000071823597 0.0035649999044835567
			vertex -0.03496337682008743 0.02205297350883484 0.0020722229965031147
			vertex -0.03496337682008743 0.021907364949584007 0.0020938219968229532
		endloop
	endfacet
	facet normal -1 0 0
		outer loop
			vertex -0.03496337682008743 0.02370000071823597 0.0035649999044835567
			vertex -0.03496337682008743 0.021907364949584007 0.0020938219968229532
			vertex -0.03496337682008743 0.021764572709798813 0.0021295894403010607
		endloop
	endfacet
	facet normal -1 0 0
		outer loop
			vertex -0.03496337682008743 0.02370000071823597 0.0035649999044835567
			vertex -0.03496337682008743 0.021764572709798813 0.0021295894403010607
			vertex -0.03496337682008743 0.021625975146889687 0.0021791807375848293
		endloop
	endfacet
	facet normal -1 0 0
		outer loop
			vertex -0.03496337682008743 0.02370000071823597 0.0035649999044835567
			vertex -0.03496337682008743 0.021625975146889687 0.0021791807375848293
			vertex -0.03496337682008743 0.02149290405213833 0.0022421181201934814
		endloop
	endfacet
	facet normal -1 0 0
		outer loop
			vertex -0.03496337682008743 0.02370000071823597 0.0035649999044835567
			vertex -0.03496337682008743 0.02149290405213833 0.0022421181201934814
			vertex -0.03496337682008743 0.021366644650697708 0.002317795529961586
		endloop
	endfacet
	facet normal -1 0 0
		outer loop
			vertex -0.03496337682008743 0.02370000071823597 0.0035649999044835567
			vertex -0.03496337682008743 0.021366644650697708 0.002317795529961586
			vertex -0.03496337682008743 0.021248409524559975 0.0024054842069745064
		endloop
	endfacet
	facet normal -1 0 0
		outer loop
			vertex -0.03496337682008743 0.02370000071823597 0.0035649999044835567
			vertex -0.03496337682008743 0.021248409524559975 0.0024054842069745064
			vertex -0.03496337682008743 0.021139340475201607 0.0025043399073183537
		endloop
	endfacet
	facet normal -1 0 0
		outer loop
			vertex -0.03496337682008743 0.02370000071823597 0.0035649999044835567
			vertex -0.03496337682008743 0.021139340475201607 0.0025043399073183537
			vertex -0.03496337682008743 0.021040484309196472 0.00261341012082994
		endloop
	endfacet
	facet normal -1 0 0
		outer loop
			vertex -0.03496337682008743 0.02370000071823597 0.0035649999044835567
			vertex -0.03496337682008743 0.021040484309196472 0.00261341012082994
			vertex -0.03496337682008743 0.020952794700860977 0.0027316445484757423
		endloop
	endfacet
	facet normal -1 0 0
		outer loop
			vertex -0.03496337682008743 0.02370000071823597 0.0035649999044835567
			vertex -0.03496337682008743 0.020952794700860977 0.0027316445484757423
			vertex -0.03496337682008743 0.020877117291092873 0.0028579048812389374
		endloop
	endfacet
	facet normal -1 0 0
		outer loop
			vertex -0.03496337682008743 0.02370000071823597 0.0035649999044835567
			vertex -0.03496337682008743 0.020877117291092873 0.0028579048812389374
			vertex -0.03496337682008743 0.020814180374145508 0.002990974811837077
		endloop
	endfacet
	facet normal -1 0 0
		outer loop
			vertex -0.03496337682008743 0.02370000071823597 0.0035649999044835567
			vertex -0.03496337682008743 0.020814180374145508 0.002990974811837077
			vertex -0.03496337682008743 0.02070000022649765 0.0035649999044835567
		endloop
	endfacet
	facet normal 0.10143789040352479 0 0.9948418740636538
		outer loop
			vertex 0 0 0
			vertex -0.03496337682008743 0.02370000071823597 0.0035649999044835567
			vertex -0.03496337682008743 0.02070000022649765 0.0035649999044835567
		endloop
	endfacet
	facet normal 0 0 0
		outer loop
			vertex 0 0 0
			vertex -0.03496337682008743 0.02070000022649765 0.0035649999044835567
			vertex 0 0 0
		endloop
	endfacet
	facet normal 0 0 0
		outer loop
			vertex 0 0 0
			vertex 0 0 0
			vertex -0.03496337682008743 0.02370000071823597 0.0035649999044835567
		endloop
	endfacet
	facet normal 0 0 0
		outer loop
			vertex 0 0 0
			vertex 0 0 0
			vertex -0.03496337682008743 0.003828427055850625 0.015564999543130398
		endloop
	endfacet
	facet normal 0 0 0
		outer loop
			vertex -0.03496337682008743 0.03117157332599163 0.015564999543130398
			vertex 0 0 0
			vertex 0 0 0
		endloop
	endfacet
	facet normal -0.4066995989827212 0 -0.9135619498355293
		outer loop
			vertex -0.03496337682008743 0.03117157332599163 0.015564999543130398
			vertex 0 0 0
			vertex -0.03496337682008743 0.003828427055850625 0.015564999543130398
		endloop
	endfacet
	facet normal 0 0 0
		outer loop
			vertex -0.03496337682008743 0.03117157332599163 0.015564999543130398
			vertex 0 0 0
			vertex 0 0 0
		endloop
	endfacet
	facet normal -0.6654724012257727 -0.7464224562583874 0
		outer loop
			vertex -0.03496337682008743 0.03117157332599163 0.015564999543130398
			vertex -0.03496337682008743 0.03117157332599163 -0.01643499918282032
			vertex 0 0 0
		endloop
	endfacet
	facet normal -0.5098994716462233 -0.8602339965468131 0
		outer loop
			vertex -0.03496337682008743 0.02070000022649765 0.0035649999044835567
			vertex -0.03496337682008743 0.02070000022649765 -0.008434999734163284
			vertex -0.0001303612079937011 0.00005290149783832021 -0.000022694743165629916
		endloop
	endfacet
	facet normal 0 0 0
		outer loop
			vertex -0.03496337682008743 0.02070000022649765 0.0035649999044835567
			vertex -0.0001303612079937011 0.00005290149783832021 -0.000022694743165629916
			vertex -0.0001303612079937011 0.00005290149783832021 -0.000022694743165629916
		endloop
	endfacet
	facet normal 0.5610936900465391 0.8277523005041777 0
		outer loop
			vertex -0.03496337682008743 0.02370000071823597 -0.008434999734163284
			vertex -0.03496337682008743 0.02370000071823597 0.0035649999044835567
			vertex 0 0 0
		endloop
	endfacet
	facet normal 0 0 0
		outer loop
			vertex -0.03496337682008743 0.02370000071823597 -0.008434999734163284
			vertex 0 0 0
			vertex 0 0 0
		endloop
	endfacet
	facet normal 0 0 0
		outer loop
			vertex 0 0 0
			vertex 0 0 0
			vertex 0 0 0
		endloop
	endfacet
	facet normal -0.7071071413567144 0.7071064210161974 0
		outer loop
			vertex -0.03496337682008743 0.03117157332599163 0.015564999543130398
			vertex -0.03313495218753815 0.032999999821186066 0.015564999543130398
			vertex -0.03313495218753815 0.032999999821186066 -0.01643499918282032
		endloop
	endfacet
	facet normal -0.7071071413567144 0.7071064210161974 0
		outer loop
			vertex -0.03496337682008743 0.03117157332599163 0.015564999543130398
			vertex -0.03313495218753815 0.032999999821186066 -0.01643499918282032
			vertex -0.03496337682008743 0.03117157332599163 -0.01643499918282032
		endloop
	endfacet
	facet normal 0 0 0
		outer loop
			vertex 0 0 0
			vertex 0 0 0
			vertex -0.03313495218753815 0.032999999821186066 -0.01643499918282032
		endloop
	endfacet
	facet normal -0.24962380370701595 0.2191112513937345 0.9432275526804298
		outer loop
			vertex -0.010463378392159939 0.032999999821186066 -0.01043500006198883
			vertex -0.03313495218753815 0.032999999821186066 -0.01643499918282032
			vertex 0 0 0
		endloop
	endfacet
	facet normal 0 1 0
		outer loop
			vertex -0.010463378392159939 0.032999999821186066 -0.01043500006198883
			vertex -0.005963378585875034 0.032999999821186066 -0.014934999868273735
			vertex -0.03313495218753815 0.032999999821186066 -0.01643499918282032
		endloop
	endfacet
	facet normal 0.7056624179187604 0.7085482001508782 0
		outer loop
			vertex -0.03313495218753815 0.032999999821186066 0.015564999543130398
			vertex 0 0 0
			vertex -0.03313495218753815 0.032999999821186066 -0.01643499918282032
		endloop
	endfacet
	facet normal 0 0 0
		outer loop
			vertex -0.03313495218753815 0.032999999821186066 0.015564999543130398
			vertex 0 0 0
			vertex 0 0 0
		endloop
	endfacet
	facet normal 0 1 0
		outer loop
			vertex -0.002781397895887494 0.032999999821186066 -0.007253019604831934
			vertex -0.010463378392159939 0.032999999821186066 -0.01043500006198883
			vertex -0.010441710241138935 0.032999999821186066 -0.009993922896683216
		endloop
	endfacet
	facet normal 0 1 0
		outer loop
			vertex -0.002781397895887494 0.032999999821186066 -0.007253019604831934
			vertex -0.010441710241138935 0.032999999821186066 -0.009993922896683216
			vertex -0.010376912541687489 0.032999999821186066 -0.009557093493640423
		endloop
	endfacet
	facet normal 0 1 0
		outer loop
			vertex -0.002781397895887494 0.032999999821186066 -0.007253019604831934
			vertex -0.010376912541687489 0.032999999821186066 -0.009557093493640423
			vertex -0.010269610211253166 0.032999999821186066 -0.009128718636929989
		endloop
	endfacet
	facet normal 0 1 0
		outer loop
			vertex -0.002781397895887494 0.032999999821186066 -0.007253019604831934
			vertex -0.010269610211253166 0.032999999821186066 -0.009128718636929989
			vertex -0.010120836086571217 0.032999999821186066 -0.008712925016880035
		endloop
	endfacet
	facet normal 0 1 0
		outer loop
			vertex -0.002781397895887494 0.032999999821186066 -0.007253019604831934
			vertex -0.010120836086571217 0.032999999821186066 -0.008712925016880035
			vertex -0.009932024404406548 0.032999999821186066 -0.008313714526593685
		endloop
	endfacet
	facet normal 0 1 0
		outer loop
			vertex -0.002781397895887494 0.032999999821186066 -0.007253019604831934
			vertex -0.009932024404406548 0.032999999821186066 -0.008313714526593685
			vertex -0.009704992175102234 0.032999999821186066 -0.0079349335283041
		endloop
	endfacet
	facet normal 0 1 0
		outer loop
			vertex -0.002781397895887494 0.032999999821186066 -0.007253019604831934
			vertex -0.009704992175102234 0.032999999821186066 -0.0079349335283041
			vertex -0.009441925212740898 0.032999999821186066 -0.007580230012536049
		endloop
	endfacet
	facet normal 0 1 0
		outer loop
			vertex -0.002781397895887494 0.032999999821186066 -0.007253019604831934
			vertex -0.009441925212740898 0.032999999821186066 -0.007580230012536049
			vertex -0.009145358577370644 0.032999999821186066 -0.007253019604831934
		endloop
	endfacet
	facet normal 0 1 0
		outer loop
			vertex -0.002781397895887494 0.032999999821186066 -0.007253019604831934
			vertex -0.009145358577370644 0.032999999821186066 -0.007253019604831934
			vertex -0.008818148635327816 0.032999999821186066 -0.0069564529694616795
		endloop
	endfacet
	facet normal 0 1 0
		outer loop
			vertex -0.002781397895887494 0.032999999821186066 -0.007253019604831934
			vertex -0.008818148635327816 0.032999999821186066 -0.0069564529694616795
			vertex -0.00846344418823719 0.032999999821186066 -0.006693386938422918
		endloop
	endfacet
	facet normal 0 1 0
		outer loop
			vertex -0.002781397895887494 0.032999999821186066 -0.007253019604831934
			vertex -0.00846344418823719 0.032999999821186066 -0.006693386938422918
			vertex -0.00808466412127018 0.032999999821186066 -0.006466354243457317
		endloop
	endfacet
	facet normal 0 1 0
		outer loop
			vertex -0.002781397895887494 0.032999999821186066 -0.007253019604831934
			vertex -0.00808466412127018 0.032999999821186066 -0.006466354243457317
			vertex -0.007685454096645117 0.032999999821186066 -0.006277542095631361
		endloop
	endfacet
	facet normal 0 1 0
		outer loop
			vertex -0.002781397895887494 0.032999999821186066 -0.007253019604831934
			vertex -0.007685454096645117 0.032999999821186066 -0.006277542095631361
			vertex -0.007269659545272589 0.032999999821186066 -0.006128768436610699
		endloop
	endfacet
	facet normal 0 1 0
		outer loop
			vertex -0.002781397895887494 0.032999999821186066 -0.007253019604831934
			vertex -0.007269659545272589 0.032999999821186066 -0.006128768436610699
			vertex -0.006841285154223442 0.032999999821186066 -0.006021466106176376
		endloop
	endfacet
	facet normal 0 1 0
		outer loop
			vertex -0.002781397895887494 0.032999999821186066 -0.007253019604831934
			vertex -0.006841285154223442 0.032999999821186066 -0.006021466106176376
			vertex -0.006404455751180649 0.032999999821186066 -0.005956668872386217
		endloop
	endfacet
	facet normal 0 1 0
		outer loop
			vertex -0.002781397895887494 0.032999999821186066 -0.007253019604831934
			vertex -0.006404455751180649 0.032999999821186066 -0.005956668872386217
			vertex -0.005963378585875034 0.032999999821186066 -0.005934999790042639
		endloop
	endfacet
	facet normal 0 1 0
		outer loop
			vertex -0.002781397895887494 0.032999999821186066 -0.007253019604831934
			vertex -0.005963378585875034 0.032999999821186066 -0.005934999790042639
			vertex -0.00552230142056942 0.032999999821186066 -0.005956668872386217
		endloop
	endfacet
	facet normal 0 1 0
		outer loop
			vertex -0.002781397895887494 0.032999999821186066 -0.007253019604831934
			vertex -0.00552230142056942 0.032999999821186066 -0.005956668872386217
			vertex -0.005085472017526627 0.032999999821186066 -0.006021466106176376
		endloop
	endfacet
	facet normal 0 1 0
		outer loop
			vertex -0.002781397895887494 0.032999999821186066 -0.007253019604831934
			vertex -0.005085472017526627 0.032999999821186066 -0.006021466106176376
			vertex -0.00465709762647748 0.032999999821186066 -0.006128768436610699
		endloop
	endfacet
	facet normal 0 1 0
		outer loop
			vertex -0.002781397895887494 0.032999999821186066 -0.007253019604831934
			vertex -0.00465709762647748 0.032999999821186066 -0.006128768436610699
			vertex -0.004241303075104952 0.032999999821186066 -0.006277542095631361
		endloop
	endfacet
	facet normal 0 1 0
		outer loop
			vertex -0.002781397895887494 0.032999999821186066 -0.007253019604831934
			vertex -0.004241303075104952 0.032999999821186066 -0.006277542095631361
			vertex -0.0038420932833105326 0.032999999821186066 -0.006466354243457317
		endloop
	endfacet
	facet normal 0 1 0
		outer loop
			vertex -0.002781397895887494 0.032999999821186066 -0.007253019604831934
			vertex -0.0038420932833105326 0.032999999821186066 -0.006466354243457317
			vertex -0.003463312517851591 0.032999999821186066 -0.006693386938422918
		endloop
	endfacet
	facet normal 0 1 0
		outer loop
			vertex -0.002781397895887494 0.032999999821186066 -0.007253019604831934
			vertex -0.003463312517851591 0.032999999821186066 -0.006693386938422918
			vertex -0.0031086087692528963 0.032999999821186066 -0.0069564529694616795
		endloop
	endfacet
	facet normal 0 1 0
		outer loop
			vertex -0.002781397895887494 0.032999999821186066 -0.007253019604831934
			vertex -0.0024848314933478832 0.032999999821186066 -0.007580230012536049
			vertex -0.0022217652294784784 0.032999999821186066 -0.0079349335283041
		endloop
	endfacet
	facet normal 0 1 0
		outer loop
			vertex -0.002781397895887494 0.032999999821186066 -0.007253019604831934
			vertex -0.0022217652294784784 0.032999999821186066 -0.0079349335283041
			vertex -0.001994732767343521 0.032999999821186066 -0.008313714526593685
		endloop
	endfacet
	facet normal 0 1 0
		outer loop
			vertex -0.002781397895887494 0.032999999821186066 -0.007253019604831934
			vertex -0.001994732767343521 0.032999999821186066 -0.008313714526593685
			vertex -0.0018059206195175648 0.032999999821186066 -0.008712925016880035
		endloop
	endfacet
	facet normal 0 1 0
		outer loop
			vertex -0.002781397895887494 0.032999999821186066 -0.007253019604831934
			vertex -0.0018059206195175648 0.032999999821186066 -0.008712925016880035
			vertex -0.0016571469604969025 0.032999999821186066 -0.009128718636929989
		endloop
	endfacet
	facet normal 0 1 0
		outer loop
			vertex -0.002781397895887494 0.032999999821186066 -0.007253019604831934
			vertex -0.0016571469604969025 0.032999999821186066 -0.009128718636929989
			vertex -0.001549844746477902 0.032999999821186066 -0.009557093493640423
		endloop
	endfacet
	facet normal 0 1 0
		outer loop
			vertex -0.002781397895887494 0.032999999821186066 -0.007253019604831934
			vertex -0.001549844746477902 0.032999999821186066 -0.009557093493640423
			vertex -0.001485047279857099 0.032999999821186066 -0.009993922896683216
		endloop
	endfacet
	facet normal 0 1 0
		outer loop
			vertex -0.002781397895887494 0.032999999821186066 -0.007253019604831934
			vertex -0.001485047279857099 0.032999999821186066 -0.009993922896683216
			vertex -0.0014633785467594862 0.032999999821186066 -0.01043500006198883
		endloop
	endfacet
	facet normal 0 1 0
		outer loop
			vertex -0.002781397895887494 0.032999999821186066 -0.007253019604831934
			vertex -0.0014633785467594862 0.032999999821186066 -0.01043500006198883
			vertex -0.001485047279857099 0.032999999821186066 -0.010876077227294445
		endloop
	endfacet
	facet normal 0 1 0
		outer loop
			vertex -0.002781397895887494 0.032999999821186066 -0.007253019604831934
			vertex -0.001485047279857099 0.032999999821186066 -0.010876077227294445
			vertex -0.001549844746477902 0.032999999821186066 -0.011312906630337238
		endloop
	endfacet
	facet normal 0 1 0
		outer loop
			vertex -0.002781397895887494 0.032999999821186066 -0.007253019604831934
			vertex -0.001549844746477902 0.032999999821186066 -0.011312906630337238
			vertex -0.0016571469604969025 0.032999999821186066 -0.011741281487047672
		endloop
	endfacet
	facet normal 0 1 0
		outer loop
			vertex -0.002781397895887494 0.032999999821186066 -0.007253019604831934
			vertex -0.0016571469604969025 0.032999999821186066 -0.011741281487047672
			vertex -0.0018059206195175648 0.032999999821186066 -0.012157075107097626
		endloop
	endfacet
	facet normal 0 1 0
		outer loop
			vertex -0.002781397895887494 0.032999999821186066 -0.007253019604831934
			vertex -0.0018059206195175648 0.032999999821186066 -0.012157075107097626
			vertex -0.001994732767343521 0.032999999821186066 -0.012556285597383976
		endloop
	endfacet
	facet normal 0 1 0
		outer loop
			vertex -0.002781397895887494 0.032999999821186066 -0.007253019604831934
			vertex -0.001994732767343521 0.032999999821186066 -0.012556285597383976
			vertex -0.0022217652294784784 0.032999999821186066 -0.012935065664350986
		endloop
	endfacet
	facet normal 0 1 0
		outer loop
			vertex -0.002781397895887494 0.032999999821186066 -0.007253019604831934
			vertex -0.0022217652294784784 0.032999999821186066 -0.012935065664350986
			vertex -0.0024848314933478832 0.032999999821186066 -0.013289770111441612
		endloop
	endfacet
	facet normal 0 1 0
		outer loop
			vertex -0.002781397895887494 0.032999999821186066 -0.007253019604831934
			vertex -0.0024848314933478832 0.032999999821186066 -0.013289770111441612
			vertex -0.002781397895887494 0.032999999821186066 -0.01361698005348444
		endloop
	endfacet
	facet normal 0 1 0
		outer loop
			vertex -0.002781397895887494 0.032999999821186066 -0.007253019604831934
			vertex -0.002781397895887494 0.032999999821186066 -0.01361698005348444
			vertex -0.0031086087692528963 0.032999999821186066 -0.013913546688854694
		endloop
	endfacet
	facet normal 0 1 0
		outer loop
			vertex -0.002781397895887494 0.032999999821186066 -0.007253019604831934
			vertex -0.0031086087692528963 0.032999999821186066 -0.013913546688854694
			vertex -0.003463312517851591 0.032999999821186066 -0.01417661365121603
		endloop
	endfacet
	facet normal 0 1 0
		outer loop
			vertex -0.002781397895887494 0.032999999821186066 -0.007253019604831934
			vertex -0.003463312517851591 0.032999999821186066 -0.01417661365121603
			vertex -0.0038420932833105326 0.032999999821186066 -0.014403645880520344
		endloop
	endfacet
	facet normal 0 1 0
		outer loop
			vertex -0.002781397895887494 0.032999999821186066 -0.007253019604831934
			vertex -0.0038420932833105326 0.032999999821186066 -0.014403645880520344
			vertex -0.004241303075104952 0.032999999821186066 -0.014592457562685013
		endloop
	endfacet
	facet normal 0 1 0
		outer loop
			vertex -0.002781397895887494 0.032999999821186066 -0.007253019604831934
			vertex -0.004241303075104952 0.032999999821186066 -0.014592457562685013
			vertex -0.00465709762647748 0.032999999821186066 -0.014741231687366962
		endloop
	endfacet
	facet normal 0 1 0
		outer loop
			vertex -0.002781397895887494 0.032999999821186066 -0.007253019604831934
			vertex -0.00465709762647748 0.032999999821186066 -0.014741231687366962
			vertex -0.005085472017526627 0.032999999821186066 -0.014848534017801285
		endloop
	endfacet
	facet normal 0 1 0
		outer loop
			vertex -0.002781397895887494 0.032999999821186066 -0.007253019604831934
			vertex -0.005085472017526627 0.032999999821186066 -0.014848534017801285
			vertex -0.00552230142056942 0.032999999821186066 -0.014913331717252731
		endloop
	endfacet
	facet normal 0 1 0
		outer loop
			vertex -0.002781397895887494 0.032999999821186066 -0.007253019604831934
			vertex -0.00552230142056942 0.032999999821186066 -0.014913331717252731
			vertex -0.005963378585875034 0.032999999821186066 -0.014934999868273735
		endloop
	endfacet
	facet normal 0 1 0
		outer loop
			vertex -0.002781397895887494 0.032999999821186066 -0.007253019604831934
			vertex -0.005963378585875034 0.032999999821186066 -0.014934999868273735
			vertex -0.010463378392159939 0.032999999821186066 -0.01043500006198883
		endloop
	endfacet
	facet normal -0.25091670498667995 0.1952504223603648 -0.9481129045249446
		outer loop
			vertex -0.010463378392159939 0.032999999821186066 0.009565000422298908
			vertex 0 0 0
			vertex -0.03313495218753815 0.032999999821186066 0.015564999543130398
		endloop
	endfacet
	facet normal 0 1 0
		outer loop
			vertex 0.01903662085533142 0.032999999821186066 -0.014934999868273735
			vertex 0.01859554462134838 0.032999999821186066 -0.014913331717252731
			vertex 0.018158715218305588 0.032999999821186066 -0.014848534017801285
		endloop
	endfacet
	facet normal 0 1 0
		outer loop
			vertex -0.005963378585875034 0.032999999821186066 0.014065000228583813
			vertex -0.010463378392159939 0.032999999821186066 0.009565000422298908
			vertex -0.03313495218753815 0.032999999821186066 0.015564999543130398
		endloop
	endfacet
	facet normal 0 1 0
		outer loop
			vertex -0.002781397895887494 0.032999999821186066 0.012746980413794518
			vertex -0.00465709762647748 0.032999999821186066 0.005258768331259489
			vertex -0.005085472017526627 0.032999999821186066 0.005151466466486454
		endloop
	endfacet
	facet normal 0 1 0
		outer loop
			vertex -0.002781397895887494 0.032999999821186066 0.012746980413794518
			vertex -0.005085472017526627 0.032999999821186066 0.005151466466486454
			vertex -0.00552230142056942 0.032999999821186066 0.0050866687670350075
		endloop
	endfacet
	facet normal 0 1 0
		outer loop
			vertex -0.002781397895887494 0.032999999821186066 0.012746980413794518
			vertex -0.00552230142056942 0.032999999821186066 0.0050866687670350075
			vertex -0.005963378585875034 0.032999999821186066 0.0050650001503527164
		endloop
	endfacet
	facet normal 0 1 0
		outer loop
			vertex -0.002781397895887494 0.032999999821186066 0.012746980413794518
			vertex -0.005963378585875034 0.032999999821186066 0.0050650001503527164
			vertex -0.006404455751180649 0.032999999821186066 0.0050866687670350075
		endloop
	endfacet
	facet normal 0 1 0
		outer loop
			vertex -0.002781397895887494 0.032999999821186066 0.012746980413794518
			vertex -0.006404455751180649 0.032999999821186066 0.0050866687670350075
			vertex -0.006841285154223442 0.032999999821186066 0.005151466466486454
		endloop
	endfacet
	facet normal 0 1 0
		outer loop
			vertex -0.002781397895887494 0.032999999821186066 0.012746980413794518
			vertex -0.006841285154223442 0.032999999821186066 0.005151466466486454
			vertex -0.007269659545272589 0.032999999821186066 0.005258768331259489
		endloop
	endfacet
	facet normal 0 1 0
		outer loop
			vertex -0.002781397895887494 0.032999999821186066 0.012746980413794518
			vertex -0.007269659545272589 0.032999999821186066 0.005258768331259489
			vertex -0.007685454096645117 0.032999999821186066 0.005407541990280151
		endloop
	endfacet
	facet normal 0 1 0
		outer loop
			vertex -0.002781397895887494 0.032999999821186066 0.012746980413794518
			vertex -0.007685454096645117 0.032999999821186066 0.005407541990280151
			vertex -0.00808466412127018 0.032999999821186066 0.005596354138106108
		endloop
	endfacet
	facet normal 0 1 0
		outer loop
			vertex -0.002781397895887494 0.032999999821186066 0.012746980413794518
			vertex -0.00808466412127018 0.032999999821186066 0.005596354138106108
			vertex -0.00846344418823719 0.032999999821186066 0.005823386833071709
		endloop
	endfacet
	facet normal 0 1 0
		outer loop
			vertex -0.002781397895887494 0.032999999821186066 0.012746980413794518
			vertex -0.00846344418823719 0.032999999821186066 0.005823386833071709
			vertex -0.008818148635327816 0.032999999821186066 0.00608645286411047
		endloop
	endfacet
	facet normal 0 1 0
		outer loop
			vertex -0.002781397895887494 0.032999999821186066 0.012746980413794518
			vertex -0.008818148635327816 0.032999999821186066 0.00608645286411047
			vertex -0.009145358577370644 0.032999999821186066 0.006383019499480724
		endloop
	endfacet
	facet normal 0 1 0
		outer loop
			vertex -0.002781397895887494 0.032999999821186066 0.012746980413794518
			vertex -0.009145358577370644 0.032999999821186066 0.006383019499480724
			vertex -0.009441925212740898 0.032999999821186066 0.0067102303728461266
		endloop
	endfacet
	facet normal 0 1 0
		outer loop
			vertex -0.002781397895887494 0.032999999821186066 0.012746980413794518
			vertex -0.009441925212740898 0.032999999821186066 0.0067102303728461266
			vertex -0.009704992175102234 0.032999999821186066 0.007064933888614178
		endloop
	endfacet
	facet normal 0 1 0
		outer loop
			vertex -0.002781397895887494 0.032999999821186066 0.012746980413794518
			vertex -0.009704992175102234 0.032999999821186066 0.007064933888614178
			vertex -0.009932024404406548 0.032999999821186066 0.007443714886903763
		endloop
	endfacet
	facet normal 0 1 0
		outer loop
			vertex -0.002781397895887494 0.032999999821186066 0.012746980413794518
			vertex -0.009932024404406548 0.032999999821186066 0.007443714886903763
			vertex -0.010120836086571217 0.032999999821186066 0.007842924445867538
		endloop
	endfacet
	facet normal 0 1 0
		outer loop
			vertex -0.002781397895887494 0.032999999821186066 0.012746980413794518
			vertex -0.010120836086571217 0.032999999821186066 0.007842924445867538
			vertex -0.010269610211253166 0.032999999821186066 0.008258718997240067
		endloop
	endfacet
	facet normal 0 1 0
		outer loop
			vertex -0.002781397895887494 0.032999999821186066 0.012746980413794518
			vertex -0.010269610211253166 0.032999999821186066 0.008258718997240067
			vertex -0.010376912541687489 0.032999999821186066 0.0086870938539505
		endloop
	endfacet
	facet normal 0 1 0
		outer loop
			vertex -0.002781397895887494 0.032999999821186066 0.012746980413794518
			vertex -0.010376912541687489 0.032999999821186066 0.0086870938539505
			vertex -0.010441710241138935 0.032999999821186066 0.009123923256993294
		endloop
	endfacet
	facet normal 0 1 0
		outer loop
			vertex -0.002781397895887494 0.032999999821186066 0.012746980413794518
			vertex -0.010441710241138935 0.032999999821186066 0.009123923256993294
			vertex -0.010463378392159939 0.032999999821186066 0.009565000422298908
		endloop
	endfacet
	facet normal 0 1 0
		outer loop
			vertex -0.002781397895887494 0.032999999821186066 0.012746980413794518
			vertex -0.005963378585875034 0.032999999821186066 0.014065000228583813
			vertex -0.00552230142056942 0.032999999821186066 0.014043331146240234
		endloop
	endfacet
	facet normal 0 1 0
		outer loop
			vertex -0.002781397895887494 0.032999999821186066 0.012746980413794518
			vertex -0.00552230142056942 0.032999999821186066 0.014043331146240234
			vertex -0.005085472017526627 0.032999999821186066 0.013978533446788788
		endloop
	endfacet
	facet normal 0 1 0
		outer loop
			vertex -0.002781397895887494 0.032999999821186066 0.012746980413794518
			vertex -0.005085472017526627 0.032999999821186066 0.013978533446788788
			vertex -0.00465709762647748 0.032999999821186066 0.013871231116354465
		endloop
	endfacet
	facet normal 0 1 0
		outer loop
			vertex -0.002781397895887494 0.032999999821186066 0.012746980413794518
			vertex -0.00465709762647748 0.032999999821186066 0.013871231116354465
			vertex -0.004241303075104952 0.032999999821186066 0.01372245792299509
		endloop
	endfacet
	facet normal 0 1 0
		outer loop
			vertex -0.002781397895887494 0.032999999821186066 0.012746980413794518
			vertex -0.004241303075104952 0.032999999821186066 0.01372245792299509
			vertex -0.0038420932833105326 0.032999999821186066 0.013533645309507847
		endloop
	endfacet
	facet normal 0 1 0
		outer loop
			vertex -0.002781397895887494 0.032999999821186066 0.012746980413794518
			vertex -0.0038420932833105326 0.032999999821186066 0.013533645309507847
			vertex -0.003463312517851591 0.032999999821186066 0.013306613080203533
		endloop
	endfacet
	facet normal 0 1 0
		outer loop
			vertex -0.002781397895887494 0.032999999821186066 0.012746980413794518
			vertex -0.003463312517851591 0.032999999821186066 0.013306613080203533
			vertex -0.0031086087692528963 0.032999999821186066 0.013043547049164772
		endloop
	endfacet
	facet normal 0 1 0
		outer loop
			vertex -0.002781397895887494 0.032999999821186066 0.012746980413794518
			vertex -0.0024848314933478832 0.032999999821186066 0.012419769540429115
			vertex -0.0022217652294784784 0.032999999821186066 0.012065066024661064
		endloop
	endfacet
	facet normal 0 1 0
		outer loop
			vertex -0.002781397895887494 0.032999999821186066 0.012746980413794518
			vertex -0.0022217652294784784 0.032999999821186066 0.012065066024661064
			vertex -0.001994732767343521 0.032999999821186066 0.011686285026371479
		endloop
	endfacet
	facet normal 0 1 0
		outer loop
			vertex -0.002781397895887494 0.032999999821186066 0.012746980413794518
			vertex -0.001994732767343521 0.032999999821186066 0.011686285026371479
			vertex -0.0018059206195175648 0.032999999821186066 0.011287075467407703
		endloop
	endfacet
	facet normal 0 1 0
		outer loop
			vertex -0.002781397895887494 0.032999999821186066 0.012746980413794518
			vertex -0.0018059206195175648 0.032999999821186066 0.011287075467407703
			vertex -0.0016571469604969025 0.032999999821186066 0.010871280916035175
		endloop
	endfacet
	facet normal 0 1 0
		outer loop
			vertex -0.002781397895887494 0.032999999821186066 0.012746980413794518
			vertex -0.0016571469604969025 0.032999999821186066 0.010871280916035175
			vertex -0.001549844746477902 0.032999999821186066 0.010442906059324741
		endloop
	endfacet
	facet normal 0 1 0
		outer loop
			vertex -0.002781397895887494 0.032999999821186066 0.012746980413794518
			vertex -0.001549844746477902 0.032999999821186066 0.010442906059324741
			vertex -0.001485047279857099 0.032999999821186066 0.010006077587604523
		endloop
	endfacet
	facet normal 0 1 0
		outer loop
			vertex -0.002781397895887494 0.032999999821186066 0.012746980413794518
			vertex -0.001485047279857099 0.032999999821186066 0.010006077587604523
			vertex -0.0014633785467594862 0.032999999821186066 0.009565000422298908
		endloop
	endfacet
	facet normal 0 1 0
		outer loop
			vertex -0.002781397895887494 0.032999999821186066 0.012746980413794518
			vertex -0.0014633785467594862 0.032999999821186066 0.009565000422298908
			vertex -0.001485047279857099 0.032999999821186066 0.009123923256993294
		endloop
	endfacet
	facet normal 0 1 0
		outer loop
			vertex -0.002781397895887494 0.032999999821186066 0.012746980413794518
			vertex -0.001485047279857099 0.032999999821186066 0.009123923256993294
			vertex -0.001549844746477902 0.032999999821186066 0.0086870938539505
		endloop
	endfacet
	facet normal 0 1 0
		outer loop
			vertex -0.002781397895887494 0.032999999821186066 0.012746980413794518
			vertex -0.001549844746477902 0.032999999821186066 0.0086870938539505
			vertex -0.0016571469604969025 0.032999999821186066 0.008258718997240067
		endloop
	endfacet
	facet normal 0 1 0
		outer loop
			vertex -0.002781397895887494 0.032999999821186066 0.012746980413794518
			vertex -0.0016571469604969025 0.032999999821186066 0.008258718997240067
			vertex -0.0018059206195175648 0.032999999821186066 0.007842924445867538
		endloop
	endfacet
	facet normal 0 1 0
		outer loop
			vertex -0.002781397895887494 0.032999999821186066 0.012746980413794518
			vertex -0.0018059206195175648 0.032999999821186066 0.007842924445867538
			vertex -0.001994732767343521 0.032999999821186066 0.007443714886903763
		endloop
	endfacet
	facet normal 0 1 0
		outer loop
			vertex -0.002781397895887494 0.032999999821186066 0.012746980413794518
			vertex -0.001994732767343521 0.032999999821186066 0.007443714886903763
			vertex -0.0022217652294784784 0.032999999821186066 0.007064933888614178
		endloop
	endfacet
	facet normal 0 1 0
		outer loop
			vertex -0.002781397895887494 0.032999999821186066 0.012746980413794518
			vertex -0.0022217652294784784 0.032999999821186066 0.007064933888614178
			vertex -0.0024848314933478832 0.032999999821186066 0.0067102303728461266
		endloop
	endfacet
	facet normal 0 1 0
		outer loop
			vertex -0.002781397895887494 0.032999999821186066 0.012746980413794518
			vertex -0.0024848314933478832 0.032999999821186066 0.0067102303728461266
			vertex -0.002781397895887494 0.032999999821186066 0.006383019499480724
		endloop
	endfacet
	facet normal 0 1 0
		outer loop
			vertex -0.002781397895887494 0.032999999821186066 0.012746980413794518
			vertex -0.002781397895887494 0.032999999821186066 0.006383019499480724
			vertex -0.0031086087692528963 0.032999999821186066 0.00608645286411047
		endloop
	endfacet
	facet normal 0 1 0
		outer loop
			vertex -0.002781397895887494 0.032999999821186066 0.012746980413794518
			vertex -0.010463378392159939 0.032999999821186066 0.009565000422298908
			vertex -0.005963378585875034 0.032999999821186066 0.014065000228583813
		endloop
	endfacet
	facet normal 0 1 0
		outer loop
			vertex -0.002781397895887494 0.032999999821186066 0.012746980413794518
			vertex -0.0031086087692528963 0.032999999821186066 0.00608645286411047
			vertex -0.003463312517851591 0.032999999821186066 0.005823386833071709
		endloop
	endfacet
	facet normal 0 1 0
		outer loop
			vertex -0.002781397895887494 0.032999999821186066 0.012746980413794518
			vertex -0.003463312517851591 0.032999999821186066 0.005823386833071709
			vertex -0.0038420932833105326 0.032999999821186066 0.005596354138106108
		endloop
	endfacet
	facet normal 0 1 0
		outer loop
			vertex -0.002781397895887494 0.032999999821186066 0.012746980413794518
			vertex -0.0038420932833105326 0.032999999821186066 0.005596354138106108
			vertex -0.004241303075104952 0.032999999821186066 0.005407541990280151
		endloop
	endfacet
	facet normal 0 1 0
		outer loop
			vertex -0.002781397895887494 0.032999999821186066 0.012746980413794518
			vertex -0.004241303075104952 0.032999999821186066 0.005407541990280151
			vertex -0.00465709762647748 0.032999999821186066 0.005258768331259489
		endloop
	endfacet
	facet normal 0 1 0
		outer loop
			vertex 0.022218601778149605 0.032999999821186066 -0.007253019604831934
			vertex 0.01903662085533142 0.032999999821186066 -0.005934999790042639
			vertex 0.01947769895195961 0.032999999821186066 -0.005956668872386217
		endloop
	endfacet
	facet normal 0 1 0
		outer loop
			vertex 0.022218601778149605 0.032999999821186066 -0.007253019604831934
			vertex 0.01947769895195961 0.032999999821186066 -0.005956668872386217
			vertex 0.019914528355002403 0.032999999821186066 -0.006021466106176376
		endloop
	endfacet
	facet normal 0 1 0
		outer loop
			vertex 0.022218601778149605 0.032999999821186066 -0.007253019604831934
			vertex 0.02351495251059532 0.032999999821186066 -0.009993922896683216
			vertex 0.023536620661616325 0.032999999821186066 -0.01043500006198883
		endloop
	endfacet
	facet normal 0 1 0
		outer loop
			vertex 0.022218601778149605 0.032999999821186066 -0.007253019604831934
			vertex 0.01903662085533142 0.032999999821186066 -0.014934999868273735
			vertex 0.018158715218305588 0.032999999821186066 -0.014848534017801285
		endloop
	endfacet
	facet normal 0 1 0
		outer loop
			vertex 0.022218601778149605 0.032999999821186066 -0.007253019604831934
			vertex 0.018158715218305588 0.032999999821186066 -0.014848534017801285
			vertex 0.017730340361595154 0.032999999821186066 -0.014741231687366962
		endloop
	endfacet
	facet normal 0 1 0
		outer loop
			vertex 0.022218601778149605 0.032999999821186066 -0.007253019604831934
			vertex 0.017730340361595154 0.032999999821186066 -0.014741231687366962
			vertex 0.017314545810222626 0.032999999821186066 -0.014592457562685013
		endloop
	endfacet
	facet normal 0 1 0
		outer loop
			vertex 0.022218601778149605 0.032999999821186066 -0.007253019604831934
			vertex 0.017314545810222626 0.032999999821186066 -0.014592457562685013
			vertex 0.01691533625125885 0.032999999821186066 -0.014403645880520344
		endloop
	endfacet
	facet normal 0 1 0
		outer loop
			vertex 0.022218601778149605 0.032999999821186066 -0.007253019604831934
			vertex 0.01691533625125885 0.032999999821186066 -0.014403645880520344
			vertex 0.01653655618429184 0.032999999821186066 -0.01417661365121603
		endloop
	endfacet
	facet normal 0 1 0
		outer loop
			vertex 0.022218601778149605 0.032999999821186066 -0.007253019604831934
			vertex 0.01653655618429184 0.032999999821186066 -0.01417661365121603
			vertex 0.01618185080587864 0.032999999821186066 -0.013913546688854694
		endloop
	endfacet
	facet normal 0 1 0
		outer loop
			vertex 0.022218601778149605 0.032999999821186066 -0.007253019604831934
			vertex 0.01618185080587864 0.032999999821186066 -0.013913546688854694
			vertex 0.015854641795158386 0.032999999821186066 -0.01361698005348444
		endloop
	endfacet
	facet normal 0 1 0
		outer loop
			vertex 0.022218601778149605 0.032999999821186066 -0.007253019604831934
			vertex 0.015854641795158386 0.032999999821186066 -0.01361698005348444
			vertex 0.015558074228465557 0.032999999821186066 -0.013289770111441612
		endloop
	endfacet
	facet normal 0 1 0
		outer loop
			vertex 0.022218601778149605 0.032999999821186066 -0.007253019604831934
			vertex 0.015558074228465557 0.032999999821186066 -0.013289770111441612
			vertex 0.015295008197426796 0.032999999821186066 -0.012935065664350986
		endloop
	endfacet
	facet normal 0 1 0
		outer loop
			vertex 0.022218601778149605 0.032999999821186066 -0.007253019604831934
			vertex 0.015295008197426796 0.032999999821186066 -0.012935065664350986
			vertex 0.015067975968122482 0.032999999821186066 -0.012556285597383976
		endloop
	endfacet
	facet normal 0 1 0
		outer loop
			vertex 0.022218601778149605 0.032999999821186066 -0.007253019604831934
			vertex 0.023536620661616325 0.032999999821186066 -0.01043500006198883
			vertex 0.01903662085533142 0.032999999821186066 -0.014934999868273735
		endloop
	endfacet
	facet normal 0 1 0
		outer loop
			vertex 0.022218601778149605 0.032999999821186066 -0.007253019604831934
			vertex 0.015067975968122482 0.032999999821186066 -0.012556285597383976
			vertex 0.014879163354635239 0.032999999821186066 -0.012157075107097626
		endloop
	endfacet
	facet normal 0 1 0
		outer loop
			vertex 0.022218601778149605 0.032999999821186066 -0.007253019604831934
			vertex 0.014879163354635239 0.032999999821186066 -0.012157075107097626
			vertex 0.014730390161275864 0.032999999821186066 -0.011741281487047672
		endloop
	endfacet
	facet normal 0 1 0
		outer loop
			vertex 0.022218601778149605 0.032999999821186066 -0.007253019604831934
			vertex 0.014730390161275864 0.032999999821186066 -0.011741281487047672
			vertex 0.014623087830841541 0.032999999821186066 -0.011312906630337238
		endloop
	endfacet
	facet normal 0 1 0
		outer loop
			vertex 0.022218601778149605 0.032999999821186066 -0.007253019604831934
			vertex 0.014623087830841541 0.032999999821186066 -0.011312906630337238
			vertex 0.014558290131390095 0.032999999821186066 -0.010876077227294445
		endloop
	endfacet
	facet normal 0 1 0
		outer loop
			vertex 0.022218601778149605 0.032999999821186066 -0.007253019604831934
			vertex 0.014558290131390095 0.032999999821186066 -0.010876077227294445
			vertex 0.014536621049046516 0.032999999821186066 -0.01043500006198883
		endloop
	endfacet
	facet normal 0 1 0
		outer loop
			vertex 0.022218601778149605 0.032999999821186066 -0.007253019604831934
			vertex 0.014536621049046516 0.032999999821186066 -0.01043500006198883
			vertex 0.014558290131390095 0.032999999821186066 -0.009993922896683216
		endloop
	endfacet
	facet normal 0 1 0
		outer loop
			vertex 0.022218601778149605 0.032999999821186066 -0.007253019604831934
			vertex 0.014558290131390095 0.032999999821186066 -0.009993922896683216
			vertex 0.014623087830841541 0.032999999821186066 -0.009557093493640423
		endloop
	endfacet
	facet normal 0 1 0
		outer loop
			vertex 0.022218601778149605 0.032999999821186066 -0.007253019604831934
			vertex 0.014623087830841541 0.032999999821186066 -0.009557093493640423
			vertex 0.014730390161275864 0.032999999821186066 -0.009128718636929989
		endloop
	endfacet
	facet normal 0 1 0
		outer loop
			vertex 0.022218601778149605 0.032999999821186066 -0.007253019604831934
			vertex 0.014730390161275864 0.032999999821186066 -0.009128718636929989
			vertex 0.014879163354635239 0.032999999821186066 -0.008712925016880035
		endloop
	endfacet
	facet normal 0 1 0
		outer loop
			vertex 0.022218601778149605 0.032999999821186066 -0.007253019604831934
			vertex 0.014879163354635239 0.032999999821186066 -0.008712925016880035
			vertex 0.015067975968122482 0.032999999821186066 -0.008313714526593685
		endloop
	endfacet
	facet normal 0 1 0
		outer loop
			vertex 0.022218601778149605 0.032999999821186066 -0.007253019604831934
			vertex 0.015067975968122482 0.032999999821186066 -0.008313714526593685
			vertex 0.015295008197426796 0.032999999821186066 -0.0079349335283041
		endloop
	endfacet
	facet normal 0 1 0
		outer loop
			vertex 0.022218601778149605 0.032999999821186066 -0.007253019604831934
			vertex 0.015295008197426796 0.032999999821186066 -0.0079349335283041
			vertex 0.015558074228465557 0.032999999821186066 -0.007580230012536049
		endloop
	endfacet
	facet normal 0 1 0
		outer loop
			vertex 0.022218601778149605 0.032999999821186066 -0.007253019604831934
			vertex 0.015558074228465557 0.032999999821186066 -0.007580230012536049
			vertex 0.015854641795158386 0.032999999821186066 -0.007253019604831934
		endloop
	endfacet
	facet normal 0 1 0
		outer loop
			vertex 0.022218601778149605 0.032999999821186066 -0.007253019604831934
			vertex 0.015854641795158386 0.032999999821186066 -0.007253019604831934
			vertex 0.01618185080587864 0.032999999821186066 -0.0069564529694616795
		endloop
	endfacet
	facet normal 0 1 0
		outer loop
			vertex 0.022218601778149605 0.032999999821186066 -0.007253019604831934
			vertex 0.01618185080587864 0.032999999821186066 -0.0069564529694616795
			vertex 0.01653655618429184 0.032999999821186066 -0.006693386938422918
		endloop
	endfacet
	facet normal 0 1 0
		outer loop
			vertex 0.022218601778149605 0.032999999821186066 -0.007253019604831934
			vertex 0.01653655618429184 0.032999999821186066 -0.006693386938422918
			vertex 0.01691533625125885 0.032999999821186066 -0.006466354243457317
		endloop
	endfacet
	facet normal 0 1 0
		outer loop
			vertex 0.022218601778149605 0.032999999821186066 -0.007253019604831934
			vertex 0.01691533625125885 0.032999999821186066 -0.006466354243457317
			vertex 0.017314545810222626 0.032999999821186066 -0.006277542095631361
		endloop
	endfacet
	facet normal 0 1 0
		outer loop
			vertex 0.022218601778149605 0.032999999821186066 -0.007253019604831934
			vertex 0.017314545810222626 0.032999999821186066 -0.006277542095631361
			vertex 0.017730340361595154 0.032999999821186066 -0.006128768436610699
		endloop
	endfacet
	facet normal 0 1 0
		outer loop
			vertex 0.022218601778149605 0.032999999821186066 -0.007253019604831934
			vertex 0.017730340361595154 0.032999999821186066 -0.006128768436610699
			vertex 0.018158715218305588 0.032999999821186066 -0.006021466106176376
		endloop
	endfacet
	facet normal 0 1 0
		outer loop
			vertex 0.022218601778149605 0.032999999821186066 -0.007253019604831934
			vertex 0.018158715218305588 0.032999999821186066 -0.006021466106176376
			vertex 0.01859554462134838 0.032999999821186066 -0.005956668872386217
		endloop
	endfacet
	facet normal 0 1 0
		outer loop
			vertex 0.022218601778149605 0.032999999821186066 -0.007253019604831934
			vertex 0.01859554462134838 0.032999999821186066 -0.005956668872386217
			vertex 0.01903662085533142 0.032999999821186066 -0.005934999790042639
		endloop
	endfacet
	facet normal 0 1 0
		outer loop
			vertex 0.03320819512009621 0.032999999821186066 -0.01643499918282032
			vertex 0.01903662085533142 0.032999999821186066 -0.014934999868273735
			vertex 0.023536620661616325 0.032999999821186066 -0.01043500006198883
		endloop
	endfacet
	facet normal 0 1 0
		outer loop
			vertex 0.02870515175163746 0.032999999821186066 -0.0014334901934489608
			vertex 0.028612742200493813 0.032999999821186066 -0.001606376958079636
			vertex 0.02865470014512539 0.032999999821186066 -0.0015176637098193169
		endloop
	endfacet
	facet normal 0 1 0
		outer loop
			vertex 0.028829514980316162 0.032999999821186066 -0.0012819536495953798
			vertex 0.028555836528539658 0.032999999821186066 -0.0017939701210707426
			vertex 0.028579680249094963 0.032999999821186066 -0.0016987756825983524
		endloop
	endfacet
	facet normal 0 1 0
		outer loop
			vertex 0.028829514980316162 0.032999999821186066 -0.0012819536495953798
			vertex 0.028579680249094963 0.032999999821186066 -0.0016987756825983524
			vertex 0.028612742200493813 0.032999999821186066 -0.001606376958079636
		endloop
	endfacet
	facet normal 0 1 0
		outer loop
			vertex 0.028829514980316162 0.032999999821186066 -0.0012819536495953798
			vertex 0.02870515175163746 0.032999999821186066 -0.0014334901934489608
			vertex 0.028763610869646072 0.032999999821186066 -0.0013546671252697706
		endloop
	endfacet
	facet normal 0 1 0
		outer loop
			vertex 0.028829514980316162 0.032999999821186066 -0.0012819536495953798
			vertex 0.028612742200493813 0.032999999821186066 -0.001606376958079636
			vertex 0.02870515175163746 0.032999999821186066 -0.0014334901934489608
		endloop
	endfacet
	facet normal 0 1 0
		outer loop
			vertex 0.02890222892165184 0.032999999821186066 -0.0012160500045865774
			vertex 0.028541436418890953 0.032999999821186066 -0.0018910432700067759
			vertex 0.028555836528539658 0.032999999821186066 -0.0017939701210707426
		endloop
	endfacet
	facet normal 0 1 0
		outer loop
			vertex 0.02890222892165184 0.032999999821186066 -0.0012160500045865774
			vertex 0.028555836528539658 0.032999999821186066 -0.0017939701210707426
			vertex 0.028829514980316162 0.032999999821186066 -0.0012819536495953798
		endloop
	endfacet
	facet normal 0 1 0
		outer loop
			vertex 0.029065225273370743 0.032999999821186066 -0.0011071391636505723
			vertex 0.02890222892165184 0.032999999821186066 -0.0012160500045865774
			vertex 0.028981050476431847 0.032999999821186066 -0.001157590770162642
		endloop
	endfacet
	facet normal 0 1 0
		outer loop
			vertex 0.029731711372733116 0.032999999821186066 -0.0010082750814035535
			vertex 0.029341531917452812 0.032999999821186066 -0.0010082750814035535
			vertex 0.029438603669404984 0.032999999821186066 -0.00099387567024678
		endloop
	endfacet
	facet normal 0 1 0
		outer loop
			vertex 0.029731711372733116 0.032999999821186066 -0.0010082750814035535
			vertex 0.029438603669404984 0.032999999821186066 -0.00099387567024678
			vertex 0.029536621645092964 0.032999999821186066 -0.0009890603832900524
		endloop
	endfacet
	facet normal 0 1 0
		outer loop
			vertex 0.029731711372733116 0.032999999821186066 -0.0010082750814035535
			vertex 0.029536621645092964 0.032999999821186066 -0.0009890603832900524
			vertex 0.029634637758135796 0.032999999821186066 -0.00099387567024678
		endloop
	endfacet
	facet normal 0 1 0
		outer loop
			vertex 0.029919305816292763 0.032999999821186066 -0.0010651808697730303
			vertex 0.029731711372733116 0.032999999821186066 -0.0010082750814035535
			vertex 0.029826905578374863 0.032999999821186066 -0.001032120082527399
		endloop
	endfacet
	facet normal 0 1 0
		outer loop
			vertex 0.030092190951108932 0.032999999821186066 -0.001157590770162642
			vertex 0.029919305816292763 0.032999999821186066 -0.0010651808697730303
			vertex 0.030008018016815186 0.032999999821186066 -0.0011071391636505723
		endloop
	endfacet
	facet normal 0 1 0
		outer loop
			vertex 0.030171014368534088 0.032999999821186066 -0.0012160500045865774
			vertex 0.029919305816292763 0.032999999821186066 -0.0010651808697730303
			vertex 0.030092190951108932 0.032999999821186066 -0.001157590770162642
		endloop
	endfacet
	facet normal 0 1 0
		outer loop
			vertex 0.030309632420539856 0.032999999821186066 -0.0013546671252697706
			vertex 0.03036809153854847 0.032999999821186066 -0.0014334901934489608
			vertex 0.03041854314506054 0.032999999821186066 -0.0015176637098193169
		endloop
	endfacet
	facet normal 0 1 0
		outer loop
			vertex 0.030309632420539856 0.032999999821186066 -0.0013546671252697706
			vertex 0.03041854314506054 0.032999999821186066 -0.0015176637098193169
			vertex 0.030460501089692116 0.032999999821186066 -0.001606376958079636
		endloop
	endfacet
	facet normal 0 1 0
		outer loop
			vertex 0.030243728309869766 0.032999999821186066 -0.0012819536495953798
			vertex 0.029919305816292763 0.032999999821186066 -0.0010651808697730303
			vertex 0.030171014368534088 0.032999999821186066 -0.0012160500045865774
		endloop
	endfacet
	facet normal 0 1 0
		outer loop
			vertex 0.030243728309869766 0.032999999821186066 -0.0012819536495953798
			vertex 0.02853662148118019 0.032999999821186066 -0.001989060314372182
			vertex 0.028541436418890953 0.032999999821186066 -0.0018910432700067759
		endloop
	endfacet
	facet normal 0 1 0
		outer loop
			vertex 0.030243728309869766 0.032999999821186066 -0.0012819536495953798
			vertex 0.028541436418890953 0.032999999821186066 -0.0018910432700067759
			vertex 0.02890222892165184 0.032999999821186066 -0.0012160500045865774
		endloop
	endfacet
	facet normal 0 1 0
		outer loop
			vertex 0.030243728309869766 0.032999999821186066 -0.0012819536495953798
			vertex 0.029065225273370743 0.032999999821186066 -0.0011071391636505723
			vertex 0.029153937473893166 0.032999999821186066 -0.0010651808697730303
		endloop
	endfacet
	facet normal 0 1 0
		outer loop
			vertex 0.030243728309869766 0.032999999821186066 -0.0012819536495953798
			vertex 0.029153937473893166 0.032999999821186066 -0.0010651808697730303
			vertex 0.029246337711811066 0.032999999821186066 -0.001032120082527399
		endloop
	endfacet
	facet normal 0 1 0
		outer loop
			vertex 0.030243728309869766 0.032999999821186066 -0.0012819536495953798
			vertex 0.029246337711811066 0.032999999821186066 -0.001032120082527399
			vertex 0.029341531917452812 0.032999999821186066 -0.0010082750814035535
		endloop
	endfacet
	facet normal 0 1 0
		outer loop
			vertex 0.030243728309869766 0.032999999821186066 -0.0012819536495953798
			vertex 0.02890222892165184 0.032999999821186066 -0.0012160500045865774
			vertex 0.029065225273370743 0.032999999821186066 -0.0011071391636505723
		endloop
	endfacet
	facet normal 0 1 0
		outer loop
			vertex 0.030243728309869766 0.032999999821186066 -0.0012819536495953798
			vertex 0.030460501089692116 0.032999999821186066 -0.001606376958079636
			vertex 0.030493561178445816 0.032999999821186066 -0.0016987756825983524
		endloop
	endfacet
	facet normal 0 1 0
		outer loop
			vertex 0.030243728309869766 0.032999999821186066 -0.0012819536495953798
			vertex 0.030493561178445816 0.032999999821186066 -0.0016987756825983524
			vertex 0.03051740676164627 0.032999999821186066 -0.0017939701210707426
		endloop
	endfacet
	facet normal 0 1 0
		outer loop
			vertex 0.030243728309869766 0.032999999821186066 -0.0012819536495953798
			vertex 0.03051740676164627 0.032999999821186066 -0.0017939701210707426
			vertex 0.030531806871294975 0.032999999821186066 -0.0018910432700067759
		endloop
	endfacet
	facet normal 0 1 0
		outer loop
			vertex 0.030243728309869766 0.032999999821186066 -0.0012819536495953798
			vertex 0.029341531917452812 0.032999999821186066 -0.0010082750814035535
			vertex 0.029731711372733116 0.032999999821186066 -0.0010082750814035535
		endloop
	endfacet
	facet normal 0 1 0
		outer loop
			vertex 0.030243728309869766 0.032999999821186066 -0.0012819536495953798
			vertex 0.030531806871294975 0.032999999821186066 -0.0018910432700067759
			vertex 0.030536621809005737 0.032999999821186066 -0.001989060314372182
		endloop
	endfacet
	facet normal 0 1 0
		outer loop
			vertex 0.030243728309869766 0.032999999821186066 -0.0012819536495953798
			vertex 0.030536621809005737 0.032999999821186066 -0.001989060314372182
			vertex 0.02853662148118019 0.032999999821186066 -0.001989060314372182
		endloop
	endfacet
	facet normal 0 1 0
		outer loop
			vertex 0.030243728309869766 0.032999999821186066 -0.0012819536495953798
			vertex 0.029731711372733116 0.032999999821186066 -0.0010082750814035535
			vertex 0.029919305816292763 0.032999999821186066 -0.0010651808697730303
		endloop
	endfacet
	facet normal 0 1 0
		outer loop
			vertex 0.030243728309869766 0.032999999821186066 -0.0012819536495953798
			vertex 0.030309632420539856 0.032999999821186066 -0.0013546671252697706
			vertex 0.030460501089692116 0.032999999821186066 -0.001606376958079636
		endloop
	endfacet
	facet normal 0 1 0
		outer loop
			vertex 0.028579680249094963 0.032999999821186066 0.000720654905308038
			vertex 0.02870515175163746 0.032999999821186066 0.00045536935795098543
			vertex 0.02865470014512539 0.032999999821186066 0.0005395428743213415
		endloop
	endfacet
	facet normal 0 1 0
		outer loop
			vertex 0.028579680249094963 0.032999999821186066 0.000720654905308038
			vertex 0.02865470014512539 0.032999999821186066 0.0005395428743213415
			vertex 0.028612742200493813 0.032999999821186066 0.0006282561807893217
		endloop
	endfacet
	facet normal 0 1 0
		outer loop
			vertex 0.02853662148118019 0.032999999821186066 0.0010109395952895284
			vertex 0.02870515175163746 0.032999999821186066 0.00045536935795098543
			vertex 0.028579680249094963 0.032999999821186066 0.000720654905308038
		endloop
	endfacet
	facet normal 0 1 0
		outer loop
			vertex 0.02853662148118019 0.032999999821186066 0.0010109395952895284
			vertex 0.028981050476431847 0.032999999821186066 0.00017946999287232757
			vertex 0.02890222892165184 0.032999999821186066 0.0002379291399847716
		endloop
	endfacet
	facet normal 0 1 0
		outer loop
			vertex 0.02853662148118019 0.032999999821186066 0.0010109395952895284
			vertex 0.02890222892165184 0.032999999821186066 0.0002379291399847716
			vertex 0.028829514980316162 0.032999999821186066 0.0003038328140974045
		endloop
	endfacet
	facet normal 0 1 0
		outer loop
			vertex 0.02853662148118019 0.032999999821186066 0.0010109395952895284
			vertex 0.028829514980316162 0.032999999821186066 0.0003038328140974045
			vertex 0.028763610869646072 0.032999999821186066 0.00037654631887562573
		endloop
	endfacet
	facet normal 0 1 0
		outer loop
			vertex 0.02853662148118019 0.032999999821186066 0.0010109395952895284
			vertex 0.028763610869646072 0.032999999821186066 0.00037654631887562573
			vertex 0.02870515175163746 0.032999999821186066 0.00045536935795098543
		endloop
	endfacet
	facet normal 0 1 0
		outer loop
			vertex 0.02853662148118019 0.032999999821186066 0.0010109395952895284
			vertex 0.028579680249094963 0.032999999821186066 0.000720654905308038
			vertex 0.028555836528539658 0.032999999821186066 0.0008158492855727673
		endloop
	endfacet
	facet normal 0 1 0
		outer loop
			vertex 0.02853662148118019 0.032999999821186066 0.0010109395952895284
			vertex 0.028555836528539658 0.032999999821186066 0.0008158492855727673
			vertex 0.028541436418890953 0.032999999821186066 0.0009129224345088005
		endloop
	endfacet
	facet normal 0 1 0
		outer loop
			vertex 0.029634637758135796 0.032999999821186066 0.000015754872947582044
			vertex 0.029536621645092964 0.032999999821186066 0.000010939599633275066
			vertex 0.029438603669404984 0.032999999821186066 0.000015754872947582044
		endloop
	endfacet
	facet normal 0 1 0
		outer loop
			vertex 0.030171014368534088 0.032999999821186066 0.0002379291399847716
			vertex 0.030092190951108932 0.032999999821186066 0.00017946999287232757
			vertex 0.030008018016815186 0.032999999821186066 0.00012901834270451218
		endloop
	endfacet
	facet normal 0 1 0
		outer loop
			vertex 0.03036809153854847 0.032999999821186066 0.00045536935795098543
			vertex 0.030309632420539856 0.032999999821186066 0.00037654631887562573
			vertex 0.030243728309869766 0.032999999821186066 0.0003038328140974045
		endloop
	endfacet
	facet normal 0 1 0
		outer loop
			vertex 0.03036809153854847 0.032999999821186066 0.00045536935795098543
			vertex 0.030243728309869766 0.032999999821186066 0.0003038328140974045
			vertex 0.030171014368534088 0.032999999821186066 0.0002379291399847716
		endloop
	endfacet
	facet normal 0 1 0
		outer loop
			vertex 0.03036809153854847 0.032999999821186066 0.00045536935795098543
			vertex 0.030008018016815186 0.032999999821186066 0.00012901834270451218
			vertex 0.029919305816292763 0.032999999821186066 0.000087060070654843
		endloop
	endfacet
	facet normal 0 1 0
		outer loop
			vertex 0.03036809153854847 0.032999999821186066 0.00045536935795098543
			vertex 0.030171014368534088 0.032999999821186066 0.0002379291399847716
			vertex 0.030008018016815186 0.032999999821186066 0.00012901834270451218
		endloop
	endfacet
	facet normal 0 1 0
		outer loop
			vertex 0.030536621809005737 0.032999999821186066 0.0010109395952895284
			vertex 0.030531806871294975 0.032999999821186066 0.0009129224345088005
			vertex 0.03051740676164627 0.032999999821186066 0.0008158492855727673
		endloop
	endfacet
	facet normal 0 1 0
		outer loop
			vertex 0.030536621809005737 0.032999999821186066 0.0010109395952895284
			vertex 0.03051740676164627 0.032999999821186066 0.0008158492855727673
			vertex 0.030493561178445816 0.032999999821186066 0.000720654905308038
		endloop
	endfacet
	facet normal 0 1 0
		outer loop
			vertex 0.030536621809005737 0.032999999821186066 0.0010109395952895284
			vertex 0.030493561178445816 0.032999999821186066 0.000720654905308038
			vertex 0.030460501089692116 0.032999999821186066 0.0006282561807893217
		endloop
	endfacet
	facet normal 0 1 0
		outer loop
			vertex 0.030536621809005737 0.032999999821186066 0.0010109395952895284
			vertex 0.030460501089692116 0.032999999821186066 0.0006282561807893217
			vertex 0.03041854314506054 0.032999999821186066 0.0005395428743213415
		endloop
	endfacet
	facet normal 0 1 0
		outer loop
			vertex 0.030536621809005737 0.032999999821186066 0.0010109395952895284
			vertex 0.03041854314506054 0.032999999821186066 0.0005395428743213415
			vertex 0.03036809153854847 0.032999999821186066 0.00045536935795098543
		endloop
	endfacet
	facet normal 0 1 0
		outer loop
			vertex 0.030536621809005737 0.032999999821186066 0.0010109395952895284
			vertex 0.029919305816292763 0.032999999821186066 0.000087060070654843
			vertex 0.029826905578374863 0.032999999821186066 0.00005399926521931775
		endloop
	endfacet
	facet normal 0 1 0
		outer loop
			vertex 0.030536621809005737 0.032999999821186066 0.0010109395952895284
			vertex 0.029826905578374863 0.032999999821186066 0.00005399926521931775
			vertex 0.029731711372733116 0.032999999821186066 0.000030154318665154278
		endloop
	endfacet
	facet normal 0 1 0
		outer loop
			vertex 0.030536621809005737 0.032999999821186066 0.0010109395952895284
			vertex 0.029731711372733116 0.032999999821186066 0.000030154318665154278
			vertex 0.029634637758135796 0.032999999821186066 0.000015754872947582044
		endloop
	endfacet
	facet normal 0 1 0
		outer loop
			vertex 0.030536621809005737 0.032999999821186066 0.0010109395952895284
			vertex 0.029438603669404984 0.032999999821186066 0.000015754872947582044
			vertex 0.029341531917452812 0.032999999821186066 0.000030154318665154278
		endloop
	endfacet
	facet normal 0 1 0
		outer loop
			vertex 0.030536621809005737 0.032999999821186066 0.0010109395952895284
			vertex 0.029341531917452812 0.032999999821186066 0.000030154318665154278
			vertex 0.029246337711811066 0.032999999821186066 0.00005399926521931775
		endloop
	endfacet
	facet normal 0 1 0
		outer loop
			vertex 0.030536621809005737 0.032999999821186066 0.0010109395952895284
			vertex 0.029246337711811066 0.032999999821186066 0.00005399926521931775
			vertex 0.029153937473893166 0.032999999821186066 0.000087060070654843
		endloop
	endfacet
	facet normal 0 1 0
		outer loop
			vertex 0.030536621809005737 0.032999999821186066 0.0010109395952895284
			vertex 0.029153937473893166 0.032999999821186066 0.000087060070654843
			vertex 0.029065225273370743 0.032999999821186066 0.00012901834270451218
		endloop
	endfacet
	facet normal 0 1 0
		outer loop
			vertex 0.030536621809005737 0.032999999821186066 0.0010109395952895284
			vertex 0.029065225273370743 0.032999999821186066 0.00012901834270451218
			vertex 0.028981050476431847 0.032999999821186066 0.00017946999287232757
		endloop
	endfacet
	facet normal 0 1 0
		outer loop
			vertex 0.030536621809005737 0.032999999821186066 0.0010109395952895284
			vertex 0.028981050476431847 0.032999999821186066 0.00017946999287232757
			vertex 0.02853662148118019 0.032999999821186066 0.0010109395952895284
		endloop
	endfacet
	facet normal 0 1 0
		outer loop
			vertex 0.030536621809005737 0.032999999821186066 0.0010109395952895284
			vertex 0.029634637758135796 0.032999999821186066 0.000015754872947582044
			vertex 0.029438603669404984 0.032999999821186066 0.000015754872947582044
		endloop
	endfacet
	facet normal 0 1 0
		outer loop
			vertex 0.030536621809005737 0.032999999821186066 0.0010109395952895284
			vertex 0.03036809153854847 0.032999999821186066 0.00045536935795098543
			vertex 0.029919305816292763 0.032999999821186066 0.000087060070654843
		endloop
	endfacet
	facet normal 0 1 0
		outer loop
			vertex 0.017730340361595154 0.032999999821186066 0.013871231116354465
			vertex 0.01653655618429184 0.032999999821186066 0.013306613080203533
			vertex 0.01691533625125885 0.032999999821186066 0.013533645309507847
		endloop
	endfacet
	facet normal 0 1 0
		outer loop
			vertex 0.017730340361595154 0.032999999821186066 0.013871231116354465
			vertex 0.01691533625125885 0.032999999821186066 0.013533645309507847
			vertex 0.017314545810222626 0.032999999821186066 0.01372245792299509
		endloop
	endfacet
	facet normal 0 1 0
		outer loop
			vertex 0.01903662085533142 0.032999999821186066 0.014065000228583813
			vertex 0.01653655618429184 0.032999999821186066 0.013306613080203533
			vertex 0.017730340361595154 0.032999999821186066 0.013871231116354465
		endloop
	endfacet
	facet normal 0 1 0
		outer loop
			vertex 0.01903662085533142 0.032999999821186066 0.014065000228583813
			vertex 0.014558290131390095 0.032999999821186066 0.010006077587604523
			vertex 0.014623087830841541 0.032999999821186066 0.010442906059324741
		endloop
	endfacet
	facet normal 0 1 0
		outer loop
			vertex 0.01903662085533142 0.032999999821186066 0.014065000228583813
			vertex 0.014623087830841541 0.032999999821186066 0.010442906059324741
			vertex 0.014730390161275864 0.032999999821186066 0.010871280916035175
		endloop
	endfacet
	facet normal 0 1 0
		outer loop
			vertex 0.01903662085533142 0.032999999821186066 0.014065000228583813
			vertex 0.014730390161275864 0.032999999821186066 0.010871280916035175
			vertex 0.014879163354635239 0.032999999821186066 0.011287075467407703
		endloop
	endfacet
	facet normal 0 1 0
		outer loop
			vertex 0.01903662085533142 0.032999999821186066 0.014065000228583813
			vertex 0.014879163354635239 0.032999999821186066 0.011287075467407703
			vertex 0.015067975968122482 0.032999999821186066 0.011686285026371479
		endloop
	endfacet
	facet normal 0 1 0
		outer loop
			vertex 0.01903662085533142 0.032999999821186066 0.014065000228583813
			vertex 0.015067975968122482 0.032999999821186066 0.011686285026371479
			vertex 0.015295008197426796 0.032999999821186066 0.012065066024661064
		endloop
	endfacet
	facet normal 0 1 0
		outer loop
			vertex 0.01903662085533142 0.032999999821186066 0.014065000228583813
			vertex 0.015295008197426796 0.032999999821186066 0.012065066024661064
			vertex 0.015558074228465557 0.032999999821186066 0.012419769540429115
		endloop
	endfacet
	facet normal 0 1 0
		outer loop
			vertex 0.01903662085533142 0.032999999821186066 0.014065000228583813
			vertex 0.015558074228465557 0.032999999821186066 0.012419769540429115
			vertex 0.015854641795158386 0.032999999821186066 0.012746980413794518
		endloop
	endfacet
	facet normal 0 1 0
		outer loop
			vertex 0.01903662085533142 0.032999999821186066 0.014065000228583813
			vertex 0.015854641795158386 0.032999999821186066 0.012746980413794518
			vertex 0.01618185080587864 0.032999999821186066 0.013043547049164772
		endloop
	endfacet
	facet normal 0 1 0
		outer loop
			vertex 0.01903662085533142 0.032999999821186066 0.014065000228583813
			vertex 0.01618185080587864 0.032999999821186066 0.013043547049164772
			vertex 0.01653655618429184 0.032999999821186066 0.013306613080203533
		endloop
	endfacet
	facet normal 0 1 0
		outer loop
			vertex 0.01903662085533142 0.032999999821186066 0.014065000228583813
			vertex 0.017730340361595154 0.032999999821186066 0.013871231116354465
			vertex 0.018158715218305588 0.032999999821186066 0.013978533446788788
		endloop
	endfacet
	facet normal 0 1 0
		outer loop
			vertex 0.01903662085533142 0.032999999821186066 0.014065000228583813
			vertex 0.018158715218305588 0.032999999821186066 0.013978533446788788
			vertex 0.01859554462134838 0.032999999821186066 0.014043331146240234
		endloop
	endfacet
	facet normal 0 1 0
		outer loop
			vertex 0.023536620661616325 0.032999999821186066 0.009565000422298908
			vertex 0.02351495251059532 0.032999999821186066 0.009123923256993294
			vertex 0.023450154811143875 0.032999999821186066 0.0086870938539505
		endloop
	endfacet
	facet normal 0 1 0
		outer loop
			vertex 0.023536620661616325 0.032999999821186066 0.009565000422298908
			vertex 0.023450154811143875 0.032999999821186066 0.0086870938539505
			vertex 0.023342853412032127 0.032999999821186066 0.008258718997240067
		endloop
	endfacet
	facet normal 0 1 0
		outer loop
			vertex 0.023536620661616325 0.032999999821186066 0.009565000422298908
			vertex 0.023342853412032127 0.032999999821186066 0.008258718997240067
			vertex 0.023194080218672752 0.032999999821186066 0.007842924445867538
		endloop
	endfacet
	facet normal 0 1 0
		outer loop
			vertex 0.023536620661616325 0.032999999821186066 0.009565000422298908
			vertex 0.023194080218672752 0.032999999821186066 0.007842924445867538
			vertex 0.02300526760518551 0.032999999821186066 0.007443714886903763
		endloop
	endfacet
	facet normal 0 1 0
		outer loop
			vertex 0.023536620661616325 0.032999999821186066 0.009565000422298908
			vertex 0.02300526760518551 0.032999999821186066 0.007443714886903763
			vertex 0.022778235375881195 0.032999999821186066 0.007064933888614178
		endloop
	endfacet
	facet normal 0 1 0
		outer loop
			vertex 0.023536620661616325 0.032999999821186066 0.009565000422298908
			vertex 0.022778235375881195 0.032999999821186066 0.007064933888614178
			vertex 0.02251516841351986 0.032999999821186066 0.0067102303728461266
		endloop
	endfacet
	facet normal 0 1 0
		outer loop
			vertex 0.023536620661616325 0.032999999821186066 0.009565000422298908
			vertex 0.02251516841351986 0.032999999821186066 0.0067102303728461266
			vertex 0.022218601778149605 0.032999999821186066 0.006383019499480724
		endloop
	endfacet
	facet normal 0 1 0
		outer loop
			vertex 0.023536620661616325 0.032999999821186066 0.009565000422298908
			vertex 0.022218601778149605 0.032999999821186066 0.006383019499480724
			vertex 0.021891390904784203 0.032999999821186066 0.00608645286411047
		endloop
	endfacet
	facet normal 0 1 0
		outer loop
			vertex 0.023536620661616325 0.032999999821186066 0.009565000422298908
			vertex 0.014558290131390095 0.032999999821186066 0.010006077587604523
			vertex 0.01903662085533142 0.032999999821186066 0.014065000228583813
		endloop
	endfacet
	facet normal 0 1 0
		outer loop
			vertex 0.023536620661616325 0.032999999821186066 0.009565000422298908
			vertex 0.021891390904784203 0.032999999821186066 0.00608645286411047
			vertex 0.02153668738901615 0.032999999821186066 0.005823386833071709
		endloop
	endfacet
	facet normal 0 1 0
		outer loop
			vertex 0.023536620661616325 0.032999999821186066 0.009565000422298908
			vertex 0.02153668738901615 0.032999999821186066 0.005823386833071709
			vertex 0.02115790732204914 0.032999999821186066 0.005596354138106108
		endloop
	endfacet
	facet normal 0 1 0
		outer loop
			vertex 0.023536620661616325 0.032999999821186066 0.009565000422298908
			vertex 0.02115790732204914 0.032999999821186066 0.005596354138106108
			vertex 0.020758697763085365 0.032999999821186066 0.005407541990280151
		endloop
	endfacet
	facet normal 0 1 0
		outer loop
			vertex 0.023536620661616325 0.032999999821186066 0.009565000422298908
			vertex 0.020758697763085365 0.032999999821186066 0.005407541990280151
			vertex 0.020342903211712837 0.032999999821186066 0.005258768331259489
		endloop
	endfacet
	facet normal 0 1 0
		outer loop
			vertex 0.023536620661616325 0.032999999821186066 0.009565000422298908
			vertex 0.020342903211712837 0.032999999821186066 0.005258768331259489
			vertex 0.019914528355002403 0.032999999821186066 0.005151466466486454
		endloop
	endfacet
	facet normal 0 1 0
		outer loop
			vertex 0.023536620661616325 0.032999999821186066 0.009565000422298908
			vertex 0.019914528355002403 0.032999999821186066 0.005151466466486454
			vertex 0.01947769895195961 0.032999999821186066 0.0050866687670350075
		endloop
	endfacet
	facet normal 0 1 0
		outer loop
			vertex 0.023536620661616325 0.032999999821186066 0.009565000422298908
			vertex 0.01947769895195961 0.032999999821186066 0.0050866687670350075
			vertex 0.01903662085533142 0.032999999821186066 0.0050650001503527164
		endloop
	endfacet
	facet normal 0 1 0
		outer loop
			vertex 0.023536620661616325 0.032999999821186066 0.009565000422298908
			vertex 0.01903662085533142 0.032999999821186066 0.0050650001503527164
			vertex 0.01859554462134838 0.032999999821186066 0.0050866687670350075
		endloop
	endfacet
	facet normal 0 1 0
		outer loop
			vertex 0.023536620661616325 0.032999999821186066 0.009565000422298908
			vertex 0.01859554462134838 0.032999999821186066 0.0050866687670350075
			vertex 0.018158715218305588 0.032999999821186066 0.005151466466486454
		endloop
	endfacet
	facet normal 0 1 0
		outer loop
			vertex 0.023536620661616325 0.032999999821186066 0.009565000422298908
			vertex 0.018158715218305588 0.032999999821186066 0.005151466466486454
			vertex 0.017730340361595154 0.032999999821186066 0.005258768331259489
		endloop
	endfacet
	facet normal 0 1 0
		outer loop
			vertex 0.023536620661616325 0.032999999821186066 0.009565000422298908
			vertex 0.017730340361595154 0.032999999821186066 0.005258768331259489
			vertex 0.017314545810222626 0.032999999821186066 0.005407541990280151
		endloop
	endfacet
	facet normal 0 1 0
		outer loop
			vertex 0.023536620661616325 0.032999999821186066 0.009565000422298908
			vertex 0.017314545810222626 0.032999999821186066 0.005407541990280151
			vertex 0.01691533625125885 0.032999999821186066 0.005596354138106108
		endloop
	endfacet
	facet normal 0 1 0
		outer loop
			vertex 0.023536620661616325 0.032999999821186066 0.009565000422298908
			vertex 0.01691533625125885 0.032999999821186066 0.005596354138106108
			vertex 0.01653655618429184 0.032999999821186066 0.005823386833071709
		endloop
	endfacet
	facet normal 0 1 0
		outer loop
			vertex 0.023536620661616325 0.032999999821186066 0.009565000422298908
			vertex 0.01653655618429184 0.032999999821186066 0.005823386833071709
			vertex 0.01618185080587864 0.032999999821186066 0.00608645286411047
		endloop
	endfacet
	facet normal 0 1 0
		outer loop
			vertex 0.023536620661616325 0.032999999821186066 0.009565000422298908
			vertex 0.01618185080587864 0.032999999821186066 0.00608645286411047
			vertex 0.015854641795158386 0.032999999821186066 0.006383019499480724
		endloop
	endfacet
	facet normal 0 1 0
		outer loop
			vertex 0.023536620661616325 0.032999999821186066 0.009565000422298908
			vertex 0.015854641795158386 0.032999999821186066 0.006383019499480724
			vertex 0.015558074228465557 0.032999999821186066 0.0067102303728461266
		endloop
	endfacet
	facet normal 0 1 0
		outer loop
			vertex 0.023536620661616325 0.032999999821186066 0.009565000422298908
			vertex 0.015558074228465557 0.032999999821186066 0.0067102303728461266
			vertex 0.015295008197426796 0.032999999821186066 0.007064933888614178
		endloop
	endfacet
	facet normal 0 1 0
		outer loop
			vertex 0.023536620661616325 0.032999999821186066 0.009565000422298908
			vertex 0.015295008197426796 0.032999999821186066 0.007064933888614178
			vertex 0.015067975968122482 0.032999999821186066 0.007443714886903763
		endloop
	endfacet
	facet normal 0 1 0
		outer loop
			vertex 0.023536620661616325 0.032999999821186066 0.009565000422298908
			vertex 0.015067975968122482 0.032999999821186066 0.007443714886903763
			vertex 0.014879163354635239 0.032999999821186066 0.007842924445867538
		endloop
	endfacet
	facet normal 0 1 0
		outer loop
			vertex 0.023536620661616325 0.032999999821186066 0.009565000422298908
			vertex 0.014879163354635239 0.032999999821186066 0.007842924445867538
			vertex 0.014730390161275864 0.032999999821186066 0.008258718997240067
		endloop
	endfacet
	facet normal 0 1 0
		outer loop
			vertex 0.023536620661616325 0.032999999821186066 0.009565000422298908
			vertex 0.014730390161275864 0.032999999821186066 0.008258718997240067
			vertex 0.014623087830841541 0.032999999821186066 0.0086870938539505
		endloop
	endfacet
	facet normal 0 1 0
		outer loop
			vertex 0.023536620661616325 0.032999999821186066 0.009565000422298908
			vertex 0.014623087830841541 0.032999999821186066 0.0086870938539505
			vertex 0.014558290131390095 0.032999999821186066 0.009123923256993294
		endloop
	endfacet
	facet normal 0 1 0
		outer loop
			vertex 0.023536620661616325 0.032999999821186066 0.009565000422298908
			vertex 0.014558290131390095 0.032999999821186066 0.009123923256993294
			vertex 0.014536621049046516 0.032999999821186066 0.009565000422298908
		endloop
	endfacet
	facet normal 0 1 0
		outer loop
			vertex 0.023536620661616325 0.032999999821186066 0.009565000422298908
			vertex 0.014536621049046516 0.032999999821186066 0.009565000422298908
			vertex 0.014558290131390095 0.032999999821186066 0.010006077587604523
		endloop
	endfacet
	facet normal 0 1 0
		outer loop
			vertex 0.03320819512009621 0.032999999821186066 0.015564999543130398
			vertex 0.023536620661616325 0.032999999821186066 0.009565000422298908
			vertex 0.01903662085533142 0.032999999821186066 0.014065000228583813
		endloop
	endfacet
	facet normal 0 1 0
		outer loop
			vertex 0.03320819512009621 0.032999999821186066 0.015564999543130398
			vertex 0.03320819512009621 0.032999999821186066 -0.01643499918282032
			vertex 0.030536621809005737 0.032999999821186066 -0.001989060314372182
		endloop
	endfacet
	facet normal 0 1 0
		outer loop
			vertex 0.03320819512009621 0.032999999821186066 0.015564999543130398
			vertex 0.030536621809005737 0.032999999821186066 -0.001989060314372182
			vertex 0.030536621809005737 0.032999999821186066 0.0010109395952895284
		endloop
	endfacet
	facet normal 0 1 0
		outer loop
			vertex 0.03320819512009621 0.032999999821186066 -0.01643499918282032
			vertex -0.03313495218753815 0.032999999821186066 -0.01643499918282032
			vertex 0.01903662085533142 0.032999999821186066 -0.014934999868273735
		endloop
	endfacet
	facet normal 0 1 0
		outer loop
			vertex 0.01903662085533142 0.032999999821186066 -0.014934999868273735
			vertex -0.03313495218753815 0.032999999821186066 -0.01643499918282032
			vertex -0.005963378585875034 0.032999999821186066 -0.014934999868273735
		endloop
	endfacet
	facet normal 0 1 0
		outer loop
			vertex -0.03313495218753815 0.032999999821186066 0.015564999543130398
			vertex 0.03320819512009621 0.032999999821186066 0.015564999543130398
			vertex 0.01903662085533142 0.032999999821186066 0.014065000228583813
		endloop
	endfacet
	facet normal 0 1 0
		outer loop
			vertex -0.03313495218753815 0.032999999821186066 0.015564999543130398
			vertex 0.01903662085533142 0.032999999821186066 0.014065000228583813
			vertex -0.005963378585875034 0.032999999821186066 0.014065000228583813
		endloop
	endfacet
	facet normal -0.9532309388411165 -0.3022429109773853 0
		outer loop
			vertex -0.010463378392159939 0.032999999821186066 0.009565000422298908
			vertex -0.010463378392159939 0.032999999821186066 -0.01043500006198883
			vertex 0 0 0
		endloop
	endfacet
	facet normal 0 0 0
		outer loop
			vertex 0 0 0
			vertex -0.010463378392159939 0.032999999821186066 -0.01043500006198883
			vertex 0 0 0
		endloop
	endfacet
	facet normal 0 0 0
		outer loop
			vertex -0.010463378392159939 0.032999999821186066 0.009565000422298908
			vertex 0 0 0
			vertex 0 0 0
		endloop
	endfacet
	facet normal 0 1 0
		outer loop
			vertex 0.019914528355002403 0.032999999821186066 -0.006021466106176376
			vertex 0.020342903211712837 0.032999999821186066 -0.006128768436610699
			vertex 0.022218601778149605 0.032999999821186066 -0.007253019604831934
		endloop
	endfacet
	facet normal 0 1 0
		outer loop
			vertex 0.022218601778149605 0.032999999821186066 -0.007253019604831934
			vertex 0.020342903211712837 0.032999999821186066 -0.006128768436610699
			vertex 0.020758697763085365 0.032999999821186066 -0.006277542095631361
		endloop
	endfacet
	facet normal 0 1 0
		outer loop
			vertex 0.022218601778149605 0.032999999821186066 -0.007253019604831934
			vertex 0.020758697763085365 0.032999999821186066 -0.006277542095631361
			vertex 0.02115790732204914 0.032999999821186066 -0.006466354243457317
		endloop
	endfacet
	facet normal 0 1 0
		outer loop
			vertex 0.022218601778149605 0.032999999821186066 -0.007253019604831934
			vertex 0.02115790732204914 0.032999999821186066 -0.006466354243457317
			vertex 0.021891390904784203 0.032999999821186066 -0.0069564529694616795
		endloop
	endfacet
	facet normal 0 1 0
		outer loop
			vertex 0.021891390904784203 0.032999999821186066 -0.0069564529694616795
			vertex 0.02115790732204914 0.032999999821186066 -0.006466354243457317
			vertex 0.02153668738901615 0.032999999821186066 -0.006693386938422918
		endloop
	endfacet
	facet normal 0 1 0
		outer loop
			vertex 0.023450154811143875 0.032999999821186066 -0.009557093493640423
			vertex 0.02351495251059532 0.032999999821186066 -0.009993922896683216
			vertex 0.023342853412032127 0.032999999821186066 -0.009128718636929989
		endloop
	endfacet
	facet normal 0 1 0
		outer loop
			vertex 0.023342853412032127 0.032999999821186066 -0.009128718636929989
			vertex 0.02351495251059532 0.032999999821186066 -0.009993922896683216
			vertex 0.023194080218672752 0.032999999821186066 -0.008712925016880035
		endloop
	endfacet
	facet normal 0 1 0
		outer loop
			vertex 0.023194080218672752 0.032999999821186066 -0.008712925016880035
			vertex 0.02351495251059532 0.032999999821186066 -0.009993922896683216
			vertex 0.02300526760518551 0.032999999821186066 -0.008313714526593685
		endloop
	endfacet
	facet normal 0 1 0
		outer loop
			vertex 0.02300526760518551 0.032999999821186066 -0.008313714526593685
			vertex 0.02351495251059532 0.032999999821186066 -0.009993922896683216
			vertex 0.022778235375881195 0.032999999821186066 -0.0079349335283041
		endloop
	endfacet
	facet normal 0 1 0
		outer loop
			vertex 0.022778235375881195 0.032999999821186066 -0.0079349335283041
			vertex 0.02351495251059532 0.032999999821186066 -0.009993922896683216
			vertex 0.02251516841351986 0.032999999821186066 -0.007580230012536049
		endloop
	endfacet
	facet normal 0 1 0
		outer loop
			vertex 0.02251516841351986 0.032999999821186066 -0.007580230012536049
			vertex 0.02351495251059532 0.032999999821186066 -0.009993922896683216
			vertex 0.022218601778149605 0.032999999821186066 -0.007253019604831934
		endloop
	endfacet
	facet normal 0 1 0
		outer loop
			vertex 0.023536620661616325 0.032999999821186066 -0.01043500006198883
			vertex 0.023536620661616325 0.032999999821186066 0.009565000422298908
			vertex 0.02853662148118019 0.032999999821186066 0.0010109395952895284
		endloop
	endfacet
	facet normal 0 1 0
		outer loop
			vertex 0.02853662148118019 0.032999999821186066 0.0010109395952895284
			vertex 0.023536620661616325 0.032999999821186066 0.009565000422298908
			vertex 0.030536621809005737 0.032999999821186066 0.0010109395952895284
		endloop
	endfacet
	facet normal 0 1 0
		outer loop
			vertex 0.030536621809005737 0.032999999821186066 0.0010109395952895284
			vertex 0.023536620661616325 0.032999999821186066 0.009565000422298908
			vertex 0.03320819512009621 0.032999999821186066 0.015564999543130398
		endloop
	endfacet
	facet normal 0 1 0
		outer loop
			vertex 0.023536620661616325 0.032999999821186066 -0.01043500006198883
			vertex 0.02853662148118019 0.032999999821186066 0.0010109395952895284
			vertex 0.02853662148118019 0.032999999821186066 -0.001989060314372182
		endloop
	endfacet
	facet normal 0 1 0
		outer loop
			vertex 0.023536620661616325 0.032999999821186066 -0.01043500006198883
			vertex 0.02853662148118019 0.032999999821186066 -0.001989060314372182
			vertex 0.030536621809005737 0.032999999821186066 -0.001989060314372182
		endloop
	endfacet
	facet normal 0 1 0
		outer loop
			vertex 0.023536620661616325 0.032999999821186066 -0.01043500006198883
			vertex 0.030536621809005737 0.032999999821186066 -0.001989060314372182
			vertex 0.03320819512009621 0.032999999821186066 -0.01643499918282032
		endloop
	endfacet
	facet normal 0.7071071413567144 0.7071064210161974 0
		outer loop
			vertex 0.03320819512009621 0.032999999821186066 0.015564999543130398
			vertex 0.03503661975264549 0.03117157332599163 0.015564999543130398
			vertex 0.03503661975264549 0.03117157332599163 -0.01643499918282032
		endloop
	endfacet
	facet normal 0.7071071413567144 0.7071064210161974 0
		outer loop
			vertex 0.03320819512009621 0.032999999821186066 0.015564999543130398
			vertex 0.03503661975264549 0.03117157332599163 -0.01643499918282032
			vertex 0.03320819512009621 0.032999999821186066 -0.01643499918282032
		endloop
	endfacet
	facet normal 0 0 0
		outer loop
			vertex 0 0 0
			vertex 0 0 0
			vertex 0.03503661975264549 0.003828427055850625 0.015564999543130398
		endloop
	endfacet
	facet normal 0 0 0
		outer loop
			vertex 0 0 0
			vertex 0 0 0
			vertex 0 0 0
		endloop
	endfacet
	facet normal 0 0 0
		outer loop
			vertex 0 0 0
			vertex 0 0 0
			vertex 0 0 0
		endloop
	endfacet
	facet normal 0 0 0
		outer loop
			vertex 0 0 0
			vertex 0 0 0
			vertex 0.03503661975264549 0.003828427055850625 0.015564999543130398
		endloop
	endfacet
	facet normal 0 0 0
		outer loop
			vertex 0 0 0
			vertex 0 0 0
			vertex 0 0 0
		endloop
	endfacet
	facet normal 0 0 0
		outer loop
			vertex 0 0 0
			vertex 0 0 0
			vertex 0 0 0
		endloop
	endfacet
	facet normal 0 0 0
		outer loop
			vertex 0 0 0
			vertex 0 0 0
			vertex 0 0 0
		endloop
	endfacet
	facet normal 0 0 0
		outer loop
			vertex 0 0 0
			vertex 0 0 0
			vertex 0 0 0
		endloop
	endfacet
	facet normal 0 0 0
		outer loop
			vertex 0 0 0
			vertex 0 0 0
			vertex 0 0 0
		endloop
	endfacet
	facet normal 0 0 0
		outer loop
			vertex 0 0 0
			vertex 0 0 0
			vertex 0 0 0
		endloop
	endfacet
	facet normal 0 0 0
		outer loop
			vertex 0 0 0
			vertex 0 0 0
			vertex 0 0 0
		endloop
	endfacet
	facet normal 0 0 0
		outer loop
			vertex 0 0 0
			vertex 0 0 0
			vertex 0 0 0
		endloop
	endfacet
	facet normal 0 0 0
		outer loop
			vertex 0 0 0
			vertex 0 0 0
			vertex 0 0 0
		endloop
	endfacet
	facet normal 0 0 0
		outer loop
			vertex 0 0 0
			vertex 0 0 0
			vertex 0 0 0
		endloop
	endfacet
	facet normal 0 0 0
		outer loop
			vertex 0 0 0
			vertex 0 0 0
			vertex 0 0 0
		endloop
	endfacet
	facet normal 0 0 0
		outer loop
			vertex 0 0 0
			vertex 0 0 0
			vertex 0 0 0
		endloop
	endfacet
	facet normal 0 0 0
		outer loop
			vertex 0 0 0
			vertex 0 0 0
			vertex 0 0 0
		endloop
	endfacet
	facet normal 0 0 0
		outer loop
			vertex 0 0 0
			vertex 0.03503661975264549 0.003828427055850625 0.015564999543130398
			vertex 0 0 0
		endloop
	endfacet
	facet normal 0 0 0
		outer loop
			vertex 0 0 0
			vertex 0 0 0
			vertex 0 0 0
		endloop
	endfacet
	facet normal 0 0 0
		outer loop
			vertex 0 0 0
			vertex 0 0 0
			vertex 0 0 0
		endloop
	endfacet
	facet normal 0 0 0
		outer loop
			vertex 0 0 0
			vertex 0 0 0
			vertex 0 0 0
		endloop
	endfacet
	facet normal 0.405989664224346 0 -0.9138776682592714
		outer loop
			vertex 0.03503661975264549 0.03117157332599163 0.015564999543130398
			vertex 0.03503661975264549 0.003828427055850625 0.015564999543130398
			vertex 0 0 0
		endloop
	endfacet
	facet normal 0 0 0
		outer loop
			vertex 0 0 0
			vertex 0 0 0
			vertex 0 0 0
		endloop
	endfacet
	facet normal 0 0 0
		outer loop
			vertex 0 0 0
			vertex 0 0 0
			vertex 0 0 0
		endloop
	endfacet
	facet normal 0 0 0
		outer loop
			vertex 0 0 0
			vertex 0 0 0
			vertex 0 0 0
		endloop
	endfacet
	facet normal 0 0 0
		outer loop
			vertex 0 0 0
			vertex 0 0 0
			vertex 0 0 0
		endloop
	endfacet
	facet normal 0 0 0
		outer loop
			vertex 0 0 0
			vertex 0 0 0
			vertex 0 0 0
		endloop
	endfacet
	facet normal 0 0 0
		outer loop
			vertex 0 0 0
			vertex 0 0 0
			vertex 0 0 0
		endloop
	endfacet
	facet normal 0 0 0
		outer loop
			vertex 0 0 0
			vertex 0 0 0
			vertex 0 0 0
		endloop
	endfacet
	facet normal 0 0 0
		outer loop
			vertex 0 0 0
			vertex 0 0 0
			vertex 0 0 0
		endloop
	endfacet
	facet normal 0 0 0
		outer loop
			vertex 0 0 0
			vertex 0 0 0
			vertex 0 0 0
		endloop
	endfacet
	facet normal -0.10862276220753023 0.9940830425726045 0
		outer loop
			vertex 0.03503661975264549 0.003828427055850625 -0.01643499918282032
			vertex 0 0 0
			vertex 0.03503661975264549 0.003828427055850625 0.015564999543130398
		endloop
	endfacet
	facet normal 0 0 0
		outer loop
			vertex 0.03503661975264549 0.003828427055850625 -0.01643499918282032
			vertex 0 0 0
			vertex 0 0 0
		endloop
	endfacet
	facet normal 0 0 0
		outer loop
			vertex 0.03503661975264549 0.003828427055850625 -0.01643499918282032
			vertex 0 0 0
			vertex 0 0 0
		endloop
	endfacet
	facet normal 0 0 0
		outer loop
			vertex 0.03503661975264549 0.003828427055850625 -0.01643499918282032
			vertex 0 0 0
			vertex 0 0 0
		endloop
	endfacet
	facet normal 0 0 0
		outer loop
			vertex 0 0 0
			vertex 0 0 0
			vertex 0 0 0
		endloop
	endfacet
	facet normal 0 0 0
		outer loop
			vertex 0 0 0
			vertex 0 0 0
			vertex 0 0 0
		endloop
	endfacet
	facet normal 0 0 0
		outer loop
			vertex 0.036036621779203415 0.02449999935925007 -0.0004349999944679439
			vertex 0 0 0
			vertex 0 0 0
		endloop
	endfacet
	facet normal 0 0 0
		outer loop
			vertex 0.036036621779203415 0.02449999935925007 -0.0004349999944679439
			vertex 0 0 0
			vertex 0 0 0
		endloop
	endfacet
	facet normal 0.3984555688119576 -0.5733708888801761 0.7158763744303175
		outer loop
			vertex 0.036036621779203415 0.02449999935925007 -0.0004349999944679439
			vertex 0 0 0
			vertex 0.03503661975264549 0.003828427055850625 -0.01643499918282032
		endloop
	endfacet
	facet normal 0 0 0
		outer loop
			vertex 0.036036621779203415 0.02449999935925007 -0.0004349999944679439
			vertex 0 0 0
			vertex 0 0 0
		endloop
	endfacet
	facet normal 0 0 0
		outer loop
			vertex 0.036036621779203415 0.02449999935925007 -0.0004349999944679439
			vertex 0 0 0
			vertex 0 0 0
		endloop
	endfacet
	facet normal 0 0 0
		outer loop
			vertex 0.03503661975264549 0.028999999165534973 -0.009434999898076057
			vertex 0 0 0
			vertex 0 0 0
		endloop
	endfacet
	facet normal 0.6467197870153992 -0.7598664065802593 0.06600425163245974
		outer loop
			vertex 0.03503661975264549 0.028999999165534973 -0.009434999898076057
			vertex 0.03503661975264549 0.03117157332599163 0.015564999543130398
			vertex 0 0 0
		endloop
	endfacet
	facet normal -0.5039279886091877 0.7488610880559556 0.4304226447248666
		outer loop
			vertex 0.03503661975264549 0.028999999165534973 -0.009434999898076057
			vertex 0 0 0
			vertex 0.036036621779203415 0.02449999935925007 -0.0004349999944679439
		endloop
	endfacet
	facet normal -0.3984555688119576 0.5733708888801761 -0.7158763744303175
		outer loop
			vertex 0 0 0
			vertex 0.036036621779203415 0.02449999935925007 -0.0004349999944679439
			vertex 0.03503661975264549 0.003828427055850625 -0.01643499918282032
		endloop
	endfacet
	facet normal 0.5793279875988779 -0.7784939697704956 -0.24150822308072523
		outer loop
			vertex 0.03503661975264549 0.03117157332599163 -0.01643499918282032
			vertex 0.03503661975264549 0.028999999165534973 -0.009434999898076057
			vertex 0 0 0
		endloop
	endfacet
	facet normal 0.424679261006498 0 0.90534387128371
		outer loop
			vertex 0.03503661975264549 0.03117157332599163 -0.01643499918282032
			vertex 0 0 0
			vertex 0.03503661975264549 0.003828427055850625 -0.01643499918282032
		endloop
	endfacet
	facet normal 1 0 0
		outer loop
			vertex 0.03503661975264549 0.03117157332599163 -0.01643499918282032
			vertex 0.03503661975264549 0.03117157332599163 0.015564999543130398
			vertex 0.03503661975264549 0.028999999165534973 -0.009434999898076057
		endloop
	endfacet
	facet normal 1 0 0
		outer loop
			vertex 0.023536620661616325 0.03500000014901161 -0.01043500006198883
			vertex 0.023536620661616325 0.03500000014901161 0.009565000422298908
			vertex 0.023536620661616325 0.032999999821186066 0.009565000422298908
		endloop
	endfacet
	facet normal 1 0 0
		outer loop
			vertex 0.023536620661616325 0.03500000014901161 -0.01043500006198883
			vertex 0.023536620661616325 0.032999999821186066 0.009565000422298908
			vertex 0.023536620661616325 0.032999999821186066 -0.01043500006198883
		endloop
	endfacet
	facet normal -0.04906646607292539 0 -0.9987955155621769
		outer loop
			vertex 0.01903662085533142 0.03306249901652336 -0.014934999868273735
			vertex 0.01903662085533142 0.032999999821186066 -0.014934999868273735
			vertex 0.01859554462134838 0.032999999821186066 -0.014913331717252731
		endloop
	endfacet
	facet normal -0.12062543654580521 0.569362918301509 -0.8131883984178102
		outer loop
			vertex 0.01903662085533142 0.03306249901652336 -0.014934999868273735
			vertex 0.01859554462134838 0.032999999821186066 -0.014913331717252731
			vertex 0.018158715218305588 0.032999999821186066 -0.014848534017801285
		endloop
	endfacet
	facet normal -0.10565097150685851 0.9005207352655676 -0.4217822632311823
		outer loop
			vertex 0.01903662085533142 0.03306249901652336 -0.014934999868273735
			vertex 0.018158715218305588 0.032999999821186066 -0.014848534017801285
			vertex 0.017730340361595154 0.032999999821186066 -0.014741231687366962
		endloop
	endfacet
	facet normal -0.07942284586394267 0.9718131257779368 -0.22197130472335533
		outer loop
			vertex 0.017314545810222626 0.032999999821186066 -0.014592457562685013
			vertex 0.01903662085533142 0.03306249901652336 -0.014934999868273735
			vertex 0.017730340361595154 0.032999999821186066 -0.014741231687366962
		endloop
	endfacet
	facet normal -0.1202166248962593 0.9596571841670883 -0.25417720585262416
		outer loop
			vertex 0.01903662085533142 0.03312499821186066 -0.014934999868273735
			vertex 0.017314545810222626 0.032999999821186066 -0.014592457562685013
			vertex 0.01691533625125885 0.032999999821186066 -0.014403645880520344
		endloop
	endfacet
	facet normal -0.09932447418154165 0.9811594871703148 -0.16571273205232373
		outer loop
			vertex 0.01903662085533142 0.03312499821186066 -0.014934999868273735
			vertex 0.01691533625125885 0.032999999821186066 -0.014403645880520344
			vertex 0.01653655618429184 0.032999999821186066 -0.01417661365121603
		endloop
	endfacet
	facet normal -0.19509047627202017 0 -0.9807852497198132
		outer loop
			vertex 0.01903662085533142 0.03312499821186066 -0.014934999868273735
			vertex 0.01903662085533142 0.03306249901652336 -0.014934999868273735
			vertex 0.017314545810222626 0.032999999821186066 -0.014592457562685013
		endloop
	endfacet
	facet normal -0.08376092471948367 0.9900651236938581 -0.11293873708875402
		outer loop
			vertex 0.01618185080587864 0.032999999821186066 -0.013913546688854694
			vertex 0.01903662085533142 0.03312499821186066 -0.014934999868273735
			vertex 0.01653655618429184 0.032999999821186066 -0.01417661365121603
		endloop
	endfacet
	facet normal -0.1071319667985625 0.9871936020311766 -0.11820124279627099
		outer loop
			vertex 0.01903662085533142 0.03318750113248825 -0.014934999868273735
			vertex 0.01618185080587864 0.032999999821186066 -0.013913546688854694
			vertex 0.015854641795158386 0.032999999821186066 -0.01361698005348444
		endloop
	endfacet
	facet normal -0.09358993694113088 0.9919907065695693 -0.08482547838333603
		outer loop
			vertex 0.01903662085533142 0.03318750113248825 -0.014934999868273735
			vertex 0.015854641795158386 0.032999999821186066 -0.01361698005348444
			vertex 0.015558074228465557 0.032999999821186066 -0.013289770111441612
		endloop
	endfacet
	facet normal -0.336889889263848 0 -0.9415440523479464
		outer loop
			vertex 0.01903662085533142 0.03318750113248825 -0.014934999868273735
			vertex 0.01903662085533142 0.03312499821186066 -0.014934999868273735
			vertex 0.01618185080587864 0.032999999821186066 -0.013913546688854694
		endloop
	endfacet
	facet normal -0.08258523991550641 0.9947000608223088 -0.0612492216129599
		outer loop
			vertex 0.015295008197426796 0.032999999821186066 -0.012935065664350986
			vertex 0.01903662085533142 0.03318750113248825 -0.014934999868273735
			vertex 0.015558074228465557 0.032999999821186066 -0.013289770111441612
		endloop
	endfacet
	facet normal -0.09767373895661141 0.9934950965109711 -0.05854343624090017
		outer loop
			vertex 0.01903662085533142 0.033250000327825546 -0.014934999868273735
			vertex 0.015295008197426796 0.032999999821186066 -0.012935065664350986
			vertex 0.015067975968122482 0.032999999821186066 -0.012556285597383976
		endloop
	endfacet
	facet normal -0.08750417001069005 0.9953040665458233 -0.04138641501855191
		outer loop
			vertex 0.01903662085533142 0.033250000327825546 -0.014934999868273735
			vertex 0.015067975968122482 0.032999999821186066 -0.012556285597383976
			vertex 0.014879163354635239 0.032999999821186066 -0.012157075107097626
		endloop
	endfacet
	facet normal -0.471396841664062 0 -0.8819212083112342
		outer loop
			vertex 0.01903662085533142 0.033250000327825546 -0.014934999868273735
			vertex 0.01903662085533142 0.03318750113248825 -0.014934999868273735
			vertex 0.015295008197426796 0.032999999821186066 -0.012935065664350986
		endloop
	endfacet
	facet normal -0.07874962978359712 0.9964961365538973 -0.028177041045908183
		outer loop
			vertex 0.014730390161275864 0.032999999821186066 -0.011741281487047672
			vertex 0.01903662085533142 0.033250000327825546 -0.014934999868273735
			vertex 0.014879163354635239 0.032999999821186066 -0.012157075107097626
		endloop
	endfacet
	facet normal -0.08875274606600186 0.995805560607178 -0.022231408627619565
		outer loop
			vertex 0.01903662085533142 0.03331249952316284 -0.014934999868273735
			vertex 0.014730390161275864 0.032999999821186066 -0.011741281487047672
			vertex 0.014623087830841541 0.032999999821186066 -0.011312906630337238
		endloop
	endfacet
	facet normal -0.08035275857488727 0.9966952221916322 -0.011919238640902855
		outer loop
			vertex 0.01903662085533142 0.03331249952316284 -0.014934999868273735
			vertex 0.014623087830841541 0.032999999821186066 -0.011312906630337238
			vertex 0.014558290131390095 0.032999999821186066 -0.010876077227294445
		endloop
	endfacet
	facet normal -0.5956993086567318 0 -0.8032075283921907
		outer loop
			vertex 0.01903662085533142 0.03331249952316284 -0.014934999868273735
			vertex 0.01903662085533142 0.033250000327825546 -0.014934999868273735
			vertex 0.014730390161275864 0.032999999821186066 -0.011741281487047672
		endloop
	endfacet
	facet normal -0.07283782804228754 0.9973373783281962 -0.0035783509501838124
		outer loop
			vertex 0.014536621049046516 0.032999999821186066 -0.01043500006198883
			vertex 0.01903662085533142 0.03331249952316284 -0.014934999868273735
			vertex 0.014558290131390095 0.032999999821186066 -0.010876077227294445
		endloop
	endfacet
	facet normal -0.07918084725758338 0.9968526779681565 0.003889968545685295
		outer loop
			vertex 0.01903662085533142 0.03337499871850014 -0.014934999868273735
			vertex 0.014536621049046516 0.032999999821186066 -0.01043500006198883
			vertex 0.014558290131390095 0.032999999821186066 -0.009993922896683216
		endloop
	endfacet
	facet normal -0.07176952956295837 0.9973644251724505 0.010646033380533921
		outer loop
			vertex 0.01903662085533142 0.03337499871850014 -0.014934999868273735
			vertex 0.014558290131390095 0.032999999821186066 -0.009993922896683216
			vertex 0.014623087830841541 0.032999999821186066 -0.009557093493640423
		endloop
	endfacet
	facet normal -0.06495078257939602 0.9977558342917242 0.01626932632746283
		outer loop
			vertex 0.01903662085533142 0.03337499871850014 -0.014934999868273735
			vertex 0.014623087830841541 0.032999999821186066 -0.009557093493640423
			vertex 0.014730390161275864 0.032999999821186066 -0.009128718636929989
		endloop
	endfacet
	facet normal -0.7071067811865476 0 -0.7071067811865476
		outer loop
			vertex 0.01903662085533142 0.03337499871850014 -0.014934999868273735
			vertex 0.01903662085533142 0.03331249952316284 -0.014934999868273735
			vertex 0.014536621049046516 0.032999999821186066 -0.01043500006198883
		endloop
	endfacet
	facet normal -0.06835284374900681 0.9973613904519915 0.024457015089631304
		outer loop
			vertex 0.01903662085533142 0.03343750163912773 -0.014934999868273735
			vertex 0.014730390161275864 0.032999999821186066 -0.009128718636929989
			vertex 0.014879163354635239 0.032999999821186066 -0.008712925016880035
		endloop
	endfacet
	facet normal -0.06147488966388861 0.9976850478489906 0.0290754748778094
		outer loop
			vertex 0.01903662085533142 0.03343750163912773 -0.014934999868273735
			vertex 0.014879163354635239 0.032999999821186066 -0.008712925016880035
			vertex 0.015067975968122482 0.032999999821186066 -0.008313714526593685
		endloop
	endfacet
	facet normal -0.05500637546656309 0.9979415367349107 0.032969499802037186
		outer loop
			vertex 0.01903662085533142 0.03343750163912773 -0.014934999868273735
			vertex 0.015067975968122482 0.032999999821186066 -0.008313714526593685
			vertex 0.015295008197426796 0.032999999821186066 -0.0079349335283041
		endloop
	endfacet
	facet normal -0.8032075945572306 0 -0.5956992194434938
		outer loop
			vertex 0.01903662085533142 0.03343750163912773 -0.014934999868273735
			vertex 0.01903662085533142 0.03337499871850014 -0.014934999868273735
			vertex 0.014730390161275864 0.032999999821186066 -0.009128718636929989
		endloop
	endfacet
	facet normal -0.048883945219972906 0.9981462564621422 0.03625480120401105
		outer loop
			vertex 0.015558074228465557 0.032999999821186066 -0.007580230012536049
			vertex 0.01903662085533142 0.03343750163912773 -0.014934999868273735
			vertex 0.015295008197426796 0.032999999821186066 -0.0079349335283041
		endloop
	endfacet
	facet normal -0.04917895598180895 0.997794889496382 0.04457340892777298
		outer loop
			vertex 0.01903662085533142 0.03350000083446503 -0.014934999868273735
			vertex 0.015558074228465557 0.032999999821186066 -0.007580230012536049
			vertex 0.015854641795158386 0.032999999821186066 -0.007253019604831934
		endloop
	endfacet
	facet normal -0.042803023272067885 0.9979667552910093 0.04722559192541606
		outer loop
			vertex 0.01903662085533142 0.03350000083446503 -0.014934999868273735
			vertex 0.015854641795158386 0.032999999821186066 -0.007253019604831934
			vertex 0.01618185080587864 0.032999999821186066 -0.0069564529694616795
		endloop
	endfacet
	facet normal -0.9039893144862493 0 -0.4275550482624212
		outer loop
			vertex 0.01903662085533142 0.03350000083446503 -0.014934999868273735
			vertex 0.01903662085533142 0.03343750163912773 -0.014934999868273735
			vertex 0.015558074228465557 0.032999999821186066 -0.007580230012536049
		endloop
	endfacet
	facet normal -0.03666098289070782 0.9981044343277026 0.049431877456395525
		outer loop
			vertex 0.01653655618429184 0.032999999821186066 -0.006693386938422918
			vertex 0.01903662085533142 0.03350000083446503 -0.014934999868273735
			vertex 0.01618185080587864 0.032999999821186066 -0.0069564529694616795
		endloop
	endfacet
	facet normal -0.03453651021783239 0.9977410011034882 0.05762051873233274
		outer loop
			vertex 0.01903662085533142 0.03356250002980232 -0.014934999868273735
			vertex 0.01653655618429184 0.032999999821186066 -0.006693386938422918
			vertex 0.01691533625125885 0.032999999821186066 -0.006466354243457317
		endloop
	endfacet
	facet normal -0.028027069625830927 0.9978491595831259 0.05925823223349228
		outer loop
			vertex 0.01903662085533142 0.03356250002980232 -0.014934999868273735
			vertex 0.01691533625125885 0.032999999821186066 -0.006466354243457317
			vertex 0.017314545810222626 0.032999999821186066 -0.006277542095631361
		endloop
	endfacet
	facet normal -0.9569403769786253 0 -0.29028454128321524
		outer loop
			vertex 0.01903662085533142 0.03356250002980232 -0.014934999868273735
			vertex 0.01903662085533142 0.03350000083446503 -0.014934999868273735
			vertex 0.01653655618429184 0.032999999821186066 -0.006693386938422918
		endloop
	endfacet
	facet normal -0.02165813361223247 0.9979313563419495 0.060530432659546086
		outer loop
			vertex 0.017730340361595154 0.032999999821186066 -0.006128768436610699
			vertex 0.01903662085533142 0.03356250002980232 -0.014934999868273735
			vertex 0.017314545810222626 0.032999999821186066 -0.006277542095631361
		endloop
	endfacet
	facet normal 0.7071067811865476 0 -0.7071067811865476
		outer loop
			vertex 0.023536620661616325 0.03500000014901161 -0.01043500006198883
			vertex 0.01903662085533142 0.03362499922513962 -0.014934999868273735
			vertex 0.01903662085533142 0.03368749842047691 -0.014934999868273735
		endloop
	endfacet
	facet normal 0.7071067811865476 0 -0.7071067811865476
		outer loop
			vertex 0.023536620661616325 0.03500000014901161 -0.01043500006198883
			vertex 0.01903662085533142 0.03368749842047691 -0.014934999868273735
			vertex 0.01903662085533142 0.03375000134110451 -0.014934999868273735
		endloop
	endfacet
	facet normal 0.7071067811865476 0 -0.7071067811865476
		outer loop
			vertex 0.023536620661616325 0.03500000014901161 -0.01043500006198883
			vertex 0.01903662085533142 0.03375000134110451 -0.014934999868273735
			vertex 0.01903662085533142 0.0338125005364418 -0.014934999868273735
		endloop
	endfacet
	facet normal 0.6715589024627476 0 -0.7409511728332913
		outer loop
			vertex 0.02351495251059532 0.03500000014901161 -0.010876077227294445
			vertex 0.01903662085533142 0.034062501043081284 -0.014934999868273735
			vertex 0.01903662085533142 0.03412500023841858 -0.014934999868273735
		endloop
	endfacet
	facet normal 0.22007613485412236 -0.9749362949475334 -0.032645300759016074
		outer loop
			vertex 0.02351495251059532 0.03500000014901161 -0.010876077227294445
			vertex 0.01903662085533142 0.03412500023841858 -0.014934999868273735
			vertex 0.023450154811143875 0.03500000014901161 -0.011312906630337238
		endloop
	endfacet
	facet normal 0.24168425098533447 -0.9684646843219618 -0.0605382362381063
		outer loop
			vertex 0.023450154811143875 0.03500000014901161 -0.011312906630337238
			vertex 0.01903662085533142 0.03412500023841858 -0.014934999868273735
			vertex 0.023342853412032127 0.03500000014901161 -0.011741281487047672
		endloop
	endfacet
	facet normal 0.5956991424244438 0 -0.8032076516784326
		outer loop
			vertex 0.023342853412032127 0.03500000014901161 -0.011741281487047672
			vertex 0.01903662085533142 0.03412500023841858 -0.014934999868273735
			vertex 0.01903662085533142 0.034187499433755875 -0.014934999868273735
		endloop
	endfacet
	facet normal 0.24778245197938398 -0.9647505555039179 -0.08865789387283089
		outer loop
			vertex 0.023342853412032127 0.03500000014901161 -0.011741281487047672
			vertex 0.01903662085533142 0.034187499433755875 -0.014934999868273735
			vertex 0.023194080218672752 0.03500000014901161 -0.012157075107097626
		endloop
	endfacet
	facet normal 0.5555701260821009 0 -0.8314696837558895
		outer loop
			vertex 0.023194080218672752 0.03500000014901161 -0.012157075107097626
			vertex 0.01903662085533142 0.034187499433755875 -0.014934999868273735
			vertex 0.01903662085533142 0.03424999862909317 -0.014934999868273735
		endloop
	endfacet
	facet normal 0.2531942793688193 -0.9599750538462116 -0.11975204753100309
		outer loop
			vertex 0.023194080218672752 0.03500000014901161 -0.012157075107097626
			vertex 0.01903662085533142 0.03424999862909317 -0.014934999868273735
			vertex 0.02300526760518551 0.03500000014901161 -0.012556285597383976
		endloop
	endfacet
	facet normal 0.5141025774134877 0 -0.8577287099641756
		outer loop
			vertex 0.02300526760518551 0.03500000014901161 -0.012556285597383976
			vertex 0.01903662085533142 0.03424999862909317 -0.014934999868273735
			vertex 0.01903662085533142 0.034312501549720764 -0.014934999868273735
		endloop
	endfacet
	facet normal 0.25785401338302966 -0.9537426404121949 -0.15455188009804152
		outer loop
			vertex 0.02300526760518551 0.03500000014901161 -0.012556285597383976
			vertex 0.01903662085533142 0.034312501549720764 -0.014934999868273735
			vertex 0.022778235375881195 0.03500000014901161 -0.012935065664350986
		endloop
	endfacet
	facet normal 0.47139665914114665 0 -0.8819213058717688
		outer loop
			vertex 0.022778235375881195 0.03500000014901161 -0.012935065664350986
			vertex 0.01903662085533142 0.034312501549720764 -0.014934999868273735
			vertex 0.01903662085533142 0.03437500074505806 -0.014934999868273735
		endloop
	endfacet
	facet normal 0.2616531036193512 -0.9454523699082685 -0.19405532613458362
		outer loop
			vertex 0.022778235375881195 0.03500000014901161 -0.012935065664350986
			vertex 0.01903662085533142 0.03437500074505806 -0.014934999868273735
			vertex 0.02251516841351986 0.03500000014901161 -0.013289770111441612
		endloop
	endfacet
	facet normal 0.4275549427640016 0 -0.9039893643832716
		outer loop
			vertex 0.02251516841351986 0.03500000014901161 -0.013289770111441612
			vertex 0.01903662085533142 0.03437500074505806 -0.014934999868273735
			vertex 0.01903662085533142 0.034437499940395355 -0.014934999868273735
		endloop
	endfacet
	facet normal 0.2644006608814443 -0.934165520077776 -0.23963946174049452
		outer loop
			vertex 0.02251516841351986 0.03500000014901161 -0.013289770111441612
			vertex 0.01903662085533142 0.034437499940395355 -0.014934999868273735
			vertex 0.022218601778149605 0.03500000014901161 -0.01361698005348444
		endloop
	endfacet
	facet normal 0.3826834723508574 0 -0.9238795159486385
		outer loop
			vertex 0.022218601778149605 0.03500000014901161 -0.01361698005348444
			vertex 0.01903662085533142 0.034437499940395355 -0.014934999868273735
			vertex 0.01903662085533142 0.03449999913573265 -0.014934999868273735
		endloop
	endfacet
	facet normal 0.2657653333949886 -0.9183609252687912 -0.29322687207161025
		outer loop
			vertex 0.022218601778149605 0.03500000014901161 -0.01361698005348444
			vertex 0.01903662085533142 0.03449999913573265 -0.014934999868273735
			vertex 0.021891390904784203 0.03500000014901161 -0.013913546688854694
		endloop
	endfacet
	facet normal 0.336889889263848 0 -0.9415440523479464
		outer loop
			vertex 0.021891390904784203 0.03500000014901161 -0.013913546688854694
			vertex 0.01903662085533142 0.03449999913573265 -0.014934999868273735
			vertex 0.01903662085533142 0.034562498331069946 -0.014934999868273735
		endloop
	endfacet
	facet normal 0.26515696169347874 -0.8954720159134987 -0.35752154394007885
		outer loop
			vertex 0.021891390904784203 0.03500000014901161 -0.013913546688854694
			vertex 0.01903662085533142 0.034562498331069946 -0.014934999868273735
			vertex 0.02153668738901615 0.03500000014901161 -0.01417661365121603
		endloop
	endfacet
	facet normal 0.29028444075226256 0 -0.956940407474335
		outer loop
			vertex 0.02153668738901615 0.03500000014901161 -0.01417661365121603
			vertex 0.01903662085533142 0.034562498331069946 -0.014934999868273735
			vertex 0.01903662085533142 0.03462500125169754 -0.014934999868273735
		endloop
	endfacet
	facet normal 0.26148159395862125 -0.8609928455870111 -0.4362553104190716
		outer loop
			vertex 0.02153668738901615 0.03500000014901161 -0.01417661365121603
			vertex 0.01903662085533142 0.03462500125169754 -0.014934999868273735
			vertex 0.02115790732204914 0.03500000014901161 -0.014403645880520344
		endloop
	endfacet
	facet normal 0.24297991700253982 0 -0.9700313190477093
		outer loop
			vertex 0.02115790732204914 0.03500000014901161 -0.014403645880520344
			vertex 0.01903662085533142 0.03462500125169754 -0.014934999868273735
			vertex 0.01903662085533142 0.034687500447034836 -0.014934999868273735
		endloop
	endfacet
	facet normal 0.25265082830358526 -0.8067295016404559 -0.5341863627428673
		outer loop
			vertex 0.02115790732204914 0.03500000014901161 -0.014403645880520344
			vertex 0.01903662085533142 0.034687500447034836 -0.014934999868273735
			vertex 0.020758697763085365 0.03500000014901161 -0.014592457562685013
		endloop
	endfacet
	facet normal 0.19509027328814943 0 -0.9807852900958269
		outer loop
			vertex 0.020758697763085365 0.03500000014901161 -0.014592457562685013
			vertex 0.01903662085533142 0.034687500447034836 -0.014934999868273735
			vertex 0.01903662085533142 0.03474999964237213 -0.014934999868273735
		endloop
	endfacet
	facet normal 0.23460940411164038 -0.7176576644187165 -0.6556873524809321
		outer loop
			vertex 0.020758697763085365 0.03500000014901161 -0.014592457562685013
			vertex 0.01903662085533142 0.03474999964237213 -0.014934999868273735
			vertex 0.020342903211712837 0.03500000014901161 -0.014741231687366962
		endloop
	endfacet
	facet normal 0.14673010218301838 0 -0.9891765651860951
		outer loop
			vertex 0.020342903211712837 0.03500000014901161 -0.014741231687366962
			vertex 0.01903662085533142 0.03474999964237213 -0.014934999868273735
			vertex 0.01903662085533142 0.03481249883770943 -0.014934999868273735
		endloop
	endfacet
	facet normal 0.1999604358654893 -0.5681145762198054 -0.7982866981073118
		outer loop
			vertex 0.020342903211712837 0.03500000014901161 -0.014741231687366962
			vertex 0.01903662085533142 0.03481249883770943 -0.014934999868273735
			vertex 0.019914528355002403 0.03500000014901161 -0.014848534017801285
		endloop
	endfacet
	facet normal 0.09801658887457934 0 -0.9951847809856177
		outer loop
			vertex 0.019914528355002403 0.03500000014901161 -0.014848534017801285
			vertex 0.01903662085533142 0.03481249883770943 -0.014934999868273735
			vertex 0.01903662085533142 0.03487500175833702 -0.014934999868273735
		endloop
	endfacet
	facet normal 0.13865263604049596 -0.3272285274073647 -0.9347175709110369
		outer loop
			vertex 0.019914528355002403 0.03500000014901161 -0.014848534017801285
			vertex 0.01903662085533142 0.03487500175833702 -0.014934999868273735
			vertex 0.01947769895195961 0.03500000014901161 -0.014913331717252731
		endloop
	endfacet
	facet normal 0.04906625936716101 0 -0.9987955257167078
		outer loop
			vertex 0.01947769895195961 0.03500000014901161 -0.014913331717252731
			vertex 0.01903662085533142 0.03487500175833702 -0.014934999868273735
			vertex 0.01903662085533142 0.034937500953674316 -0.014934999868273735
		endloop
	endfacet
	facet normal 0.04906625936716101 0 -0.9987955257167078
		outer loop
			vertex 0.01947769895195961 0.03500000014901161 -0.014913331717252731
			vertex 0.01903662085533142 0.034937500953674316 -0.014934999868273735
			vertex 0.01903662085533142 0.03500000014901161 -0.014934999868273735
		endloop
	endfacet
	facet normal -0.9891765188039977 0 -0.14673041486619096
		outer loop
			vertex 0.017730340361595154 0.032999999821186066 -0.006128768436610699
			vertex 0.01903662085533142 0.03375000134110451 -0.014934999868273735
			vertex 0.01903662085533142 0.03368749842047691 -0.014934999868273735
		endloop
	endfacet
	facet normal -0.9891765188039978 0 -0.14673041486619096
		outer loop
			vertex 0.017730340361595154 0.032999999821186066 -0.006128768436610699
			vertex 0.01903662085533142 0.03368749842047691 -0.014934999868273735
			vertex 0.01903662085533142 0.03362499922513962 -0.014934999868273735
		endloop
	endfacet
	facet normal -0.9891765188039978 0 -0.14673041486619096
		outer loop
			vertex 0.017730340361595154 0.032999999821186066 -0.006128768436610699
			vertex 0.01903662085533142 0.03362499922513962 -0.014934999868273735
			vertex 0.01903662085533142 0.03356250002980232 -0.014934999868273735
		endloop
	endfacet
	facet normal -0.9891765188039978 0 -0.14673041486619096
		outer loop
			vertex 0.01903662085533142 0.034062501043081284 -0.014934999868273735
			vertex 0.01903662085533142 0.03400000184774399 -0.014934999868273735
			vertex 0.017730340361595154 0.032999999821186066 -0.006128768436610699
		endloop
	endfacet
	facet normal -0.9891765188039977 0 -0.14673041486619096
		outer loop
			vertex 0.017730340361595154 0.032999999821186066 -0.006128768436610699
			vertex 0.01903662085533142 0.03400000184774399 -0.014934999868273735
			vertex 0.01903662085533142 0.033937498927116394 -0.014934999868273735
		endloop
	endfacet
	facet normal 0.7071067811865476 0 -0.7071067811865476
		outer loop
			vertex 0.01903662085533142 0.033937498927116394 -0.014934999868273735
			vertex 0.01903662085533142 0.03400000184774399 -0.014934999868273735
			vertex 0.023536620661616325 0.03500000014901161 -0.01043500006198883
		endloop
	endfacet
	facet normal 0.7071067811865476 0 -0.7071067811865476
		outer loop
			vertex 0.01903662085533142 0.033937498927116394 -0.014934999868273735
			vertex 0.023536620661616325 0.03500000014901161 -0.01043500006198883
			vertex 0.01903662085533142 0.0338749997317791 -0.014934999868273735
		endloop
	endfacet
	facet normal 0.7071067811865476 0 -0.7071067811865476
		outer loop
			vertex 0.01903662085533142 0.0338749997317791 -0.014934999868273735
			vertex 0.023536620661616325 0.03500000014901161 -0.01043500006198883
			vertex 0.01903662085533142 0.0338125005364418 -0.014934999868273735
		endloop
	endfacet
	facet normal -0.9891765188039978 0 -0.14673041486619096
		outer loop
			vertex 0.01903662085533142 0.034062501043081284 -0.014934999868273735
			vertex 0.017730340361595154 0.032999999821186066 -0.006128768436610699
			vertex 0.01903662085533142 0.03412500023841858 -0.014934999868273735
		endloop
	endfacet
	facet normal -0.9891765188039978 0 -0.14673041486619096
		outer loop
			vertex 0.01903662085533142 0.03412500023841858 -0.014934999868273735
			vertex 0.017730340361595154 0.032999999821186066 -0.006128768436610699
			vertex 0.01903662085533142 0.034187499433755875 -0.014934999868273735
		endloop
	endfacet
	facet normal -0.9891765188039978 0 -0.14673041486619096
		outer loop
			vertex 0.01903662085533142 0.034187499433755875 -0.014934999868273735
			vertex 0.017730340361595154 0.032999999821186066 -0.006128768436610699
			vertex 0.01903662085533142 0.03424999862909317 -0.014934999868273735
		endloop
	endfacet
	facet normal -0.9891765188039977 0 -0.14673041486619096
		outer loop
			vertex 0.01903662085533142 0.03424999862909317 -0.014934999868273735
			vertex 0.017730340361595154 0.032999999821186066 -0.006128768436610699
			vertex 0.01903662085533142 0.034312501549720764 -0.014934999868273735
		endloop
	endfacet
	facet normal -0.9891765188039978 0 -0.14673041486619096
		outer loop
			vertex 0.01903662085533142 0.034312501549720764 -0.014934999868273735
			vertex 0.017730340361595154 0.032999999821186066 -0.006128768436610699
			vertex 0.01903662085533142 0.03437500074505806 -0.014934999868273735
		endloop
	endfacet
	facet normal -0.9891765188039978 0 -0.14673041486619096
		outer loop
			vertex 0.01903662085533142 0.03437500074505806 -0.014934999868273735
			vertex 0.017730340361595154 0.032999999821186066 -0.006128768436610699
			vertex 0.01903662085533142 0.034437499940395355 -0.014934999868273735
		endloop
	endfacet
	facet normal -0.9891765188039978 0 -0.14673041486619096
		outer loop
			vertex 0.01903662085533142 0.034437499940395355 -0.014934999868273735
			vertex 0.017730340361595154 0.032999999821186066 -0.006128768436610699
			vertex 0.01903662085533142 0.03449999913573265 -0.014934999868273735
		endloop
	endfacet
	facet normal -0.9891765188039978 0 -0.14673041486619096
		outer loop
			vertex 0.01903662085533142 0.03449999913573265 -0.014934999868273735
			vertex 0.017730340361595154 0.032999999821186066 -0.006128768436610699
			vertex 0.01903662085533142 0.034562498331069946 -0.014934999868273735
		endloop
	endfacet
	facet normal -0.9891765188039977 0 -0.14673041486619096
		outer loop
			vertex 0.01903662085533142 0.034562498331069946 -0.014934999868273735
			vertex 0.017730340361595154 0.032999999821186066 -0.006128768436610699
			vertex 0.01903662085533142 0.03462500125169754 -0.014934999868273735
		endloop
	endfacet
	facet normal -0.9891765188039978 0 -0.14673041486619096
		outer loop
			vertex 0.01903662085533142 0.03462500125169754 -0.014934999868273735
			vertex 0.017730340361595154 0.032999999821186066 -0.006128768436610699
			vertex 0.01903662085533142 0.034687500447034836 -0.014934999868273735
		endloop
	endfacet
	facet normal -0.9891765188039978 0 -0.14673041486619096
		outer loop
			vertex 0.01903662085533142 0.034687500447034836 -0.014934999868273735
			vertex 0.017730340361595154 0.032999999821186066 -0.006128768436610699
			vertex 0.01903662085533142 0.03474999964237213 -0.014934999868273735
		endloop
	endfacet
	facet normal -0.9891765188039978 0 -0.14673041486619096
		outer loop
			vertex 0.01903662085533142 0.03474999964237213 -0.014934999868273735
			vertex 0.017730340361595154 0.032999999821186066 -0.006128768436610699
			vertex 0.01903662085533142 0.03481249883770943 -0.014934999868273735
		endloop
	endfacet
	facet normal -0.9891765188039977 0 -0.14673041486619096
		outer loop
			vertex 0.01903662085533142 0.03481249883770943 -0.014934999868273735
			vertex 0.017730340361595154 0.032999999821186066 -0.006128768436610699
			vertex 0.01903662085533142 0.03487500175833702 -0.014934999868273735
		endloop
	endfacet
	facet normal 0 0 -1
		outer loop
			vertex -0.005963378585875034 0.03500000014901161 -0.014934999868273735
			vertex 0.01903662085533142 0.03500000014901161 -0.014934999868273735
			vertex 0.01903662085533142 0.032999999821186066 -0.014934999868273735
		endloop
	endfacet
	facet normal 0 0 -1
		outer loop
			vertex -0.005963378585875034 0.03500000014901161 -0.014934999868273735
			vertex 0.01903662085533142 0.032999999821186066 -0.014934999868273735
			vertex -0.005963378585875034 0.032999999821186066 -0.014934999868273735
		endloop
	endfacet
	facet normal -0.9987955206394584 0 0.049066362719825764
		outer loop
			vertex -0.010463378392159939 0.03306249901652336 -0.01043500006198883
			vertex -0.010463378392159939 0.032999999821186066 -0.01043500006198883
			vertex -0.010441710241138935 0.032999999821186066 -0.009993922896683216
		endloop
	endfacet
	facet normal -0.8131875661847312 0.5693641330846216 0.12062531309534937
		outer loop
			vertex -0.010463378392159939 0.03306249901652336 -0.01043500006198883
			vertex -0.010441710241138935 0.032999999821186066 -0.009993922896683216
			vertex -0.010376912541687489 0.032999999821186066 -0.009557093493640423
		endloop
	endfacet
	facet normal -0.42178166525940736 0.9005210329139007 0.10565082172270573
		outer loop
			vertex -0.010463378392159939 0.03306249901652336 -0.01043500006198883
			vertex -0.010376912541687489 0.032999999821186066 -0.009557093493640423
			vertex -0.010269610211253166 0.032999999821186066 -0.009128718636929989
		endloop
	endfacet
	facet normal -0.2219702442268804 0.971813384477269 0.07942264430686856
		outer loop
			vertex -0.010120836086571217 0.032999999821186066 -0.008712925016880035
			vertex -0.010463378392159939 0.03306249901652336 -0.01043500006198883
			vertex -0.010269610211253166 0.032999999821186066 -0.009128718636929989
		endloop
	endfacet
	facet normal -0.2541781568860688 0.959656911059089 0.12021679424493505
		outer loop
			vertex -0.010463378392159939 0.03312499821186066 -0.01043500006198883
			vertex -0.010120836086571217 0.032999999821186066 -0.008712925016880035
			vertex -0.009932024404406548 0.032999999821186066 -0.008313714526593685
		endloop
	endfacet
	facet normal -0.1657132895936013 0.9811593838970984 0.09932456414570118
		outer loop
			vertex -0.010463378392159939 0.03312499821186066 -0.01043500006198883
			vertex -0.009932024404406548 0.032999999821186066 -0.008313714526593685
			vertex -0.009704992175102234 0.032999999821186066 -0.0079349335283041
		endloop
	endfacet
	facet normal -0.9807852497198132 0 0.19509047627202017
		outer loop
			vertex -0.010463378392159939 0.03312499821186066 -0.01043500006198883
			vertex -0.010463378392159939 0.03306249901652336 -0.01043500006198883
			vertex -0.010120836086571217 0.032999999821186066 -0.008712925016880035
		endloop
	endfacet
	facet normal -0.1129376096810605 0.990065285825836 0.08376052842559059
		outer loop
			vertex -0.009441925212740898 0.032999999821186066 -0.007580230012536049
			vertex -0.010463378392159939 0.03312499821186066 -0.01043500006198883
			vertex -0.009704992175102234 0.032999999821186066 -0.0079349335283041
		endloop
	endfacet
	facet normal -0.1182020611896043 0.9871934731812139 0.10713225116154841
		outer loop
			vertex -0.010463378392159939 0.03318750113248825 -0.01043500006198883
			vertex -0.009441925212740898 0.032999999821186066 -0.007580230012536049
			vertex -0.009145358577370644 0.032999999821186066 -0.007253019604831934
		endloop
	endfacet
	facet normal -0.08482499768288056 0.9919907699836908 0.09358970047640836
		outer loop
			vertex -0.010463378392159939 0.03318750113248825 -0.01043500006198883
			vertex -0.009145358577370644 0.032999999821186066 -0.007253019604831934
			vertex -0.008818148635327816 0.032999999821186066 -0.0069564529694616795
		endloop
	endfacet
	facet normal -0.9415440523479464 0 0.336889889263848
		outer loop
			vertex -0.010463378392159939 0.03318750113248825 -0.01043500006198883
			vertex -0.010463378392159939 0.03312499821186066 -0.01043500006198883
			vertex -0.009441925212740898 0.032999999821186066 -0.007580230012536049
		endloop
	endfacet
	facet normal -0.06124920911725127 0.9947000629905951 0.08258522306694789
		outer loop
			vertex -0.00846344418823719 0.032999999821186066 -0.006693386938422918
			vertex -0.010463378392159939 0.03318750113248825 -0.01043500006198883
			vertex -0.008818148635327816 0.032999999821186066 -0.0069564529694616795
		endloop
	endfacet
	facet normal -0.058543601195284 0.9934950794297486 0.09767381382932319
		outer loop
			vertex -0.010463378392159939 0.033250000327825546 -0.01043500006198883
			vertex -0.00846344418823719 0.032999999821186066 -0.006693386938422918
			vertex -0.00808466412127018 0.032999999821186066 -0.006466354243457317
		endloop
	endfacet
	facet normal -0.0413863268047512 0.9953040766119519 0.08750409723687462
		outer loop
			vertex -0.010463378392159939 0.033250000327825546 -0.01043500006198883
			vertex -0.00808466412127018 0.032999999821186066 -0.006466354243457317
			vertex -0.007685454096645117 0.032999999821186066 -0.006277542095631361
		endloop
	endfacet
	facet normal -0.8819212327013785 0 0.4713967960333218
		outer loop
			vertex -0.010463378392159939 0.033250000327825546 -0.01043500006198883
			vertex -0.010463378392159939 0.03318750113248825 -0.01043500006198883
			vertex -0.00846344418823719 0.032999999821186066 -0.006693386938422918
		endloop
	endfacet
	facet normal -0.028177068340569048 0.9964961352932954 0.07874963596904493
		outer loop
			vertex -0.007269659545272589 0.032999999821186066 -0.006128768436610699
			vertex -0.010463378392159939 0.033250000327825546 -0.01043500006198883
			vertex -0.007685454096645117 0.032999999821186066 -0.006277542095631361
		endloop
	endfacet
	facet normal -0.022231433127584115 0.9958055599415608 0.08875274739729666
		outer loop
			vertex -0.010463378392159939 0.03331249952316284 -0.01043500006198883
			vertex -0.007269659545272589 0.032999999821186066 -0.006128768436610699
			vertex -0.006841285154223442 0.032999999821186066 -0.006021466106176376
		endloop
	endfacet
	facet normal -0.011919138357563398 0.9966952313406042 0.0803526599666298
		outer loop
			vertex -0.010463378392159939 0.03331249952316284 -0.01043500006198883
			vertex -0.006841285154223442 0.032999999821186066 -0.006021466106176376
			vertex -0.006404455751180649 0.032999999821186066 -0.005956668872386217
		endloop
	endfacet
	facet normal -0.8032075484772528 0 0.5956992815751601
		outer loop
			vertex -0.010463378392159939 0.03331249952316284 -0.01043500006198883
			vertex -0.010463378392159939 0.033250000327825546 -0.01043500006198883
			vertex -0.007269659545272589 0.032999999821186066 -0.006128768436610699
		endloop
	endfacet
	facet normal -0.003578350562834763 0.9973373789054123 0.07283782015774411
		outer loop
			vertex -0.005963378585875034 0.032999999821186066 -0.005934999790042639
			vertex -0.010463378392159939 0.03331249952316284 -0.01043500006198883
			vertex -0.006404455751180649 0.032999999821186066 -0.005956668872386217
		endloop
	endfacet
	facet normal 0.0038899681644111853 0.996852678586098 0.0791808394966962
		outer loop
			vertex -0.010463378392159939 0.03337499871850014 -0.01043500006198883
			vertex -0.005963378585875034 0.032999999821186066 -0.005934999790042639
			vertex -0.00552230142056942 0.032999999821186066 -0.005956668872386217
		endloop
	endfacet
	facet normal 0.010645966639997359 0.9973644211472608 0.07176959540007101
		outer loop
			vertex -0.010463378392159939 0.03337499871850014 -0.01043500006198883
			vertex -0.00552230142056942 0.032999999821186066 -0.005956668872386217
			vertex -0.005085472017526627 0.032999999821186066 -0.006021466106176376
		endloop
	endfacet
	facet normal 0.01626933727263828 0.9977558358649227 0.06495075567073
		outer loop
			vertex -0.010463378392159939 0.03337499871850014 -0.01043500006198883
			vertex -0.005085472017526627 0.032999999821186066 -0.006021466106176376
			vertex -0.00465709762647748 0.032999999821186066 -0.006128768436610699
		endloop
	endfacet
	facet normal -0.7071068177723523 0 0.7071067446007409
		outer loop
			vertex -0.010463378392159939 0.03337499871850014 -0.01043500006198883
			vertex -0.010463378392159939 0.03331249952316284 -0.01043500006198883
			vertex -0.005963378585875034 0.032999999821186066 -0.005934999790042639
		endloop
	endfacet
	facet normal 0.02445702688498083 0.9973613920733071 0.06835281587135082
		outer loop
			vertex -0.010463378392159939 0.03343750163912773 -0.01043500006198883
			vertex -0.00465709762647748 0.032999999821186066 -0.006128768436610699
			vertex -0.004241303075104952 0.032999999821186066 -0.006277542095631361
		endloop
	endfacet
	facet normal 0.029075459860180775 0.9976850475287795 0.06147490196345353
		outer loop
			vertex -0.010463378392159939 0.03343750163912773 -0.01043500006198883
			vertex -0.004241303075104952 0.032999999821186066 -0.006277542095631361
			vertex -0.0038420932833105326 0.032999999821186066 -0.006466354243457317
		endloop
	endfacet
	facet normal 0.03296954055640205 0.9979415397230668 0.055006296827317086
		outer loop
			vertex -0.010463378392159939 0.03343750163912773 -0.01043500006198883
			vertex -0.0038420932833105326 0.032999999821186066 -0.006466354243457317
			vertex -0.003463312517851591 0.032999999821186066 -0.006693386938422918
		endloop
	endfacet
	facet normal -0.5956993333812137 0 0.8032075100552646
		outer loop
			vertex -0.010463378392159939 0.03343750163912773 -0.01043500006198883
			vertex -0.010463378392159939 0.03337499871850014 -0.01043500006198883
			vertex -0.00465709762647748 0.032999999821186066 -0.006128768436610699
		endloop
	endfacet
	facet normal 0.03625479073001695 0.9981462559627334 0.048883963185286455
		outer loop
			vertex -0.0031086087692528963 0.032999999821186066 -0.0069564529694616795
			vertex -0.010463378392159939 0.03343750163912773 -0.01043500006198883
			vertex -0.003463312517851591 0.032999999821186066 -0.006693386938422918
		endloop
	endfacet
	facet normal 0.04457333788048606 0.9977948854722954 0.04917910202028028
		outer loop
			vertex -0.010463378392159939 0.03350000083446503 -0.01043500006198883
			vertex -0.0031086087692528963 0.032999999821186066 -0.0069564529694616795
			vertex -0.002781397895887494 0.032999999821186066 -0.007253019604831934
		endloop
	endfacet
	facet normal 0.04722565057887057 0.9979667595144779 0.04280286008638534
		outer loop
			vertex -0.010463378392159939 0.03350000083446503 -0.01043500006198883
			vertex -0.002781397895887494 0.032999999821186066 -0.007253019604831934
			vertex -0.0024848314933478832 0.032999999821186066 -0.007580230012536049
		endloop
	endfacet
	facet normal -0.42755510609583863 0 0.9039892871330811
		outer loop
			vertex -0.010463378392159939 0.03350000083446503 -0.01043500006198883
			vertex -0.010463378392159939 0.03343750163912773 -0.01043500006198883
			vertex -0.0031086087692528963 0.032999999821186066 -0.0069564529694616795
		endloop
	endfacet
	facet normal 0.0494318136768369 0.9981044309607751 0.036661160552909605
		outer loop
			vertex -0.0022217652294784784 0.032999999821186066 -0.0079349335283041
			vertex -0.010463378392159939 0.03350000083446503 -0.01043500006198883
			vertex -0.0024848314933478832 0.032999999821186066 -0.007580230012536049
		endloop
	endfacet
	facet normal 0.057620541773689186 0.9977410034601227 0.0345364036936974
		outer loop
			vertex -0.010463378392159939 0.03356250002980232 -0.01043500006198883
			vertex -0.0022217652294784784 0.032999999821186066 -0.0079349335283041
			vertex -0.001994732767343521 0.032999999821186066 -0.008313714526593685
		endloop
	endfacet
	facet normal 0.05925824417846635 0.9978491605515691 0.028027009890711198
		outer loop
			vertex -0.010463378392159939 0.03356250002980232 -0.01043500006198883
			vertex -0.001994732767343521 0.032999999821186066 -0.008313714526593685
			vertex -0.0018059206195175648 0.032999999821186066 -0.008712925016880035
		endloop
	endfacet
	facet normal -0.2902847318224626 0 0.9569403191791853
		outer loop
			vertex -0.010463378392159939 0.03356250002980232 -0.01043500006198883
			vertex -0.010463378392159939 0.03350000083446503 -0.01043500006198883
			vertex -0.0022217652294784784 0.032999999821186066 -0.0079349335283041
		endloop
	endfacet
	facet normal 0.06053042362481974 0.9979313559072738 0.021658178890896093
		outer loop
			vertex -0.0016571469604969025 0.032999999821186066 -0.009128718636929989
			vertex -0.010463378392159939 0.03356250002980232 -0.01043500006198883
			vertex -0.0018059206195175648 0.032999999821186066 -0.008712925016880035
		endloop
	endfacet
	facet normal -0.7071067811865476 0 -0.7071067811865476
		outer loop
			vertex -0.005963378585875034 0.03500000014901161 -0.014934999868273735
			vertex -0.010463378392159939 0.03362499922513962 -0.01043500006198883
			vertex -0.010463378392159939 0.03368749842047691 -0.01043500006198883
		endloop
	endfacet
	facet normal -0.7071067811865476 0 -0.7071067811865476
		outer loop
			vertex -0.005963378585875034 0.03500000014901161 -0.014934999868273735
			vertex -0.010463378392159939 0.03368749842047691 -0.01043500006198883
			vertex -0.010463378392159939 0.03375000134110451 -0.01043500006198883
		endloop
	endfacet
	facet normal -0.7071067811865476 0 -0.7071067811865476
		outer loop
			vertex -0.005963378585875034 0.03500000014901161 -0.014934999868273735
			vertex -0.010463378392159939 0.03375000134110451 -0.01043500006198883
			vertex -0.010463378392159939 0.0338125005364418 -0.01043500006198883
		endloop
	endfacet
	facet normal -0.7409511728332913 0 -0.6715589024627476
		outer loop
			vertex -0.006404455751180649 0.03500000014901161 -0.014913331717252731
			vertex -0.010463378392159939 0.034062501043081284 -0.01043500006198883
			vertex -0.010463378392159939 0.03412500023841858 -0.01043500006198883
		endloop
	endfacet
	facet normal -0.032645300759016074 -0.9749362949475334 -0.22007613485412236
		outer loop
			vertex -0.006404455751180649 0.03500000014901161 -0.014913331717252731
			vertex -0.010463378392159939 0.03412500023841858 -0.01043500006198883
			vertex -0.006841285154223442 0.03500000014901161 -0.014848534017801285
		endloop
	endfacet
	facet normal -0.7730104939200951 0 -0.6343932347443586
		outer loop
			vertex -0.006841285154223442 0.03500000014901161 -0.014848534017801285
			vertex -0.010463378392159939 0.03412500023841858 -0.01043500006198883
			vertex -0.010463378392159939 0.034187499433755875 -0.01043500006198883
		endloop
	endfacet
	facet normal -0.05645671805350731 -0.9726320369569122 -0.22538757656906142
		outer loop
			vertex -0.006841285154223442 0.03500000014901161 -0.014848534017801285
			vertex -0.010463378392159939 0.034187499433755875 -0.01043500006198883
			vertex -0.007269659545272589 0.03500000014901161 -0.014741231687366962
		endloop
	endfacet
	facet normal -0.8032075484772528 0 -0.5956992815751601
		outer loop
			vertex -0.007269659545272589 0.03500000014901161 -0.014741231687366962
			vertex -0.010463378392159939 0.034187499433755875 -0.01043500006198883
			vertex -0.010463378392159939 0.03424999862909317 -0.01043500006198883
		endloop
	endfacet
	facet normal -0.08226107755037784 -0.9697306052638153 -0.22990360661574066
		outer loop
			vertex -0.007269659545272589 0.03500000014901161 -0.014741231687366962
			vertex -0.010463378392159939 0.03424999862909317 -0.01043500006198883
			vertex -0.007685454096645117 0.03500000014901161 -0.014592457562685013
		endloop
	endfacet
	facet normal -0.8314696117951388 0 -0.55557023377899
		outer loop
			vertex -0.007685454096645117 0.03500000014901161 -0.014592457562685013
			vertex -0.010463378392159939 0.03424999862909317 -0.01043500006198883
			vertex -0.010463378392159939 0.034312501549720764 -0.01043500006198883
		endloop
	endfacet
	facet normal -0.11046601050278705 -0.9660467320706041 -0.23356149506993817
		outer loop
			vertex -0.007685454096645117 0.03500000014901161 -0.014592457562685013
			vertex -0.010463378392159939 0.034312501549720764 -0.01043500006198883
			vertex -0.00808466412127018 0.03500000014901161 -0.014403645880520344
		endloop
	endfacet
	facet normal -0.8577286567647053 0 -0.5141026661714704
		outer loop
			vertex -0.00808466412127018 0.03500000014901161 -0.014403645880520344
			vertex -0.010463378392159939 0.034312501549720764 -0.01043500006198883
			vertex -0.010463378392159939 0.03437500074505806 -0.01043500006198883
		endloop
	endfacet
	facet normal -0.141616911428368 -0.9613113746425944 -0.23627334039255377
		outer loop
			vertex -0.00808466412127018 0.03500000014901161 -0.014403645880520344
			vertex -0.010463378392159939 0.03437500074505806 -0.01043500006198883
			vertex -0.00846344418823719 0.03500000014901161 -0.01417661365121603
		endloop
	endfacet
	facet normal -0.8819212570915156 0 -0.4713967504025891
		outer loop
			vertex -0.00846344418823719 0.03500000014901161 -0.01417661365121603
			vertex -0.010463378392159939 0.03437500074505806 -0.01043500006198883
			vertex -0.010463378392159939 0.034437499940395355 -0.01043500006198883
		endloop
	endfacet
	facet normal -0.176437865494763 -0.955130292260956 -0.2378987272457603
		outer loop
			vertex -0.00846344418823719 0.03500000014901161 -0.01417661365121603
			vertex -0.010463378392159939 0.034437499940395355 -0.01043500006198883
			vertex -0.008818148635327816 0.03500000014901161 -0.013913546688854694
		endloop
	endfacet
	facet normal -0.903989320139768 0 -0.4275550363090582
		outer loop
			vertex -0.008818148635327816 0.03500000014901161 -0.013913546688854694
			vertex -0.010463378392159939 0.034437499940395355 -0.01043500006198883
			vertex -0.010463378392159939 0.03449999913573265 -0.01043500006198883
		endloop
	endfacet
	facet normal -0.21591795749410067 -0.9469038039644534 -0.2382280874901702
		outer loop
			vertex -0.008818148635327816 0.03500000014901161 -0.013913546688854694
			vertex -0.010463378392159939 0.03449999913573265 -0.01043500006198883
			vertex -0.009145358577370644 0.03500000014901161 -0.01361698005348444
		endloop
	endfacet
	facet normal -0.2932256501018649 -0.91836141703913 -0.26576498229868434
		outer loop
			vertex -0.009145358577370644 0.03500000014901161 -0.01361698005348444
			vertex -0.010463378392159939 0.03449999913573265 -0.01043500006198883
			vertex -0.009441925212740898 0.03500000014901161 -0.013289770111441612
		endloop
	endfacet
	facet normal -0.9415440523479464 0 -0.336889889263848
		outer loop
			vertex -0.009441925212740898 0.03500000014901161 -0.013289770111441612
			vertex -0.010463378392159939 0.03449999913573265 -0.01043500006198883
			vertex -0.010463378392159939 0.034562498331069946 -0.01043500006198883
		endloop
	endfacet
	facet normal -0.9415440523479464 0 -0.336889889263848
		outer loop
			vertex -0.009441925212740898 0.03500000014901161 -0.013289770111441612
			vertex -0.010463378392159939 0.034562498331069946 -0.01043500006198883
			vertex -0.010463378392159939 0.03462500125169754 -0.01043500006198883
		endloop
	endfacet
	facet normal -0.31483285626773644 -0.9199781628208049 -0.2334961510328504
		outer loop
			vertex -0.009441925212740898 0.03500000014901161 -0.013289770111441612
			vertex -0.010463378392159939 0.03462500125169754 -0.01043500006198883
			vertex -0.009704992175102234 0.03500000014901161 -0.012935065664350986
		endloop
	endfacet
	facet normal -0.9569403774356308 0 -0.29028453977666946
		outer loop
			vertex -0.009704992175102234 0.03500000014901161 -0.012935065664350986
			vertex -0.010463378392159939 0.03462500125169754 -0.01043500006198883
			vertex -0.010463378392159939 0.034687500447034836 -0.01043500006198883
		endloop
	endfacet
	facet normal -0.378827181028996 -0.8971808683865471 -0.22706046841047833
		outer loop
			vertex -0.009704992175102234 0.03500000014901161 -0.012935065664350986
			vertex -0.010463378392159939 0.034687500447034836 -0.01043500006198883
			vertex -0.009932024404406548 0.03500000014901161 -0.012556285597383976
		endloop
	endfacet
	facet normal -0.9700312939041017 0 -0.24298001738154212
		outer loop
			vertex -0.009932024404406548 0.03500000014901161 -0.012556285597383976
			vertex -0.010463378392159939 0.034687500447034836 -0.01043500006198883
			vertex -0.010463378392159939 0.03474999964237213 -0.01043500006198883
		endloop
	endfacet
	facet normal -0.45704327614291834 -0.8627771329177754 -0.21616443427800963
		outer loop
			vertex -0.009932024404406548 0.03500000014901161 -0.012556285597383976
			vertex -0.010463378392159939 0.03474999964237213 -0.01043500006198883
			vertex -0.010120836086571217 0.03500000014901161 -0.012157075107097626
		endloop
	endfacet
	facet normal -0.6556863908618061 -0.7176584836923591 -0.23460958553094763
		outer loop
			vertex -0.010120836086571217 0.03500000014901161 -0.012157075107097626
			vertex -0.010463378392159939 0.03474999964237213 -0.01043500006198883
			vertex -0.010269610211253166 0.03500000014901161 -0.011741281487047672
		endloop
	endfacet
	facet normal -0.9891765500024592 0 -0.1467302045430064
		outer loop
			vertex -0.010269610211253166 0.03500000014901161 -0.011741281487047672
			vertex -0.010463378392159939 0.03474999964237213 -0.01043500006198883
			vertex -0.010463378392159939 0.03481249883770943 -0.01043500006198883
		endloop
	endfacet
	facet normal -0.798287148544987 -0.5681139035737471 -0.19996054869426885
		outer loop
			vertex -0.010269610211253166 0.03500000014901161 -0.011741281487047672
			vertex -0.010463378392159939 0.03481249883770943 -0.01043500006198883
			vertex -0.010376912541687489 0.03500000014901161 -0.011312906630337238
		endloop
	endfacet
	facet normal -0.9951847708428857 0 -0.09801669185599583
		outer loop
			vertex -0.010376912541687489 0.03500000014901161 -0.011312906630337238
			vertex -0.010463378392159939 0.03481249883770943 -0.01043500006198883
			vertex -0.010463378392159939 0.03487500175833702 -0.01043500006198883
		endloop
	endfacet
	facet normal -0.9951847708428857 0 -0.09801669185599585
		outer loop
			vertex -0.010376912541687489 0.03500000014901161 -0.011312906630337238
			vertex -0.010463378392159939 0.03487500175833702 -0.01043500006198883
			vertex -0.010463378392159939 0.034937500953674316 -0.01043500006198883
		endloop
	endfacet
	facet normal -0.8131875661847312 -0.5693641330846216 -0.12062531309534937
		outer loop
			vertex -0.010376912541687489 0.03500000014901161 -0.011312906630337238
			vertex -0.010463378392159939 0.034937500953674316 -0.01043500006198883
			vertex -0.010441710241138935 0.03500000014901161 -0.010876077227294445
		endloop
	endfacet
	facet normal -0.9987955206394584 0 -0.049066362719825764
		outer loop
			vertex -0.010441710241138935 0.03500000014901161 -0.010876077227294445
			vertex -0.010463378392159939 0.034937500953674316 -0.01043500006198883
			vertex -0.010463378392159939 0.03500000014901161 -0.01043500006198883
		endloop
	endfacet
	facet normal -0.14673051722646047 0 0.9891765036202869
		outer loop
			vertex -0.0016571469604969025 0.032999999821186066 -0.009128718636929989
			vertex -0.010463378392159939 0.03375000134110451 -0.01043500006198883
			vertex -0.010463378392159939 0.03368749842047691 -0.01043500006198883
		endloop
	endfacet
	facet normal -0.14673051722646047 0 0.9891765036202869
		outer loop
			vertex -0.0016571469604969025 0.032999999821186066 -0.009128718636929989
			vertex -0.010463378392159939 0.03368749842047691 -0.01043500006198883
			vertex -0.010463378392159939 0.03362499922513962 -0.01043500006198883
		endloop
	endfacet
	facet normal -0.14673051722646047 0 0.9891765036202869
		outer loop
			vertex -0.0016571469604969025 0.032999999821186066 -0.009128718636929989
			vertex -0.010463378392159939 0.03362499922513962 -0.01043500006198883
			vertex -0.010463378392159939 0.03356250002980232 -0.01043500006198883
		endloop
	endfacet
	facet normal -0.14673051722646047 0 0.9891765036202869
		outer loop
			vertex -0.010463378392159939 0.034062501043081284 -0.01043500006198883
			vertex -0.010463378392159939 0.03400000184774399 -0.01043500006198883
			vertex -0.0016571469604969025 0.032999999821186066 -0.009128718636929989
		endloop
	endfacet
	facet normal -0.14673051722646047 0 0.9891765036202869
		outer loop
			vertex -0.0016571469604969025 0.032999999821186066 -0.009128718636929989
			vertex -0.010463378392159939 0.03400000184774399 -0.01043500006198883
			vertex -0.010463378392159939 0.033937498927116394 -0.01043500006198883
		endloop
	endfacet
	facet normal -0.7071067811865476 0 -0.7071067811865476
		outer loop
			vertex -0.010463378392159939 0.033937498927116394 -0.01043500006198883
			vertex -0.010463378392159939 0.03400000184774399 -0.01043500006198883
			vertex -0.005963378585875034 0.03500000014901161 -0.014934999868273735
		endloop
	endfacet
	facet normal -0.7071067811865476 0 -0.7071067811865476
		outer loop
			vertex -0.010463378392159939 0.033937498927116394 -0.01043500006198883
			vertex -0.005963378585875034 0.03500000014901161 -0.014934999868273735
			vertex -0.010463378392159939 0.0338749997317791 -0.01043500006198883
		endloop
	endfacet
	facet normal -0.7071067811865476 0 -0.7071067811865476
		outer loop
			vertex -0.010463378392159939 0.0338749997317791 -0.01043500006198883
			vertex -0.005963378585875034 0.03500000014901161 -0.014934999868273735
			vertex -0.010463378392159939 0.0338125005364418 -0.01043500006198883
		endloop
	endfacet
	facet normal -0.14673051722646047 0 0.9891765036202869
		outer loop
			vertex -0.010463378392159939 0.034062501043081284 -0.01043500006198883
			vertex -0.0016571469604969025 0.032999999821186066 -0.009128718636929989
			vertex -0.010463378392159939 0.03412500023841858 -0.01043500006198883
		endloop
	endfacet
	facet normal -0.14673051722646047 0 0.9891765036202869
		outer loop
			vertex -0.010463378392159939 0.03412500023841858 -0.01043500006198883
			vertex -0.0016571469604969025 0.032999999821186066 -0.009128718636929989
			vertex -0.010463378392159939 0.034187499433755875 -0.01043500006198883
		endloop
	endfacet
	facet normal -0.14673051722646047 0 0.9891765036202869
		outer loop
			vertex -0.010463378392159939 0.034187499433755875 -0.01043500006198883
			vertex -0.0016571469604969025 0.032999999821186066 -0.009128718636929989
			vertex -0.010463378392159939 0.03424999862909317 -0.01043500006198883
		endloop
	endfacet
	facet normal -0.14673051722646047 0 0.9891765036202869
		outer loop
			vertex -0.010463378392159939 0.03424999862909317 -0.01043500006198883
			vertex -0.0016571469604969025 0.032999999821186066 -0.009128718636929989
			vertex -0.010463378392159939 0.034312501549720764 -0.01043500006198883
		endloop
	endfacet
	facet normal -0.14673051722646047 0 0.9891765036202869
		outer loop
			vertex -0.010463378392159939 0.034312501549720764 -0.01043500006198883
			vertex -0.0016571469604969025 0.032999999821186066 -0.009128718636929989
			vertex -0.010463378392159939 0.03437500074505806 -0.01043500006198883
		endloop
	endfacet
	facet normal -0.14673051722646047 0 0.9891765036202869
		outer loop
			vertex -0.010463378392159939 0.03437500074505806 -0.01043500006198883
			vertex -0.0016571469604969025 0.032999999821186066 -0.009128718636929989
			vertex -0.010463378392159939 0.034437499940395355 -0.01043500006198883
		endloop
	endfacet
	facet normal -0.14673051722646047 0 0.9891765036202869
		outer loop
			vertex -0.010463378392159939 0.034437499940395355 -0.01043500006198883
			vertex -0.0016571469604969025 0.032999999821186066 -0.009128718636929989
			vertex -0.010463378392159939 0.03449999913573265 -0.01043500006198883
		endloop
	endfacet
	facet normal -0.14673051722646047 0 0.9891765036202869
		outer loop
			vertex -0.010463378392159939 0.03449999913573265 -0.01043500006198883
			vertex -0.0016571469604969025 0.032999999821186066 -0.009128718636929989
			vertex -0.010463378392159939 0.034562498331069946 -0.01043500006198883
		endloop
	endfacet
	facet normal -0.14673051722646047 0 0.9891765036202869
		outer loop
			vertex -0.010463378392159939 0.034562498331069946 -0.01043500006198883
			vertex -0.0016571469604969025 0.032999999821186066 -0.009128718636929989
			vertex -0.010463378392159939 0.03462500125169754 -0.01043500006198883
		endloop
	endfacet
	facet normal -0.14673051722646047 0 0.9891765036202869
		outer loop
			vertex -0.010463378392159939 0.03462500125169754 -0.01043500006198883
			vertex -0.0016571469604969025 0.032999999821186066 -0.009128718636929989
			vertex -0.010463378392159939 0.034687500447034836 -0.01043500006198883
		endloop
	endfacet
	facet normal -0.14673051722646047 0 0.9891765036202869
		outer loop
			vertex -0.010463378392159939 0.034687500447034836 -0.01043500006198883
			vertex -0.0016571469604969025 0.032999999821186066 -0.009128718636929989
			vertex -0.010463378392159939 0.03474999964237213 -0.01043500006198883
		endloop
	endfacet
	facet normal -0.14673051722646047 0 0.9891765036202869
		outer loop
			vertex -0.010463378392159939 0.03474999964237213 -0.01043500006198883
			vertex -0.0016571469604969025 0.032999999821186066 -0.009128718636929989
			vertex -0.010463378392159939 0.03481249883770943 -0.01043500006198883
		endloop
	endfacet
	facet normal -0.14673051722646047 0 0.9891765036202869
		outer loop
			vertex -0.010463378392159939 0.03481249883770943 -0.01043500006198883
			vertex -0.0016571469604969025 0.032999999821186066 -0.009128718636929989
			vertex -0.010463378392159939 0.03487500175833702 -0.01043500006198883
		endloop
	endfacet
	facet normal -1 0 0
		outer loop
			vertex -0.010463378392159939 0.03500000014901161 0.009565000422298908
			vertex -0.010463378392159939 0.03500000014901161 -0.01043500006198883
			vertex -0.010463378392159939 0.032999999821186066 -0.01043500006198883
		endloop
	endfacet
	facet normal -1 0 0
		outer loop
			vertex -0.010463378392159939 0.03500000014901161 0.009565000422298908
			vertex -0.010463378392159939 0.032999999821186066 -0.01043500006198883
			vertex -0.010463378392159939 0.032999999821186066 0.009565000422298908
		endloop
	endfacet
	facet normal 0.0490684665721194 0 0.998795417284371
		outer loop
			vertex -0.005963378585875034 0.03306249901652336 0.014065000228583813
			vertex -0.005963378585875034 0.032999999821186066 0.014065000228583813
			vertex -0.00552230142056942 0.032999999821186066 0.014043331146240234
		endloop
	endfacet
	facet normal 0.1206261453282212 0.5693559436324725 0.813193176627566
		outer loop
			vertex -0.005963378585875034 0.03306249901652336 0.014065000228583813
			vertex -0.00552230142056942 0.032999999821186066 0.014043331146240234
			vertex -0.005085472017526627 0.032999999821186066 0.013978533446788788
		endloop
	endfacet
	facet normal 0.10565137977793272 0.9005201387037859 0.42178343464381507
		outer loop
			vertex -0.005963378585875034 0.03306249901652336 0.014065000228583813
			vertex -0.005085472017526627 0.032999999821186066 0.013978533446788788
			vertex -0.00465709762647748 0.032999999821186066 0.013871231116354465
		endloop
	endfacet
	facet normal 0.07942336351031512 0.9718124356363882 0.2219741409966024
		outer loop
			vertex -0.004241303075104952 0.032999999821186066 0.01372245792299509
			vertex -0.005963378585875034 0.03306249901652336 0.014065000228583813
			vertex -0.00465709762647748 0.032999999821186066 0.013871231116354465
		endloop
	endfacet
	facet normal 0.12021625751107393 0.9596577287278655 0.2541753235916226
		outer loop
			vertex -0.005963378585875034 0.03312499821186066 0.014065000228583813
			vertex -0.004241303075104952 0.032999999821186066 0.01372245792299509
			vertex -0.0038420932833105326 0.032999999821186066 0.013533645309507847
		endloop
	endfacet
	facet normal 0.09932466197783998 0.9811593636296221 0.1657133509555069
		outer loop
			vertex -0.005963378585875034 0.03312499821186066 0.014065000228583813
			vertex -0.0038420932833105326 0.032999999821186066 0.013533645309507847
			vertex -0.003463312517851591 0.032999999821186066 0.013306613080203533
		endloop
	endfacet
	facet normal 0.19509042552601374 0 0.9807852598138286
		outer loop
			vertex -0.005963378585875034 0.03312499821186066 0.014065000228583813
			vertex -0.005963378585875034 0.03306249901652336 0.014065000228583813
			vertex -0.004241303075104952 0.032999999821186066 0.01372245792299509
		endloop
	endfacet
	facet normal 0.08376085807089878 0.9900651531700173 0.11293852811887148
		outer loop
			vertex -0.0031086087692528963 0.032999999821186066 0.013043547049164772
			vertex -0.005963378585875034 0.03312499821186066 0.014065000228583813
			vertex -0.003463312517851591 0.032999999821186066 0.013306613080203533
		endloop
	endfacet
	facet normal 0.10713236001905055 0.987193426845354 0.11820234951165452
		outer loop
			vertex -0.005963378585875034 0.03318750113248825 0.014065000228583813
			vertex -0.0031086087692528963 0.032999999821186066 0.013043547049164772
			vertex -0.002781397895887494 0.032999999821186066 0.012746980413794518
		endloop
	endfacet
	facet normal 0.09358949111104413 0.9919908323017297 0.08482449989771638
		outer loop
			vertex -0.005963378585875034 0.03318750113248825 0.014065000228583813
			vertex -0.002781397895887494 0.032999999821186066 0.012746980413794518
			vertex -0.0024848314933478832 0.032999999821186066 0.012419769540429115
		endloop
	endfacet
	facet normal 0.33688991362166154 0 0.9415440436325798
		outer loop
			vertex -0.005963378585875034 0.03318750113248825 0.014065000228583813
			vertex -0.005963378585875034 0.03312499821186066 0.014065000228583813
			vertex -0.0031086087692528963 0.032999999821186066 0.013043547049164772
		endloop
	endfacet
	facet normal 0.08258540196394674 0.9947000267272955 0.06124955682428375
		outer loop
			vertex -0.0022217652294784784 0.032999999821186066 0.012065066024661064
			vertex -0.005963378585875034 0.03318750113248825 0.014065000228583813
			vertex -0.0024848314933478832 0.032999999821186066 0.012419769540429115
		endloop
	endfacet
	facet normal 0.09767364782173214 0.9934951136337575 0.05854329771240871
		outer loop
			vertex -0.005963378585875034 0.033250000327825546 0.014065000228583813
			vertex -0.0022217652294784784 0.032999999821186066 0.012065066024661064
			vertex -0.001994732767343521 0.032999999821186066 0.011686285026371479
		endloop
	endfacet
	facet normal 0.08750415049451081 0.9953040688749313 0.04138640026917166
		outer loop
			vertex -0.005963378585875034 0.033250000327825546 0.014065000228583813
			vertex -0.001994732767343521 0.032999999821186066 0.011686285026371479
			vertex -0.0018059206195175648 0.032999999821186066 0.011287075467407703
		endloop
	endfacet
	facet normal 0.4713967732179545 0 0.8819212448964479
		outer loop
			vertex -0.005963378585875034 0.033250000327825546 0.014065000228583813
			vertex -0.005963378585875034 0.03318750113248825 0.014065000228583813
			vertex -0.0022217652294784784 0.032999999821186066 0.012065066024661064
		endloop
	endfacet
	facet normal 0.07874964008764143 0.9964961349261477 0.028177069814226345
		outer loop
			vertex -0.0016571469604969025 0.032999999821186066 0.010871280916035175
			vertex -0.005963378585875034 0.033250000327825546 0.014065000228583813
			vertex -0.0018059206195175648 0.032999999821186066 0.011287075467407703
		endloop
	endfacet
	facet normal 0.08875270680655135 0.9958055648642496 0.02223137467416681
		outer loop
			vertex -0.005963378585875034 0.03331249952316284 0.014065000228583813
			vertex -0.0016571469604969025 0.032999999821186066 0.010871280916035175
			vertex -0.001549844746477902 0.032999999821186066 0.010442906059324741
		endloop
	endfacet
	facet normal 0.08035272848829036 0.9966952248788368 0.01191921676168857
		outer loop
			vertex -0.005963378585875034 0.03331249952316284 0.014065000228583813
			vertex -0.001549844746477902 0.032999999821186066 0.010442906059324741
			vertex -0.001485047279857099 0.032999999821186066 0.010006077587604523
		endloop
	endfacet
	facet normal 0.595699337609732 0 0.8032075069191813
		outer loop
			vertex -0.005963378585875034 0.03331249952316284 0.014065000228583813
			vertex -0.005963378585875034 0.033250000327825546 0.014065000228583813
			vertex -0.0016571469604969025 0.032999999821186066 0.010871280916035175
		endloop
	endfacet
	facet normal 0.07283776378476262 0.9973373832393181 0.0035782901202455484
		outer loop
			vertex -0.0014633785467594862 0.032999999821186066 0.009565000422298908
			vertex -0.005963378585875034 0.03331249952316284 0.014065000228583813
			vertex -0.001485047279857099 0.032999999821186066 0.010006077587604523
		endloop
	endfacet
	facet normal 0.07918090278064609 0.9968526737919193 -0.003889908577772417
		outer loop
			vertex -0.005963378585875034 0.03337499871850014 0.014065000228583813
			vertex -0.0014633785467594862 0.032999999821186066 0.009565000422298908
			vertex -0.001485047279857099 0.032999999821186066 0.009123923256993294
		endloop
	endfacet
	facet normal 0.07176955769700749 0.9973644235117214 -0.01064599930056918
		outer loop
			vertex -0.005963378585875034 0.03337499871850014 0.014065000228583813
			vertex -0.001485047279857099 0.032999999821186066 0.009123923256993294
			vertex -0.001549844746477902 0.032999999821186066 0.0086870938539505
		endloop
	endfacet
	facet normal 0.06495078985568542 0.9977558340761578 -0.01626931049902615
		outer loop
			vertex -0.005963378585875034 0.03337499871850014 0.014065000228583813
			vertex -0.001549844746477902 0.032999999821186066 0.0086870938539505
			vertex -0.0016571469604969025 0.032999999821186066 0.008258718997240067
		endloop
	endfacet
	facet normal 0.707106762893644 0 0.7071067994794507
		outer loop
			vertex -0.005963378585875034 0.03337499871850014 0.014065000228583813
			vertex -0.005963378585875034 0.03331249952316284 0.014065000228583813
			vertex -0.0014633785467594862 0.032999999821186066 0.009565000422298908
		endloop
	endfacet
	facet normal 0.06835281409674097 0.9973613922104979 -0.024457026250015317
		outer loop
			vertex -0.005963378585875034 0.03343750163912773 0.014065000228583813
			vertex -0.0016571469604969025 0.032999999821186066 0.008258718997240067
			vertex -0.0018059206195175648 0.032999999821186066 0.007842924445867538
		endloop
	endfacet
	facet normal 0.06147488524358442 0.9976850482952805 -0.029075468909923085
		outer loop
			vertex -0.005963378585875034 0.03343750163912773 0.014065000228583813
			vertex -0.0018059206195175648 0.032999999821186066 0.007842924445867538
			vertex -0.001994732767343521 0.032999999821186066 0.007443714886903763
		endloop
	endfacet
	facet normal 0.0550063408880283 0.9979415382085453 -0.03296951288801546
		outer loop
			vertex -0.005963378585875034 0.03343750163912773 0.014065000228583813
			vertex -0.001994732767343521 0.032999999821186066 0.007443714886903763
			vertex -0.0022217652294784784 0.032999999821186066 0.007064933888614178
		endloop
	endfacet
	facet normal 0.8032075329140975 0 0.5956993025596462
		outer loop
			vertex -0.005963378585875034 0.03343750163912773 0.014065000228583813
			vertex -0.005963378585875034 0.03337499871850014 0.014065000228583813
			vertex -0.0016571469604969025 0.032999999821186066 0.008258718997240067
		endloop
	endfacet
	facet normal 0.048883916304106045 0.9981462574917344 -0.03625481184639602
		outer loop
			vertex -0.0024848314933478832 0.032999999821186066 0.0067102303728461266
			vertex -0.005963378585875034 0.03343750163912773 0.014065000228583813
			vertex -0.0022217652294784784 0.032999999821186066 0.007064933888614178
		endloop
	endfacet
	facet normal 0.04917912633731053 0.9977948848524549 -0.04457332492618611
		outer loop
			vertex -0.005963378585875034 0.03350000083446503 0.014065000228583813
			vertex -0.0024848314933478832 0.032999999821186066 0.0067102303728461266
			vertex -0.002781397895887494 0.032999999821186066 0.006383019499480724
		endloop
	endfacet
	facet normal 0.04280283845980196 0.9979667601453144 -0.04722565684930982
		outer loop
			vertex -0.005963378585875034 0.03350000083446503 0.014065000228583813
			vertex -0.002781397895887494 0.032999999821186066 0.006383019499480724
			vertex -0.0031086087692528963 0.032999999821186066 0.00608645286411047
		endloop
	endfacet
	facet normal 0.9039892923644884 0 0.4275550950349576
		outer loop
			vertex -0.005963378585875034 0.03350000083446503 0.014065000228583813
			vertex -0.005963378585875034 0.03343750163912773 0.014065000228583813
			vertex -0.0024848314933478832 0.032999999821186066 0.0067102303728461266
		endloop
	endfacet
	facet normal 0.03666111486337338 0.9981044319162748 -0.0494318282694957
		outer loop
			vertex -0.003463312517851591 0.032999999821186066 0.005823386833071709
			vertex -0.005963378585875034 0.03350000083446503 0.014065000228583813
			vertex -0.0031086087692528963 0.032999999821186066 0.00608645286411047
		endloop
	endfacet
	facet normal 0.03453645176121335 0.9977410026229734 -0.05762052745896484
		outer loop
			vertex -0.005963378585875034 0.03356250002980232 0.014065000228583813
			vertex -0.003463312517851591 0.032999999821186066 0.005823386833071709
			vertex -0.0038420932833105326 0.032999999821186066 0.005596354138106108
		endloop
	endfacet
	facet normal 0.028027052671192237 0.9978491601357357 -0.0592582309470437
		outer loop
			vertex -0.005963378585875034 0.03356250002980232 0.014065000228583813
			vertex -0.0038420932833105326 0.032999999821186066 0.005596354138106108
			vertex -0.004241303075104952 0.032999999821186066 0.005407541990280151
		endloop
	endfacet
	facet normal 0.9569403364765957 0 0.29028467480054826
		outer loop
			vertex -0.005963378585875034 0.03356250002980232 0.014065000228583813
			vertex -0.005963378585875034 0.03350000083446503 0.014065000228583813
			vertex -0.003463312517851591 0.032999999821186066 0.005823386833071709
		endloop
	endfacet
	facet normal 0.02165813214168002 0.9979313566231558 -0.06053042854962703
		outer loop
			vertex -0.00465709762647748 0.032999999821186066 0.005258768331259489
			vertex -0.005963378585875034 0.03356250002980232 0.014065000228583813
			vertex -0.004241303075104952 0.032999999821186066 0.005407541990280151
		endloop
	endfacet
	facet normal -0.7071067811865476 0 0.7071067811865476
		outer loop
			vertex -0.010463378392159939 0.03500000014901161 0.009565000422298908
			vertex -0.005963378585875034 0.03362499922513962 0.014065000228583813
			vertex -0.005963378585875034 0.03368749842047691 0.014065000228583813
		endloop
	endfacet
	facet normal -0.7071067811865476 0 0.7071067811865476
		outer loop
			vertex -0.010463378392159939 0.03500000014901161 0.009565000422298908
			vertex -0.005963378585875034 0.03368749842047691 0.014065000228583813
			vertex -0.005963378585875034 0.03375000134110451 0.014065000228583813
		endloop
	endfacet
	facet normal -0.7071067811865476 0 0.7071067811865476
		outer loop
			vertex -0.010463378392159939 0.03500000014901161 0.009565000422298908
			vertex -0.005963378585875034 0.03375000134110451 0.014065000228583813
			vertex -0.005963378585875034 0.0338125005364418 0.014065000228583813
		endloop
	endfacet
	facet normal -0.23493698855862732 -0.9713856619299391 0.03484978054360931
		outer loop
			vertex -0.010441710241138935 0.03500000014901161 0.010006077587604523
			vertex -0.005963378585875034 0.034062501043081284 0.014065000228583813
			vertex -0.010376912541687489 0.03500000014901161 0.010442906059324741
		endloop
	endfacet
	facet normal -0.6343933322140878 0 0.7730104139287557
		outer loop
			vertex -0.010376912541687489 0.03500000014901161 0.010442906059324741
			vertex -0.005963378585875034 0.034062501043081284 0.014065000228583813
			vertex -0.005963378585875034 0.03412500023841858 0.014065000228583813
		endloop
	endfacet
	facet normal -0.24168476748656026 -0.9684645144942602 0.06053889105661321
		outer loop
			vertex -0.010376912541687489 0.03500000014901161 0.010442906059324741
			vertex -0.005963378585875034 0.03412500023841858 0.014065000228583813
			vertex -0.010269610211253166 0.03500000014901161 0.010871280916035175
		endloop
	endfacet
	facet normal -0.595699337609732 0 0.8032075069191813
		outer loop
			vertex -0.010269610211253166 0.03500000014901161 0.010871280916035175
			vertex -0.005963378585875034 0.03412500023841858 0.014065000228583813
			vertex -0.005963378585875034 0.034187499433755875 0.014065000228583813
		endloop
	endfacet
	facet normal -0.2477828712389096 -0.964750401283235 0.08865840030385887
		outer loop
			vertex -0.010269610211253166 0.03500000014901161 0.010871280916035175
			vertex -0.005963378585875034 0.034187499433755875 0.014065000228583813
			vertex -0.010120836086571217 0.03500000014901161 0.011287075467407703
		endloop
	endfacet
	facet normal -0.5555702981635047 0 0.8314695687747776
		outer loop
			vertex -0.010120836086571217 0.03500000014901161 0.011287075467407703
			vertex -0.005963378585875034 0.034187499433755875 0.014065000228583813
			vertex -0.005963378585875034 0.03424999862909317 0.014065000228583813
		endloop
	endfacet
	facet normal -0.2531941613851718 -0.9599751307597427 0.11975168041941828
		outer loop
			vertex -0.010120836086571217 0.03500000014901161 0.011287075467407703
			vertex -0.005963378585875034 0.03424999862909317 0.014065000228583813
			vertex -0.009932024404406548 0.03500000014901161 0.011686285026371479
		endloop
	endfacet
	facet normal -0.5141028142552467 0 0.8577285680067065
		outer loop
			vertex -0.009932024404406548 0.03500000014901161 0.011686285026371479
			vertex -0.005963378585875034 0.03424999862909317 0.014065000228583813
			vertex -0.005963378585875034 0.034312501549720764 0.014065000228583813
		endloop
	endfacet
	facet normal -0.25785384257600363 -0.9537427647600638 0.15455139771810272
		outer loop
			vertex -0.009932024404406548 0.03500000014901161 0.011686285026371479
			vertex -0.005963378585875034 0.034312501549720764 0.014065000228583813
			vertex -0.009704992175102234 0.03500000014901161 0.012065066024661064
		endloop
	endfacet
	facet normal -0.4713967504025891 0 0.8819212570915156
		outer loop
			vertex -0.009704992175102234 0.03500000014901161 0.012065066024661064
			vertex -0.005963378585875034 0.034312501549720764 0.014065000228583813
			vertex -0.005963378585875034 0.03437500074505806 0.014065000228583813
		endloop
	endfacet
	facet normal -0.26165357753255764 -0.9454520620316941 0.19405618713257214
		outer loop
			vertex -0.009704992175102234 0.03500000014901161 0.012065066024661064
			vertex -0.005963378585875034 0.03437500074505806 0.014065000228583813
			vertex -0.009441925212740898 0.03500000014901161 0.012419769540429115
		endloop
	endfacet
	facet normal -0.4275552340935031 0 0.9039892265946812
		outer loop
			vertex -0.009441925212740898 0.03500000014901161 0.012419769540429115
			vertex -0.005963378585875034 0.03437500074505806 0.014065000228583813
			vertex -0.005963378585875034 0.034437499940395355 0.014065000228583813
		endloop
	endfacet
	facet normal -0.26440041747855114 -0.9341658205312019 0.2396385590601694
		outer loop
			vertex -0.009441925212740898 0.03500000014901161 0.012419769540429115
			vertex -0.005963378585875034 0.034437499940395355 0.014065000228583813
			vertex -0.009145358577370644 0.03500000014901161 0.012746980413794518
		endloop
	endfacet
	facet normal -0.38268356795419195 0 0.9238794763484303
		outer loop
			vertex -0.009145358577370644 0.03500000014901161 0.012746980413794518
			vertex -0.005963378585875034 0.034437499940395355 0.014065000228583813
			vertex -0.005963378585875034 0.03449999913573265 0.014065000228583813
		endloop
	endfacet
	facet normal -0.26576498229868434 -0.91836141703913 0.2932256501018649
		outer loop
			vertex -0.009145358577370644 0.03500000014901161 0.012746980413794518
			vertex -0.005963378585875034 0.03449999913573265 0.014065000228583813
			vertex -0.008818148635327816 0.03500000014901161 0.013043547049164772
		endloop
	endfacet
	facet normal -0.336889889263848 0 0.9415440523479464
		outer loop
			vertex -0.008818148635327816 0.03500000014901161 0.013043547049164772
			vertex -0.005963378585875034 0.03449999913573265 0.014065000228583813
			vertex -0.005963378585875034 0.034562498331069946 0.014065000228583813
		endloop
	endfacet
	facet normal -0.26515797477625186 -0.8954702904091303 0.35752511437260565
		outer loop
			vertex -0.008818148635327816 0.03500000014901161 0.013043547049164772
			vertex -0.005963378585875034 0.034562498331069946 0.014065000228583813
			vertex -0.00846344418823719 0.03500000014901161 0.013306613080203533
		endloop
	endfacet
	facet normal -0.2902848662166152 0 0.9569402784111462
		outer loop
			vertex -0.00846344418823719 0.03500000014901161 0.013306613080203533
			vertex -0.005963378585875034 0.034562498331069946 0.014065000228583813
			vertex -0.005963378585875034 0.03462500125169754 0.014065000228583813
		endloop
	endfacet
	facet normal -0.26148198408295026 -0.8609923973118635 0.4362559613016354
		outer loop
			vertex -0.00846344418823719 0.03500000014901161 0.013306613080203533
			vertex -0.005963378585875034 0.03462500125169754 0.014065000228583813
			vertex -0.00808466412127018 0.03500000014901161 0.013533645309507847
		endloop
	endfacet
	facet normal -0.2429804181173655 0 0.9700311935249869
		outer loop
			vertex -0.00808466412127018 0.03500000014901161 0.013533645309507847
			vertex -0.005963378585875034 0.03462500125169754 0.014065000228583813
			vertex -0.005963378585875034 0.034687500447034836 0.014065000228583813
		endloop
	endfacet
	facet normal -0.2526508805580392 -0.8067307442432619 0.5341844614418882
		outer loop
			vertex -0.00808466412127018 0.03500000014901161 0.013533645309507847
			vertex -0.005963378585875034 0.034687500447034836 0.014065000228583813
			vertex -0.007685454096645117 0.03500000014901161 0.01372245792299509
		endloop
	endfacet
	facet normal -0.19509042552601374 0 0.9807852598138286
		outer loop
			vertex -0.007685454096645117 0.03500000014901161 0.01372245792299509
			vertex -0.005963378585875034 0.034687500447034836 0.014065000228583813
			vertex -0.005963378585875034 0.03474999964237213 0.014065000228583813
		endloop
	endfacet
	facet normal -0.23460994032926982 -0.7176523696810068 0.6556929557269411
		outer loop
			vertex -0.007685454096645117 0.03500000014901161 0.01372245792299509
			vertex -0.005963378585875034 0.03474999964237213 0.014065000228583813
			vertex -0.007269659545272589 0.03500000014901161 0.013871231116354465
		endloop
	endfacet
	facet normal -0.1467309457799372 0 0.9891764400502698
		outer loop
			vertex -0.007269659545272589 0.03500000014901161 0.013871231116354465
			vertex -0.005963378585875034 0.03474999964237213 0.014065000228583813
			vertex -0.005963378585875034 0.03481249883770943 0.014065000228583813
		endloop
	endfacet
	facet normal -0.1999610921915512 -0.5681118827783407 0.7982884505337722
		outer loop
			vertex -0.007269659545272589 0.03500000014901161 0.013871231116354465
			vertex -0.005963378585875034 0.03481249883770943 0.014065000228583813
			vertex -0.006841285154223442 0.03500000014901161 0.013978533446788788
		endloop
	endfacet
	facet normal -0.09801773744962565 0 0.9951846678608228
		outer loop
			vertex -0.006841285154223442 0.03500000014901161 0.013978533446788788
			vertex -0.005963378585875034 0.03481249883770943 0.014065000228583813
			vertex -0.005963378585875034 0.03487500175833702 0.014065000228583813
		endloop
	endfacet
	facet normal -0.13865299888531937 -0.3272213863877569 0.9347200170054037
		outer loop
			vertex -0.006841285154223442 0.03500000014901161 0.013978533446788788
			vertex -0.005963378585875034 0.03487500175833702 0.014065000228583813
			vertex -0.006404455751180649 0.03500000014901161 0.014043331146240234
		endloop
	endfacet
	facet normal -0.0490684665721194 0 0.998795417284371
		outer loop
			vertex -0.006404455751180649 0.03500000014901161 0.014043331146240234
			vertex -0.005963378585875034 0.03487500175833702 0.014065000228583813
			vertex -0.005963378585875034 0.034937500953674316 0.014065000228583813
		endloop
	endfacet
	facet normal -0.0490684665721194 0 0.998795417284371
		outer loop
			vertex -0.006404455751180649 0.03500000014901161 0.014043331146240234
			vertex -0.005963378585875034 0.034937500953674316 0.014065000228583813
			vertex -0.005963378585875034 0.03500000014901161 0.014065000228583813
		endloop
	endfacet
	facet normal 0.9891765123382887 0 0.1467304584544713
		outer loop
			vertex -0.00465709762647748 0.032999999821186066 0.005258768331259489
			vertex -0.005963378585875034 0.03375000134110451 0.014065000228583813
			vertex -0.005963378585875034 0.03368749842047691 0.014065000228583813
		endloop
	endfacet
	facet normal 0.9891765123382888 0 0.1467304584544713
		outer loop
			vertex -0.00465709762647748 0.032999999821186066 0.005258768331259489
			vertex -0.005963378585875034 0.03368749842047691 0.014065000228583813
			vertex -0.005963378585875034 0.03362499922513962 0.014065000228583813
		endloop
	endfacet
	facet normal 0.9891765123382888 0 0.1467304584544713
		outer loop
			vertex -0.00465709762647748 0.032999999821186066 0.005258768331259489
			vertex -0.005963378585875034 0.03362499922513962 0.014065000228583813
			vertex -0.005963378585875034 0.03356250002980232 0.014065000228583813
		endloop
	endfacet
	facet normal 0.9891765123382888 0 0.1467304584544713
		outer loop
			vertex -0.005963378585875034 0.034062501043081284 0.014065000228583813
			vertex -0.005963378585875034 0.03400000184774399 0.014065000228583813
			vertex -0.00465709762647748 0.032999999821186066 0.005258768331259489
		endloop
	endfacet
	facet normal 0.9891765123382887 0 0.1467304584544713
		outer loop
			vertex -0.00465709762647748 0.032999999821186066 0.005258768331259489
			vertex -0.005963378585875034 0.03400000184774399 0.014065000228583813
			vertex -0.005963378585875034 0.033937498927116394 0.014065000228583813
		endloop
	endfacet
	facet normal -0.7071067811865476 0 0.7071067811865476
		outer loop
			vertex -0.005963378585875034 0.033937498927116394 0.014065000228583813
			vertex -0.005963378585875034 0.03400000184774399 0.014065000228583813
			vertex -0.010463378392159939 0.03500000014901161 0.009565000422298908
		endloop
	endfacet
	facet normal -0.7071067811865476 0 0.7071067811865476
		outer loop
			vertex -0.005963378585875034 0.033937498927116394 0.014065000228583813
			vertex -0.010463378392159939 0.03500000014901161 0.009565000422298908
			vertex -0.005963378585875034 0.0338749997317791 0.014065000228583813
		endloop
	endfacet
	facet normal -0.7071067811865476 0 0.7071067811865476
		outer loop
			vertex -0.005963378585875034 0.0338749997317791 0.014065000228583813
			vertex -0.010463378392159939 0.03500000014901161 0.009565000422298908
			vertex -0.005963378585875034 0.0338125005364418 0.014065000228583813
		endloop
	endfacet
	facet normal 0.9891765123382888 0 0.1467304584544713
		outer loop
			vertex -0.005963378585875034 0.034062501043081284 0.014065000228583813
			vertex -0.00465709762647748 0.032999999821186066 0.005258768331259489
			vertex -0.005963378585875034 0.03412500023841858 0.014065000228583813
		endloop
	endfacet
	facet normal 0.9891765123382888 0 0.1467304584544713
		outer loop
			vertex -0.005963378585875034 0.03412500023841858 0.014065000228583813
			vertex -0.00465709762647748 0.032999999821186066 0.005258768331259489
			vertex -0.005963378585875034 0.034187499433755875 0.014065000228583813
		endloop
	endfacet
	facet normal 0.9891765123382888 0 0.1467304584544713
		outer loop
			vertex -0.005963378585875034 0.034187499433755875 0.014065000228583813
			vertex -0.00465709762647748 0.032999999821186066 0.005258768331259489
			vertex -0.005963378585875034 0.03424999862909317 0.014065000228583813
		endloop
	endfacet
	facet normal 0.9891765123382887 0 0.1467304584544713
		outer loop
			vertex -0.005963378585875034 0.03424999862909317 0.014065000228583813
			vertex -0.00465709762647748 0.032999999821186066 0.005258768331259489
			vertex -0.005963378585875034 0.034312501549720764 0.014065000228583813
		endloop
	endfacet
	facet normal 0.9891765123382888 0 0.1467304584544713
		outer loop
			vertex -0.005963378585875034 0.034312501549720764 0.014065000228583813
			vertex -0.00465709762647748 0.032999999821186066 0.005258768331259489
			vertex -0.005963378585875034 0.03437500074505806 0.014065000228583813
		endloop
	endfacet
	facet normal 0.9891765123382888 0 0.1467304584544713
		outer loop
			vertex -0.005963378585875034 0.03437500074505806 0.014065000228583813
			vertex -0.00465709762647748 0.032999999821186066 0.005258768331259489
			vertex -0.005963378585875034 0.034437499940395355 0.014065000228583813
		endloop
	endfacet
	facet normal 0.9891765123382888 0 0.1467304584544713
		outer loop
			vertex -0.005963378585875034 0.034437499940395355 0.014065000228583813
			vertex -0.00465709762647748 0.032999999821186066 0.005258768331259489
			vertex -0.005963378585875034 0.03449999913573265 0.014065000228583813
		endloop
	endfacet
	facet normal 0.9891765123382888 0 0.1467304584544713
		outer loop
			vertex -0.005963378585875034 0.03449999913573265 0.014065000228583813
			vertex -0.00465709762647748 0.032999999821186066 0.005258768331259489
			vertex -0.005963378585875034 0.034562498331069946 0.014065000228583813
		endloop
	endfacet
	facet normal 0.9891765123382887 0 0.1467304584544713
		outer loop
			vertex -0.005963378585875034 0.034562498331069946 0.014065000228583813
			vertex -0.00465709762647748 0.032999999821186066 0.005258768331259489
			vertex -0.005963378585875034 0.03462500125169754 0.014065000228583813
		endloop
	endfacet
	facet normal 0.9891765123382888 0 0.1467304584544713
		outer loop
			vertex -0.005963378585875034 0.03462500125169754 0.014065000228583813
			vertex -0.00465709762647748 0.032999999821186066 0.005258768331259489
			vertex -0.005963378585875034 0.034687500447034836 0.014065000228583813
		endloop
	endfacet
	facet normal 0.9891765123382888 0 0.1467304584544713
		outer loop
			vertex -0.005963378585875034 0.034687500447034836 0.014065000228583813
			vertex -0.00465709762647748 0.032999999821186066 0.005258768331259489
			vertex -0.005963378585875034 0.03474999964237213 0.014065000228583813
		endloop
	endfacet
	facet normal 0.9891765123382888 0 0.1467304584544713
		outer loop
			vertex -0.005963378585875034 0.03474999964237213 0.014065000228583813
			vertex -0.00465709762647748 0.032999999821186066 0.005258768331259489
			vertex -0.005963378585875034 0.03481249883770943 0.014065000228583813
		endloop
	endfacet
	facet normal 0.9891765123382887 0 0.1467304584544713
		outer loop
			vertex -0.005963378585875034 0.03481249883770943 0.014065000228583813
			vertex -0.00465709762647748 0.032999999821186066 0.005258768331259489
			vertex -0.005963378585875034 0.03487500175833702 0.014065000228583813
		endloop
	endfacet
	facet normal 0 0 1
		outer loop
			vertex 0.01903662085533142 0.03500000014901161 0.014065000228583813
			vertex -0.005963378585875034 0.03500000014901161 0.014065000228583813
			vertex -0.005963378585875034 0.032999999821186066 0.014065000228583813
		endloop
	endfacet
	facet normal 0 0 1
		outer loop
			vertex 0.01903662085533142 0.03500000014901161 0.014065000228583813
			vertex -0.005963378585875034 0.032999999821186066 0.014065000228583813
			vertex 0.01903662085533142 0.032999999821186066 0.014065000228583813
		endloop
	endfacet
	facet normal 0.9987955206394584 0 -0.049066362719825764
		outer loop
			vertex 0.023536620661616325 0.03306249901652336 0.009565000422298908
			vertex 0.023536620661616325 0.032999999821186066 0.009565000422298908
			vertex 0.02351495251059532 0.032999999821186066 0.009123923256993294
		endloop
	endfacet
	facet normal 0.8131875661847312 0.5693641330846216 -0.12062531309534937
		outer loop
			vertex 0.023536620661616325 0.03306249901652336 0.009565000422298908
			vertex 0.02351495251059532 0.032999999821186066 0.009123923256993294
			vertex 0.023450154811143875 0.032999999821186066 0.0086870938539505
		endloop
	endfacet
	facet normal 0.42178659854314293 0.9005186848764777 -0.10565114044696905
		outer loop
			vertex 0.023536620661616325 0.03306249901652336 0.009565000422298908
			vertex 0.023450154811143875 0.032999999821186066 0.0086870938539505
			vertex 0.023342853412032127 0.032999999821186066 0.008258718997240067
		endloop
	endfacet
	facet normal 0.2219725862925628 0.9718128362119334 -0.07942280723009468
		outer loop
			vertex 0.023194080218672752 0.032999999821186066 0.007842924445867538
			vertex 0.023536620661616325 0.03306249901652336 0.009565000422298908
			vertex 0.023342853412032127 0.032999999821186066 0.008258718997240067
		endloop
	endfacet
	facet normal 0.25417405273695837 0.9596581318388846 -0.12021572655344243
		outer loop
			vertex 0.023536620661616325 0.03312499821186066 0.009565000422298908
			vertex 0.023194080218672752 0.032999999821186066 0.007842924445867538
			vertex 0.02300526760518551 0.032999999821186066 0.007443714886903763
		endloop
	endfacet
	facet normal 0.16571308884643127 0.9811594299828605 -0.09932444382267086
		outer loop
			vertex 0.023536620661616325 0.03312499821186066 0.009565000422298908
			vertex 0.02300526760518551 0.032999999821186066 0.007443714886903763
			vertex 0.022778235375881195 0.032999999821186066 0.007064933888614178
		endloop
	endfacet
	facet normal 0.9807854728912178 0 -0.1950893543111734
		outer loop
			vertex 0.023536620661616325 0.03312499821186066 0.009565000422298908
			vertex 0.023536620661616325 0.03306249901652336 0.009565000422298908
			vertex 0.023194080218672752 0.032999999821186066 0.007842924445867538
		endloop
	endfacet
	facet normal 0.11293751559259904 0.9900653024621251 -0.0837604586445914
		outer loop
			vertex 0.02251516841351986 0.032999999821186066 0.0067102303728461266
			vertex 0.023536620661616325 0.03312499821186066 0.009565000422298908
			vertex 0.022778235375881195 0.032999999821186066 0.007064933888614178
		endloop
	endfacet
	facet normal 0.11820226547896386 0.987193445172415 -0.1071322838562627
		outer loop
			vertex 0.023536620661616325 0.03318750113248825 0.009565000422298908
			vertex 0.02251516841351986 0.032999999821186066 0.0067102303728461266
			vertex 0.022218601778149605 0.032999999821186066 0.006383019499480724
		endloop
	endfacet
	facet normal 0.08482456017182714 0.9919908278056586 -0.09358948413737689
		outer loop
			vertex 0.023536620661616325 0.03318750113248825 0.009565000422298908
			vertex 0.022218601778149605 0.032999999821186066 0.006383019499480724
			vertex 0.021891390904784203 0.032999999821186066 0.00608645286411047
		endloop
	endfacet
	facet normal 0.9415441497791648 0 -0.3368896169617429
		outer loop
			vertex 0.023536620661616325 0.03318750113248825 0.009565000422298908
			vertex 0.023536620661616325 0.03312499821186066 0.009565000422298908
			vertex 0.02251516841351986 0.032999999821186066 0.0067102303728461266
		endloop
	endfacet
	facet normal 0.06124944280729795 0.9947000404432091 -0.08258532132330554
		outer loop
			vertex 0.02153668738901615 0.032999999821186066 0.005823386833071709
			vertex 0.023536620661616325 0.03318750113248825 0.009565000422298908
			vertex 0.021891390904784203 0.032999999821186066 0.00608645286411047
		endloop
	endfacet
	facet normal 0.05854357792885784 0.9934950846170514 -0.09767377501174909
		outer loop
			vertex 0.023536620661616325 0.033250000327825546 0.009565000422298908
			vertex 0.02153668738901615 0.032999999821186066 0.005823386833071709
			vertex 0.02115790732204914 0.032999999821186066 0.005596354138106108
		endloop
	endfacet
	facet normal 0.041386380853680065 0.9953040732913035 -0.08750410944392202
		outer loop
			vertex 0.023536620661616325 0.033250000327825546 0.009565000422298908
			vertex 0.02115790732204914 0.032999999821186066 0.005596354138106108
			vertex 0.020758697763085365 0.032999999821186066 0.005407541990280151
		endloop
	endfacet
	facet normal 0.8819213483529662 0 -0.4713965796643905
		outer loop
			vertex 0.023536620661616325 0.033250000327825546 0.009565000422298908
			vertex 0.023536620661616325 0.03318750113248825 0.009565000422298908
			vertex 0.02153668738901615 0.032999999821186066 0.005823386833071709
		endloop
	endfacet
	facet normal 0.028177059801003688 0.996496137420847 -0.07874961210255692
		outer loop
			vertex 0.020342903211712837 0.032999999821186066 0.005258768331259489
			vertex 0.023536620661616325 0.033250000327825546 0.009565000422298908
			vertex 0.020758697763085365 0.032999999821186066 0.005407541990280151
		endloop
	endfacet
	facet normal 0.022231280119229074 0.9958055748730291 -0.08875261819268479
		outer loop
			vertex 0.023536620661616325 0.03331249952316284 0.009565000422298908
			vertex 0.020342903211712837 0.032999999821186066 0.005258768331259489
			vertex 0.019914528355002403 0.032999999821186066 0.005151466466486454
		endloop
	endfacet
	facet normal 0.011919235374037643 0.9966952240062047 -0.08035273655153162
		outer loop
			vertex 0.023536620661616325 0.03331249952316284 0.009565000422298908
			vertex 0.019914528355002403 0.032999999821186066 0.005151466466486454
			vertex 0.01947769895195961 0.032999999821186066 0.0050866687670350075
		endloop
	endfacet
	facet normal 0.8032077039730183 0 -0.5956990719133215
		outer loop
			vertex 0.023536620661616325 0.03331249952316284 0.009565000422298908
			vertex 0.023536620661616325 0.033250000327825546 0.009565000422298908
			vertex 0.020342903211712837 0.032999999821186066 0.005258768331259489
		endloop
	endfacet
	facet normal 0.0035782617709315605 0.9973373856743256 -0.07283773183591304
		outer loop
			vertex 0.01903662085533142 0.032999999821186066 0.0050650001503527164
			vertex 0.023536620661616325 0.03331249952316284 0.009565000422298908
			vertex 0.01947769895195961 0.032999999821186066 0.0050866687670350075
		endloop
	endfacet
	facet normal -0.003889896292462192 0.9968526731934024 -0.0791809109192478
		outer loop
			vertex 0.023536620661616325 0.03337499871850014 0.009565000422298908
			vertex 0.01903662085533142 0.032999999821186066 0.0050650001503527164
			vertex 0.01859554462134838 0.032999999821186066 0.0050866687670350075
		endloop
	endfacet
	facet normal -0.010646031768701235 0.9973644259715683 -0.07176951869689496
		outer loop
			vertex 0.023536620661616325 0.03337499871850014 0.009565000422298908
			vertex 0.01859554462134838 0.032999999821186066 0.0050866687670350075
			vertex 0.018158715218305588 0.032999999821186066 0.005151466466486454
		endloop
	endfacet
	facet normal -0.0162692702157508 0.9977558314403314 -0.06495084043690334
		outer loop
			vertex 0.023536620661616325 0.03337499871850014 0.009565000422298908
			vertex 0.018158715218305588 0.032999999821186066 0.005151466466486454
			vertex 0.017730340361595154 0.032999999821186066 0.005258768331259489
		endloop
	endfacet
	facet normal 0.7071068177723523 0 -0.7071067446007409
		outer loop
			vertex 0.023536620661616325 0.03337499871850014 0.009565000422298908
			vertex 0.023536620661616325 0.03331249952316284 0.009565000422298908
			vertex 0.01903662085533142 0.032999999821186066 0.0050650001503527164
		endloop
	endfacet
	facet normal -0.02445702574533652 0.997361392319539 -0.06835281268625813
		outer loop
			vertex 0.023536620661616325 0.03343750163912773 0.009565000422298908
			vertex 0.017730340361595154 0.032999999821186066 0.005258768331259489
			vertex 0.017314545810222626 0.032999999821186066 0.005407541990280151
		endloop
	endfacet
	facet normal -0.029075468807295383 0.9976850483116417 -0.06147488502659649
		outer loop
			vertex 0.023536620661616325 0.03343750163912773 0.009565000422298908
			vertex 0.017314545810222626 0.032999999821186066 0.005407541990280151
			vertex 0.01691533625125885 0.032999999821186066 0.005596354138106108
		endloop
	endfacet
	facet normal -0.03296957081972087 0.9979415415312266 -0.0550062458839227
		outer loop
			vertex 0.023536620661616325 0.03343750163912773 0.009565000422298908
			vertex 0.01691533625125885 0.032999999821186066 0.005596354138106108
			vertex 0.01653655618429184 0.032999999821186066 0.005823386833071709
		endloop
	endfacet
	facet normal 0.5956994057608521 0 -0.8032074563748571
		outer loop
			vertex 0.023536620661616325 0.03343750163912773 0.009565000422298908
			vertex 0.023536620661616325 0.03337499871850014 0.009565000422298908
			vertex 0.017730340361595154 0.032999999821186066 0.005258768331259489
		endloop
	endfacet
	facet normal -0.03625472312363216 0.9981462518822631 -0.04888409664316922
		outer loop
			vertex 0.01618185080587864 0.032999999821186066 0.00608645286411047
			vertex 0.023536620661616325 0.03343750163912773 0.009565000422298908
			vertex 0.01653655618429184 0.032999999821186066 0.005823386833071709
		endloop
	endfacet
	facet normal -0.04457342215582617 0.9977948909228099 -0.049178915051638815
		outer loop
			vertex 0.023536620661616325 0.03350000083446503 0.009565000422298908
			vertex 0.01618185080587864 0.032999999821186066 0.00608645286411047
			vertex 0.015854641795158386 0.032999999821186066 0.006383019499480724
		endloop
	endfacet
	facet normal -0.0472256236143044 0.9979667572449077 -0.04280294275308319
		outer loop
			vertex 0.023536620661616325 0.03350000083446503 0.009565000422298908
			vertex 0.015854641795158386 0.032999999821186066 0.006383019499480724
			vertex 0.015558074228465557 0.032999999821186066 0.0067102303728461266
		endloop
	endfacet
	facet normal 0.4275551418074906 0 -0.9039892702427262
		outer loop
			vertex 0.023536620661616325 0.03350000083446503 0.009565000422298908
			vertex 0.023536620661616325 0.03343750163912773 0.009565000422298908
			vertex 0.01618185080587864 0.032999999821186066 0.00608645286411047
		endloop
	endfacet
	facet normal -0.04943182514738809 0.9981044312720357 -0.03666113661255311
		outer loop
			vertex 0.015295008197426796 0.032999999821186066 0.007064933888614178
			vertex 0.023536620661616325 0.03350000083446503 0.009565000422298908
			vertex 0.015558074228465557 0.032999999821186066 0.0067102303728461266
		endloop
	endfacet
	facet normal -0.05124262858509262 0.9982138386984005 -0.03071360035381797
		outer loop
			vertex 0.015295008197426796 0.032999999821186066 0.007064933888614178
			vertex 0.015067975968122482 0.032999999821186066 0.007443714886903763
			vertex 0.023536620661616325 0.03350000083446503 0.009565000422298908
		endloop
	endfacet
	facet normal -0.052697828203100185 0.9982994133472357 -0.024924289623615925
		outer loop
			vertex 0.023536620661616325 0.03350000083446503 0.009565000422298908
			vertex 0.015067975968122482 0.032999999821186066 0.007443714886903763
			vertex 0.014879163354635239 0.032999999821186066 0.007842924445867538
		endloop
	endfacet
	facet normal -0.010179677371374853 0.978243882554031 0.2072083019915706
		outer loop
			vertex 0.01903662085533142 0.032999999821186066 0.014065000228583813
			vertex 0.023536620661616325 0.03400000184774399 0.009565000422298908
			vertex 0.01859554462134838 0.032999999821186066 0.014043331146240234
		endloop
	endfacet
	facet normal -0.02794364157117877 0.9816985531035579 0.18838021055865287
		outer loop
			vertex 0.01859554462134838 0.032999999821186066 0.014043331146240234
			vertex 0.023536620661616325 0.03400000184774399 0.009565000422298908
			vertex 0.018158715218305588 0.032999999821186066 0.013978533446788788
		endloop
	endfacet
	facet normal -0.042802690597678474 0.9843620646716318 0.17087789591694294
		outer loop
			vertex 0.018158715218305588 0.032999999821186066 0.013978533446788788
			vertex 0.023536620661616325 0.03400000184774399 0.009565000422298908
			vertex 0.017730340361595154 0.032999999821186066 0.013871231116354465
		endloop
	endfacet
	facet normal -0.05528945261936386 0.9864407531865023 0.15452416277688497
		outer loop
			vertex 0.017730340361595154 0.032999999821186066 0.013871231116354465
			vertex 0.023536620661616325 0.03400000184774399 0.009565000422298908
			vertex 0.017314545810222626 0.032999999821186066 0.01372245792299509
		endloop
	endfacet
	facet normal -0.06581836646595111 0.9880800597596431 0.13916083551464473
		outer loop
			vertex 0.017314545810222626 0.032999999821186066 0.01372245792299509
			vertex 0.023536620661616325 0.03400000184774399 0.009565000422298908
			vertex 0.01691533625125885 0.032999999821186066 0.013533645309507847
		endloop
	endfacet
	facet normal -0.0747125646799562 0.9893838189208917 0.12465027692089535
		outer loop
			vertex 0.01691533625125885 0.032999999821186066 0.013533645309507847
			vertex 0.023536620661616325 0.03400000184774399 0.009565000422298908
			vertex 0.01653655618429184 0.032999999821186066 0.013306613080203533
		endloop
	endfacet
	facet normal -0.08222693736851301 0.9904273825826391 0.11087078335385482
		outer loop
			vertex 0.01653655618429184 0.032999999821186066 0.013306613080203533
			vertex 0.023536620661616325 0.03400000184774399 0.009565000422298908
			vertex 0.01618185080587864 0.032999999821186066 0.013043547049164772
		endloop
	endfacet
	facet normal -0.08856354244029678 0.9912660704776622 0.09771425929822317
		outer loop
			vertex 0.01618185080587864 0.032999999821186066 0.013043547049164772
			vertex 0.023536620661616325 0.03400000184774399 0.009565000422298908
			vertex 0.015854641795158386 0.032999999821186066 0.012746980413794518
		endloop
	endfacet
	facet normal -0.09388092112044262 0.991940643262936 0.08508897045263956
		outer loop
			vertex 0.015854641795158386 0.032999999821186066 0.012746980413794518
			vertex 0.023536620661616325 0.03400000184774399 0.009565000422298908
			vertex 0.015558074228465557 0.032999999821186066 0.012419769540429115
		endloop
	endfacet
	facet normal -0.09830672294918776 0.9924817543538976 0.07290922779457627
		outer loop
			vertex 0.015558074228465557 0.032999999821186066 0.012419769540429115
			vertex 0.023536620661616325 0.03400000184774399 0.009565000422298908
			vertex 0.015295008197426796 0.032999999821186066 0.012065066024661064
		endloop
	endfacet
	facet normal -0.10194095498939822 0.992912239071497 0.06110095905856355
		outer loop
			vertex 0.015295008197426796 0.032999999821186066 0.012065066024661064
			vertex 0.023536620661616325 0.03400000184774399 0.009565000422298908
			vertex 0.015067975968122482 0.032999999821186066 0.011686285026371479
		endloop
	endfacet
	facet normal -0.10486248834778163 0.9932492410125625 0.04959640879620541
		outer loop
			vertex 0.015067975968122482 0.032999999821186066 0.011686285026371479
			vertex 0.023536620661616325 0.03400000184774399 0.009565000422298908
			vertex 0.014879163354635239 0.032999999821186066 0.011287075467407703
		endloop
	endfacet
	facet normal -0.10713261317633731 0.9935055206821632 0.038332539285485745
		outer loop
			vertex 0.014879163354635239 0.032999999821186066 0.011287075467407703
			vertex 0.023536620661616325 0.03400000184774399 0.009565000422298908
			vertex 0.014730390161275864 0.032999999821186066 0.010871280916035175
		endloop
	endfacet
	facet normal -0.10879720015711608 0.9936903352008329 0.027252283691989218
		outer loop
			vertex 0.014730390161275864 0.032999999821186066 0.010871280916035175
			vertex 0.023536620661616325 0.03400000184774399 0.009565000422298908
			vertex 0.014623087830841541 0.032999999821186066 0.010442906059324741
		endloop
	endfacet
	facet normal -0.1098892874906753 0.9938101601534008 0.016300615652898625
		outer loop
			vertex 0.014623087830841541 0.032999999821186066 0.010442906059324741
			vertex 0.023536620661616325 0.03400000184774399 0.009565000422298908
			vertex 0.014558290131390095 0.032999999821186066 0.010006077587604523
		endloop
	endfacet
	facet normal -0.11043012668460345 0.9938690832442015 0.005425172048257017
		outer loop
			vertex 0.014558290131390095 0.032999999821186066 0.010006077587604523
			vertex 0.023536620661616325 0.03400000184774399 0.009565000422298908
			vertex 0.014536621049046516 0.032999999821186066 0.009565000422298908
		endloop
	endfacet
	facet normal -0.11043012668460345 0.9938690832442015 -0.005425172048257017
		outer loop
			vertex 0.014536621049046516 0.032999999821186066 0.009565000422298908
			vertex 0.023536620661616325 0.03400000184774399 0.009565000422298908
			vertex 0.014558290131390095 0.032999999821186066 0.009123923256993294
		endloop
	endfacet
	facet normal -0.1098892892269629 0.9938101605272117 -0.016300581157455345
		outer loop
			vertex 0.014558290131390095 0.032999999821186066 0.009123923256993294
			vertex 0.023536620661616325 0.03400000184774399 0.009565000422298908
			vertex 0.014623087830841541 0.032999999821186066 0.0086870938539505
		endloop
	endfacet
	facet normal -0.10879719741319936 0.9936903355201089 -0.027252283004673767
		outer loop
			vertex 0.014623087830841541 0.032999999821186066 0.0086870938539505
			vertex 0.023536620661616325 0.03400000184774399 0.009565000422298908
			vertex 0.014730390161275864 0.032999999821186066 0.008258718997240067
		endloop
	endfacet
	facet normal 0.14673053241017786 0 -0.9891765013679944
		outer loop
			vertex 0.023536620661616325 0.03400000184774399 0.009565000422298908
			vertex 0.023536620661616325 0.033937498927116394 0.009565000422298908
			vertex 0.014730390161275864 0.032999999821186066 0.008258718997240067
		endloop
	endfacet
	facet normal -0.10051534896304022 0.9942852679453138 -0.03596485186614559
		outer loop
			vertex 0.014730390161275864 0.032999999821186066 0.008258718997240067
			vertex 0.023536620661616325 0.033937498927116394 0.009565000422298908
			vertex 0.014879163354635239 0.032999999821186066 0.007842924445867538
		endloop
	endfacet
	facet normal 0.19509039263391878 0 -0.9807852663564759
		outer loop
			vertex 0.014879163354635239 0.032999999821186066 0.007842924445867538
			vertex 0.023536620661616325 0.033937498927116394 0.009565000422298908
			vertex 0.023536620661616325 0.0338749997317791 0.009565000422298908
		endloop
	endfacet
	facet normal 0.19509039263391878 0 -0.9807852663564759
		outer loop
			vertex 0.014879163354635239 0.032999999821186066 0.007842924445867538
			vertex 0.023536620661616325 0.0338749997317791 0.009565000422298908
			vertex 0.023536620661616325 0.0338125005364418 0.009565000422298908
		endloop
	endfacet
	facet normal 0.19509039263391878 0 -0.9807852663564759
		outer loop
			vertex 0.014879163354635239 0.032999999821186066 0.007842924445867538
			vertex 0.023536620661616325 0.0338125005364418 0.009565000422298908
			vertex 0.023536620661616325 0.03375000134110451 0.009565000422298908
		endloop
	endfacet
	facet normal 0.19509039263391878 0 -0.9807852663564759
		outer loop
			vertex 0.014879163354635239 0.032999999821186066 0.007842924445867538
			vertex 0.023536620661616325 0.03375000134110451 0.009565000422298908
			vertex 0.023536620661616325 0.03368749842047691 0.009565000422298908
		endloop
	endfacet
	facet normal 0.19509039263391878 0 -0.9807852663564759
		outer loop
			vertex 0.014879163354635239 0.032999999821186066 0.007842924445867538
			vertex 0.023536620661616325 0.03368749842047691 0.009565000422298908
			vertex 0.023536620661616325 0.03362499922513962 0.009565000422298908
		endloop
	endfacet
	facet normal 0.19509039263391878 0 -0.9807852663564759
		outer loop
			vertex 0.014879163354635239 0.032999999821186066 0.007842924445867538
			vertex 0.023536620661616325 0.03362499922513962 0.009565000422298908
			vertex 0.023536620661616325 0.03356250002980232 0.009565000422298908
		endloop
	endfacet
	facet normal 0.19509039263391878 0 -0.9807852663564759
		outer loop
			vertex 0.014879163354635239 0.032999999821186066 0.007842924445867538
			vertex 0.023536620661616325 0.03356250002980232 0.009565000422298908
			vertex 0.023536620661616325 0.03350000083446503 0.009565000422298908
		endloop
	endfacet
	facet normal -1 0 0
		outer loop
			vertex 0.02853662148118019 0.03500000014901161 0.0010109395952895284
			vertex 0.02853662148118019 0.03500000014901161 -0.001989060314372182
			vertex 0.02853662148118019 0.032999999821186066 -0.001989060314372182
		endloop
	endfacet
	facet normal -1 0 0
		outer loop
			vertex 0.02853662148118019 0.03500000014901161 0.0010109395952895284
			vertex 0.02853662148118019 0.032999999821186066 -0.001989060314372182
			vertex 0.02853662148118019 0.032999999821186066 0.0010109395952895284
		endloop
	endfacet
	facet normal 0.0490676682638941 0 0.9987954565030543
		outer loop
			vertex 0.028541436418890953 0.03500000014901161 0.0011089567560702562
			vertex 0.030536621809005737 0.032999999821186066 0.0010109395952895284
			vertex 0.030536621809005737 0.03312499821186066 0.0010109395952895284
		endloop
	endfacet
	facet normal -0.7066805852178053 -0.7066805852178053 0.03471456398171462
		outer loop
			vertex 0.028541436418890953 0.03500000014901161 0.0011089567560702562
			vertex 0.02853662148118019 0.03500000014901161 0.0010109395952895284
			vertex 0.030536621809005737 0.032999999821186066 0.0010109395952895284
		endloop
	endfacet
	facet normal -0.6787076585427528 -0.727474509030747 0.10068144290725975
		outer loop
			vertex 0.028555836528539658 0.03500000014901161 0.0012060299050062895
			vertex 0.028541436418890953 0.03500000014901161 0.0011089567560702562
			vertex 0.030536621809005737 0.03312499821186066 0.0010109395952895284
		endloop
	endfacet
	facet normal 0.14673036214909146 0 0.989176526623836
		outer loop
			vertex 0.028579680249094963 0.03500000014901161 0.0013012242270633578
			vertex 0.030536621809005737 0.03312499821186066 0.0010109395952895284
			vertex 0.030536621809005737 0.033250000327825546 0.0010109395952895284
		endloop
	endfacet
	facet normal -0.6689751542740893 -0.7241516079456195 0.1675610088109176
		outer loop
			vertex 0.028579680249094963 0.03500000014901161 0.0013012242270633578
			vertex 0.028555836528539658 0.03500000014901161 0.0012060299050062895
			vertex 0.030536621809005737 0.03312499821186066 0.0010109395952895284
		endloop
	endfacet
	facet normal -0.6305930059937518 -0.742590209478052 0.2256374117452759
		outer loop
			vertex 0.028612742200493813 0.03500000014901161 0.001393623067997396
			vertex 0.028579680249094963 0.03500000014901161 0.0013012242270633578
			vertex 0.030536621809005737 0.033250000327825546 0.0010109395952895284
		endloop
	endfacet
	facet normal 0.2429801236728108 0 0.9700312672795377
		outer loop
			vertex 0.02865470014512539 0.03500000014901161 0.0014823363162577152
			vertex 0.030536621809005737 0.033250000327825546 0.0010109395952895284
			vertex 0.030536621809005737 0.03337499871850014 0.0010109395952895284
		endloop
	endfacet
	facet normal -0.6119459331962066 -0.7360395975078573 0.28942682278098425
		outer loop
			vertex 0.02865470014512539 0.03500000014901161 0.0014823363162577152
			vertex 0.028612742200493813 0.03500000014901161 0.001393623067997396
			vertex 0.030536621809005737 0.033250000327825546 0.0010109395952895284
		endloop
	endfacet
	facet normal -0.5649251881563635 -0.7524677508468143 0.33860274027543535
		outer loop
			vertex 0.02870515175163746 0.03500000014901161 0.0015665098326280713
			vertex 0.02865470014512539 0.03500000014901161 0.0014823363162577152
			vertex 0.030536621809005737 0.03337499871850014 0.0010109395952895284
		endloop
	endfacet
	facet normal 0.33688978158142713 0 0.9415440908773303
		outer loop
			vertex 0.028763610869646072 0.03500000014901161 0.0016453329008072615
			vertex 0.030536621809005737 0.03337499871850014 0.0010109395952895284
			vertex 0.030536621809005737 0.03350000083446503 0.0010109395952895284
		endloop
	endfacet
	facet normal -0.5379023142364046 -0.742638419940998 0.3989351796553652
		outer loop
			vertex 0.028763610869646072 0.03500000014901161 0.0016453329008072615
			vertex 0.02870515175163746 0.03500000014901161 0.0015665098326280713
			vertex 0.030536621809005737 0.03337499871850014 0.0010109395952895284
		endloop
	endfacet
	facet normal -0.48383546641168745 -0.7573626813434965 0.43852595174102826
		outer loop
			vertex 0.028829514980316162 0.03500000014901161 0.0017180463764816523
			vertex 0.028763610869646072 0.03500000014901161 0.0016453329008072615
			vertex 0.030536621809005737 0.03350000083446503 0.0010109395952895284
		endloop
	endfacet
	facet normal 0.4275551659823172 0 0.9039892588088829
		outer loop
			vertex 0.02890222892165184 0.03500000014901161 0.0017839500214904547
			vertex 0.030536621809005737 0.03350000083446503 0.0010109395952895284
			vertex 0.030536621809005737 0.03362499922513962 0.0010109395952895284
		endloop
	endfacet
	facet normal -0.4486991241150636 -0.7440284490327128 0.4950664228650039
		outer loop
			vertex 0.02890222892165184 0.03500000014901161 0.0017839500214904547
			vertex 0.028829514980316162 0.03500000014901161 0.0017180463764816523
			vertex 0.030536621809005737 0.03350000083446503 0.0010109395952895284
		endloop
	endfacet
	facet normal -0.38903048489145237 -0.7573090537848794 0.5245362512549271
		outer loop
			vertex 0.028981050476431847 0.03500000014901161 0.00184240925591439
			vertex 0.02890222892165184 0.03500000014901161 0.0017839500214904547
			vertex 0.030536621809005737 0.03362499922513962 0.0010109395952895284
		endloop
	endfacet
	facet normal 0.5141027971055703 0 0.8577285782858285
		outer loop
			vertex 0.029065225273370743 0.03500000014901161 0.0018928608624264598
			vertex 0.030536621809005737 0.03362499922513962 0.0010109395952895284
			vertex 0.030536621809005737 0.03375000134110451 0.0010109395952895284
		endloop
	endfacet
	facet normal -0.3457697941826529 -0.7400266641826855 0.5768914852288366
		outer loop
			vertex 0.029065225273370743 0.03500000014901161 0.0018928608624264598
			vertex 0.028981050476431847 0.03500000014901161 0.00184240925591439
			vertex 0.030536621809005737 0.03362499922513962 0.0010109395952895284
		endloop
	endfacet
	facet normal -0.28179735979864606 -0.7520700871413615 0.5958026787768731
		outer loop
			vertex 0.029153937473893166 0.03500000014901161 0.0019348191563040018
			vertex 0.029065225273370743 0.03500000014901161 0.0018928608624264598
			vertex 0.030536621809005737 0.03375000134110451 0.0010109395952895284
		endloop
	endfacet
	facet normal 0.5956994822943266 0 0.8032073996137433
		outer loop
			vertex 0.029246337711811066 0.03500000014901161 0.001967879943549633
			vertex 0.030536621809005737 0.03375000134110451 0.0010109395952895284
			vertex 0.030536621809005737 0.0338749997317791 0.0010109395952895284
		endloop
	endfacet
	facet normal -0.23019357732755563 -0.7301374169562783 0.6433585853297962
		outer loop
			vertex 0.029246337711811066 0.03500000014901161 0.001967879943549633
			vertex 0.029153937473893166 0.03500000014901161 0.0019348191563040018
			vertex 0.030536621809005737 0.03375000134110451 0.0010109395952895284
		endloop
	endfacet
	facet normal -0.16313722554071858 -0.7410933820568942 0.6512809261097325
		outer loop
			vertex 0.029341531917452812 0.03500000014901161 0.0019917248282581568
			vertex 0.029246337711811066 0.03500000014901161 0.001967879943549633
			vertex 0.030536621809005737 0.0338749997317791 0.0010109395952895284
		endloop
	endfacet
	facet normal 0.6715585887307763 0 0.7409514571832139
		outer loop
			vertex 0.029438603669404984 0.03500000014901161 0.0020061242394149303
			vertex 0.030536621809005737 0.0338749997317791 0.0010109395952895284
			vertex 0.030536621809005737 0.03400000184774399 0.0010109395952895284
		endloop
	endfacet
	facet normal -0.10281313426303798 -0.7134703929885993 0.6931013329605594
		outer loop
			vertex 0.029438603669404984 0.03500000014901161 0.0020061242394149303
			vertex 0.029341531917452812 0.03500000014901161 0.0019917248282581568
			vertex 0.030536621809005737 0.0338749997317791 0.0010109395952895284
		endloop
	endfacet
	facet normal -0.033876488081642245 -0.7234367659766295 0.6895590106644462
		outer loop
			vertex 0.029536621645092964 0.03500000014901161 0.0020109396427869797
			vertex 0.029438603669404984 0.03500000014901161 0.0020061242394149303
			vertex 0.030536621809005737 0.03400000184774399 0.0010109395952895284
		endloop
	endfacet
	facet normal 0.035580207372820895 -0.6886456007748707 0.7242246097563412
		outer loop
			vertex 0.029634637758135796 0.03500000014901161 0.0020061242394149303
			vertex 0.029536621645092964 0.03500000014901161 0.0020109396427869797
			vertex 0.030536621809005737 0.03400000184774399 0.0010109395952895284
		endloop
	endfacet
	facet normal 0.7409506563272109 0 0.6715594723390294
		outer loop
			vertex 0.030536621809005737 0.03412500023841858 0.0010109395952895284
			vertex 0.029634637758135796 0.03500000014901161 0.0020061242394149303
			vertex 0.030536621809005737 0.03400000184774399 0.0010109395952895284
		endloop
	endfacet
	facet normal 0.10512191313301031 -0.6976554207243846 0.7086792626521097
		outer loop
			vertex 0.029731711372733116 0.03500000014901161 0.0019917248282581568
			vertex 0.029634637758135796 0.03500000014901161 0.0020061242394149303
			vertex 0.030536621809005737 0.03412500023841858 0.0010109395952895284
		endloop
	endfacet
	facet normal 0.1838789454501492 -0.65368601731409 0.7340865917507172
		outer loop
			vertex 0.029826905578374863 0.03500000014901161 0.001967879943549633
			vertex 0.029731711372733116 0.03500000014901161 0.0019917248282581568
			vertex 0.030536621809005737 0.03412500023841858 0.0010109395952895284
		endloop
	endfacet
	facet normal 0.8032071706019236 0 0.5956997910807528
		outer loop
			vertex 0.030536621809005737 0.03424999862909317 0.0010109395952895284
			vertex 0.029826905578374863 0.03500000014901161 0.001967879943549633
			vertex 0.030536621809005737 0.03412500023841858 0.0010109395952895284
		endloop
	endfacet
	facet normal 0.2525849261050605 -0.6617028291362687 0.7059392473984992
		outer loop
			vertex 0.029919305816292763 0.03500000014901161 0.0019348191563040018
			vertex 0.029826905578374863 0.03500000014901161 0.001967879943549633
			vertex 0.030536621809005737 0.03424999862909317 0.0010109395952895284
		endloop
	endfacet
	facet normal 0.3401368998653885 -0.6059130736304842 0.7191496621382938
		outer loop
			vertex 0.030008018016815186 0.03500000014901161 0.0018928608624264598
			vertex 0.029919305816292763 0.03500000014901161 0.0019348191563040018
			vertex 0.030536621809005737 0.03424999862909317 0.0010109395952895284
		endloop
	endfacet
	facet normal 0.8577283838407421 0 0.5141031215174139
		outer loop
			vertex 0.030536621809005737 0.03437500074505806 0.0010109395952895284
			vertex 0.030008018016815186 0.03500000014901161 0.0018928608624264598
			vertex 0.030536621809005737 0.03424999862909317 0.0010109395952895284
		endloop
	endfacet
	facet normal 0.4062569266201471 -0.6128209286416153 0.6777948207178782
		outer loop
			vertex 0.030092190951108932 0.03500000014901161 0.00184240925591439
			vertex 0.030008018016815186 0.03500000014901161 0.0018928608624264598
			vertex 0.030536621809005737 0.03437500074505806 0.0010109395952895284
		endloop
	endfacet
	facet normal 0.5006099321145497 -0.5420048512732425 0.6749966200393425
		outer loop
			vertex 0.030171014368534088 0.03500000014901161 0.0017839500214904547
			vertex 0.030092190951108932 0.03500000014901161 0.00184240925591439
			vertex 0.030536621809005737 0.03437500074505806 0.0010109395952895284
		endloop
	endfacet
	facet normal 0.9039889597854208 0 0.4275557982136053
		outer loop
			vertex 0.030536621809005737 0.03449999913573265 0.0010109395952895284
			vertex 0.030171014368534088 0.03500000014901161 0.0017839500214904547
			vertex 0.030536621809005737 0.03437500074505806 0.0010109395952895284
		endloop
	endfacet
	facet normal 0.561910320522477 -0.5476183674228594 0.6199765441945765
		outer loop
			vertex 0.030243728309869766 0.03500000014901161 0.0017180463764816523
			vertex 0.030171014368534088 0.03500000014901161 0.0017839500214904547
			vertex 0.030536621809005737 0.03449999913573265 0.0010109395952895284
		endloop
	endfacet
	facet normal 0.6585396214250655 -0.458336302657943 0.5968696680843969
		outer loop
			vertex 0.030309632420539856 0.03500000014901161 0.0016453329008072615
			vertex 0.030243728309869766 0.03500000014901161 0.0017180463764816523
			vertex 0.030536621809005737 0.03449999913573265 0.0010109395952895284
		endloop
	endfacet
	facet normal 0.9415441432426499 0 0.3368896352300918
		outer loop
			vertex 0.030536621809005737 0.03462500125169754 0.0010109395952895284
			vertex 0.030309632420539856 0.03500000014901161 0.0016453329008072615
			vertex 0.030536621809005737 0.03449999913573265 0.0010109395952895284
		endloop
	endfacet
	facet normal 0.7121615533215327 -0.462447399426367 0.5281745210954916
		outer loop
			vertex 0.03036809153854847 0.03500000014901161 0.0015665098326280713
			vertex 0.030309632420539856 0.03500000014901161 0.0016453329008072615
			vertex 0.030536621809005737 0.03462500125169754 0.0010109395952895284
		endloop
	endfacet
	facet normal 0.8028049889861208 -0.3520906114311646 0.48118224302339285
		outer loop
			vertex 0.03041854314506054 0.03500000014901161 0.0014823363162577152
			vertex 0.03036809153854847 0.03500000014901161 0.0015665098326280713
			vertex 0.030536621809005737 0.03462500125169754 0.0010109395952895284
		endloop
	endfacet
	facet normal 0.9700312860467178 0 0.2429800487499968
		outer loop
			vertex 0.030536621809005737 0.03474999964237213 0.0010109395952895284
			vertex 0.03041854314506054 0.03500000014901161 0.0014823363162577152
			vertex 0.030536621809005737 0.03462500125169754 0.0010109395952895284
		endloop
	endfacet
	facet normal 0.8452544742391569 -0.35457948505154824 0.3997727636536354
		outer loop
			vertex 0.030460501089692116 0.03500000014901161 0.001393623067997396
			vertex 0.03041854314506054 0.03500000014901161 0.0014823363162577152
			vertex 0.030536621809005737 0.03474999964237213 0.0010109395952895284
		endloop
	endfacet
	facet normal 0.9177904354499219 -0.2232154711229518 0.32838326700366716
		outer loop
			vertex 0.030493561178445816 0.03500000014901161 0.0013012242270633578
			vertex 0.030460501089692116 0.03500000014901161 0.001393623067997396
			vertex 0.030536621809005737 0.03474999964237213 0.0010109395952895284
		endloop
	endfacet
	facet normal 0.9891760287061834 0 0.14673371880063524
		outer loop
			vertex 0.030536621809005737 0.03487500175833702 0.0010109395952895284
			vertex 0.030493561178445816 0.03500000014901161 0.0013012242270633578
			vertex 0.030536621809005737 0.03474999964237213 0.0010109395952895284
		endloop
	endfacet
	facet normal 0.9453218751483154 -0.2242624042736064 0.23679722632559316
		outer loop
			vertex 0.03051740676164627 0.03500000014901161 0.0012060299050062895
			vertex 0.030493561178445816 0.03500000014901161 0.0013012242270633578
			vertex 0.030536621809005737 0.03487500175833702 0.0010109395952895284
		endloop
	endfacet
	facet normal 0.9862590674114581 -0.07673359526911455 0.14630450200098785
		outer loop
			vertex 0.030531806871294975 0.03500000014901161 0.0011089567560702562
			vertex 0.03051740676164627 0.03500000014901161 0.0012060299050062895
			vertex 0.030536621809005737 0.03487500175833702 0.0010109395952895284
		endloop
	endfacet
	facet normal 0.9987956243074374 0 0.049064252407600366
		outer loop
			vertex 0.030536621809005737 0.03500000014901161 0.0010109395952895284
			vertex 0.030531806871294975 0.03500000014901161 0.0011089567560702562
			vertex 0.030536621809005737 0.03487500175833702 0.0010109395952895284
		endloop
	endfacet
	facet normal 1 0 0
		outer loop
			vertex 0.030536621809005737 0.03500000014901161 -0.001989060314372182
			vertex 0.030536621809005737 0.03500000014901161 0.0010109395952895284
			vertex 0.030536621809005737 0.032999999821186066 0.0010109395952895284
		endloop
	endfacet
	facet normal 1 0 0
		outer loop
			vertex 0.030536621809005737 0.03500000014901161 -0.001989060314372182
			vertex 0.030536621809005737 0.032999999821186066 0.0010109395952895284
			vertex 0.030536621809005737 0.032999999821186066 -0.001989060314372182
		endloop
	endfacet
	facet normal -0.04906772640142179 0 -0.9987954536469392
		outer loop
			vertex 0.030531806871294975 0.03500000014901161 -0.0020870775915682316
			vertex 0.02853662148118019 0.032999999821186066 -0.001989060314372182
			vertex 0.02853662148118019 0.03312499821186066 -0.001989060314372182
		endloop
	endfacet
	facet normal 0.7066805862292772 -0.7066805862292772 -0.034714522800842446
		outer loop
			vertex 0.030531806871294975 0.03500000014901161 -0.0020870775915682316
			vertex 0.030536621809005737 0.03500000014901161 -0.001989060314372182
			vertex 0.02853662148118019 0.032999999821186066 -0.001989060314372182
		endloop
	endfacet
	facet normal 0.678707655456309 -0.7274745119736545 -0.1006814424494078
		outer loop
			vertex 0.03051740676164627 0.03500000014901161 -0.002184150740504265
			vertex 0.030531806871294975 0.03500000014901161 -0.0020870775915682316
			vertex 0.02853662148118019 0.03312499821186066 -0.001989060314372182
		endloop
	endfacet
	facet normal -0.14673061395777015 0 -0.9891764892715434
		outer loop
			vertex 0.030493561178445816 0.03500000014901161 -0.002279345178976655
			vertex 0.02853662148118019 0.03312499821186066 -0.001989060314372182
			vertex 0.02853662148118019 0.033250000327825546 -0.001989060314372182
		endloop
	endfacet
	facet normal 0.6689730554266368 -0.7241506870206106 -0.16757336781460128
		outer loop
			vertex 0.030493561178445816 0.03500000014901161 -0.002279345178976655
			vertex 0.03051740676164627 0.03500000014901161 -0.002184150740504265
			vertex 0.02853662148118019 0.03312499821186066 -0.001989060314372182
		endloop
	endfacet
	facet normal 0.6305959772851961 -0.7425910529971832 -0.22562633144263827
		outer loop
			vertex 0.030460501089692116 0.03500000014901161 -0.0023717437870800495
			vertex 0.030493561178445816 0.03500000014901161 -0.002279345178976655
			vertex 0.02853662148118019 0.033250000327825546 -0.001989060314372182
		endloop
	endfacet
	facet normal -0.2429801801360503 0 -0.9700312531362341
		outer loop
			vertex 0.03041854314506054 0.03500000014901161 -0.0024604571517556906
			vertex 0.02853662148118019 0.033250000327825546 -0.001989060314372182
			vertex 0.02853662148118019 0.03337499871850014 -0.001989060314372182
		endloop
	endfacet
	facet normal 0.6119460378736549 -0.7360396403581487 -0.28942649248502206
		outer loop
			vertex 0.03041854314506054 0.03500000014901161 -0.0024604571517556906
			vertex 0.030460501089692116 0.03500000014901161 -0.0023717437870800495
			vertex 0.02853662148118019 0.033250000327825546 -0.001989060314372182
		endloop
	endfacet
	facet normal 0.5649250305175031 -0.7524677009825617 -0.33860311409202404
		outer loop
			vertex 0.03036809153854847 0.03500000014901161 -0.002544630551710725
			vertex 0.03041854314506054 0.03500000014901161 -0.0024604571517556906
			vertex 0.02853662148118019 0.03337499871850014 -0.001989060314372182
		endloop
	endfacet
	facet normal -0.33688983638649256 0 -0.9415440712677673
		outer loop
			vertex 0.030309632420539856 0.03500000014901161 -0.002623453736305237
			vertex 0.02853662148118019 0.03337499871850014 -0.001989060314372182
			vertex 0.02853662148118019 0.03350000083446503 -0.001989060314372182
		endloop
	endfacet
	facet normal 0.5379025211387772 -0.7426385041552908 -0.3989347439100031
		outer loop
			vertex 0.030309632420539856 0.03500000014901161 -0.002623453736305237
			vertex 0.03036809153854847 0.03500000014901161 -0.002544630551710725
			vertex 0.02853662148118019 0.03337499871850014 -0.001989060314372182
		endloop
	endfacet
	facet normal 0.4838354539402654 -0.7573626958557002 -0.43852594043751164
		outer loop
			vertex 0.030243728309869766 0.03500000014901161 -0.0026961672119796276
			vertex 0.030309632420539856 0.03500000014901161 -0.002623453736305237
			vertex 0.02853662148118019 0.03350000083446503 -0.001989060314372182
		endloop
	endfacet
	facet normal -0.427555218601424 0 -0.9039892339218917
		outer loop
			vertex 0.030171014368534088 0.03500000014901161 -0.00276207085698843
			vertex 0.02853662148118019 0.03350000083446503 -0.001989060314372182
			vertex 0.02853662148118019 0.03362499922513962 -0.001989060314372182
		endloop
	endfacet
	facet normal 0.44869911128799805 -0.7440284661852274 -0.49506640871242574
		outer loop
			vertex 0.030171014368534088 0.03500000014901161 -0.00276207085698843
			vertex 0.030243728309869766 0.03500000014901161 -0.0026961672119796276
			vertex 0.02853662148118019 0.03350000083446503 -0.001989060314372182
		endloop
	endfacet
	facet normal 0.38902550321887974 -0.7573069563026619 -0.5245429741983927
		outer loop
			vertex 0.030092190951108932 0.03500000014901161 -0.0028205299749970436
			vertex 0.030171014368534088 0.03500000014901161 -0.00276207085698843
			vertex 0.02853662148118019 0.03362499922513962 -0.001989060314372182
		endloop
	endfacet
	facet normal -0.5141027971055703 0 -0.8577285782858285
		outer loop
			vertex 0.030008018016815186 0.03500000014901161 -0.0028709815815091133
			vertex 0.02853662148118019 0.03362499922513962 -0.001989060314372182
			vertex 0.02853662148118019 0.03375000134110451 -0.001989060314372182
		endloop
	endfacet
	facet normal 0.34577443571074945 -0.7400284101739629 -0.5768864634781351
		outer loop
			vertex 0.030008018016815186 0.03500000014901161 -0.0028709815815091133
			vertex 0.030092190951108932 0.03500000014901161 -0.0028205299749970436
			vertex 0.02853662148118019 0.03362499922513962 -0.001989060314372182
		endloop
	endfacet
	facet normal 0.281797884521785 -0.7520703212281807 -0.5958021351143246
		outer loop
			vertex 0.029919305816292763 0.03500000014901161 -0.002912939991801977
			vertex 0.030008018016815186 0.03500000014901161 -0.0028709815815091133
			vertex 0.02853662148118019 0.03375000134110451 -0.001989060314372182
		endloop
	endfacet
	facet normal -0.5956995290471532 0 -0.8032073649394658
		outer loop
			vertex 0.029826905578374863 0.03500000014901161 -0.0029460007790476084
			vertex 0.02853662148118019 0.03375000134110451 -0.001989060314372182
			vertex 0.02853662148118019 0.0338749997317791 -0.001989060314372182
		endloop
	endfacet
	facet normal 0.23019356725704618 -0.7301374449317158 -0.6433585571841425
		outer loop
			vertex 0.029826905578374863 0.03500000014901161 -0.0029460007790476084
			vertex 0.029919305816292763 0.03500000014901161 -0.002912939991801977
			vertex 0.02853662148118019 0.03375000134110451 -0.001989060314372182
		endloop
	endfacet
	facet normal 0.1631372173927037 -0.7410934124371205 -0.651280893581003
		outer loop
			vertex 0.029731711372733116 0.03500000014901161 -0.002969845663756132
			vertex 0.029826905578374863 0.03500000014901161 -0.0029460007790476084
			vertex 0.02853662148118019 0.0338749997317791 -0.001989060314372182
		endloop
	endfacet
	facet normal -0.6715592572978057 0 -0.7409508512294318
		outer loop
			vertex 0.029634637758135796 0.03500000014901161 -0.0029842450749129057
			vertex 0.02853662148118019 0.0338749997317791 -0.001989060314372182
			vertex 0.02853662148118019 0.03400000184774399 -0.001989060314372182
		endloop
	endfacet
	facet normal 0.10281133080404808 -0.7134695440131742 -0.6931024744032688
		outer loop
			vertex 0.029634637758135796 0.03500000014901161 -0.0029842450749129057
			vertex 0.029731711372733116 0.03500000014901161 -0.002969845663756132
			vertex 0.02853662148118019 0.0338749997317791 -0.001989060314372182
		endloop
	endfacet
	facet normal 0.033877113368348546 -0.7234370953082362 -0.6895586344335122
		outer loop
			vertex 0.029536621645092964 0.03500000014901161 -0.002989060478284955
			vertex 0.029634637758135796 0.03500000014901161 -0.0029842450749129057
			vertex 0.02853662148118019 0.03400000184774399 -0.001989060314372182
		endloop
	endfacet
	facet normal -0.03557951346238237 -0.6886460171589336 -0.7242242479183627
		outer loop
			vertex 0.029438603669404984 0.03500000014901161 -0.0029842450749129057
			vertex 0.029536621645092964 0.03500000014901161 -0.002989060478284955
			vertex 0.02853662148118019 0.03400000184774399 -0.001989060314372182
		endloop
	endfacet
	facet normal -0.740951385481546 0 -0.6715586678414458
		outer loop
			vertex 0.02853662148118019 0.03412500023841858 -0.001989060314372182
			vertex 0.029438603669404984 0.03500000014901161 -0.0029842450749129057
			vertex 0.02853662148118019 0.03400000184774399 -0.001989060314372182
		endloop
	endfacet
	facet normal -0.10512403712704477 -0.697654368778348 -0.7086799831677177
		outer loop
			vertex 0.029341531917452812 0.03500000014901161 -0.002969845663756132
			vertex 0.029438603669404984 0.03500000014901161 -0.0029842450749129057
			vertex 0.02853662148118019 0.03412500023841858 -0.001989060314372182
		endloop
	endfacet
	facet normal -0.18387893371062175 -0.6536860732476506 -0.7340865448838523
		outer loop
			vertex 0.029246337711811066 0.03500000014901161 -0.0029460007790476084
			vertex 0.029341531917452812 0.03500000014901161 -0.002969845663756132
			vertex 0.02853662148118019 0.03412500023841858 -0.001989060314372182
		endloop
	endfacet
	facet normal -0.8032072052762231 0 -0.5956997443279282
		outer loop
			vertex 0.02853662148118019 0.03424999862909317 -0.001989060314372182
			vertex 0.029246337711811066 0.03500000014901161 -0.0029460007790476084
			vertex 0.02853662148118019 0.03412500023841858 -0.001989060314372182
		endloop
	endfacet
	facet normal -0.25258490779095394 -0.6617028907343244 -0.7059391962131542
		outer loop
			vertex 0.029153937473893166 0.03500000014901161 -0.002912939991801977
			vertex 0.029246337711811066 0.03500000014901161 -0.0029460007790476084
			vertex 0.02853662148118019 0.03424999862909317 -0.001989060314372182
		endloop
	endfacet
	facet normal -0.34013787149025637 -0.6059124581864501 -0.719149721123864
		outer loop
			vertex 0.029065225273370743 0.03500000014901161 -0.0028709815815091133
			vertex 0.029153937473893166 0.03500000014901161 -0.002912939991801977
			vertex 0.02853662148118019 0.03424999862909317 -0.001989060314372182
		endloop
	endfacet
	facet normal -0.8577283838407421 0 -0.5141031215174139
		outer loop
			vertex 0.02853662148118019 0.03437500074505806 -0.001989060314372182
			vertex 0.029065225273370743 0.03500000014901161 -0.0028709815815091133
			vertex 0.02853662148118019 0.03424999862909317 -0.001989060314372182
		endloop
	endfacet
	facet normal -0.4062475276142105 -0.6128279145673423 -0.6777941379463114
		outer loop
			vertex 0.028981050476431847 0.03500000014901161 -0.0028205299749970436
			vertex 0.029065225273370743 0.03500000014901161 -0.0028709815815091133
			vertex 0.02853662148118019 0.03437500074505806 -0.001989060314372182
		endloop
	endfacet
	facet normal -0.50061973557535 -0.5419975252589868 -0.6749952318095296
		outer loop
			vertex 0.02890222892165184 0.03500000014901161 -0.00276207085698843
			vertex 0.028981050476431847 0.03500000014901161 -0.0028205299749970436
			vertex 0.02853662148118019 0.03437500074505806 -0.001989060314372182
		endloop
	endfacet
	facet normal -0.9039889846724718 0 -0.42755574559445897
		outer loop
			vertex 0.02853662148118019 0.03449999913573265 -0.001989060314372182
			vertex 0.02890222892165184 0.03500000014901161 -0.00276207085698843
			vertex 0.02853662148118019 0.03437500074505806 -0.001989060314372182
		endloop
	endfacet
	facet normal -0.5619102761044219 -0.5476184684837928 -0.6199764951864851
		outer loop
			vertex 0.028829514980316162 0.03500000014901161 -0.0026961672119796276
			vertex 0.02890222892165184 0.03500000014901161 -0.00276207085698843
			vertex 0.02853662148118019 0.03449999913573265 -0.001989060314372182
		endloop
	endfacet
	facet normal -0.6585395794796056 -0.4583364124336248 -0.596869630066984
		outer loop
			vertex 0.028763610869646072 0.03500000014901161 -0.002623453736305237
			vertex 0.028829514980316162 0.03500000014901161 -0.0026961672119796276
			vertex 0.02853662148118019 0.03449999913573265 -0.001989060314372182
		endloop
	endfacet
	facet normal -0.9415441628521911 0 -0.33688958042505074
		outer loop
			vertex 0.02853662148118019 0.03462500125169754 -0.001989060314372182
			vertex 0.028763610869646072 0.03500000014901161 -0.002623453736305237
			vertex 0.02853662148118019 0.03449999913573265 -0.001989060314372182
		endloop
	endfacet
	facet normal -0.7121622273545728 -0.4624466814203419 -0.5281742409212009
		outer loop
			vertex 0.02870515175163746 0.03500000014901161 -0.002544630551710725
			vertex 0.028763610869646072 0.03500000014901161 -0.002623453736305237
			vertex 0.02853662148118019 0.03462500125169754 -0.001989060314372182
		endloop
	endfacet
	facet normal -0.8028044532202662 -0.3520913624043501 -0.48118258739272585
		outer loop
			vertex 0.02865470014512539 0.03500000014901161 -0.0024604571517556906
			vertex 0.02870515175163746 0.03500000014901161 -0.002544630551710725
			vertex 0.02853662148118019 0.03462500125169754 -0.001989060314372182
		endloop
	endfacet
	facet normal -0.9700313001900066 0 -0.24297999228678402
		outer loop
			vertex 0.02853662148118019 0.03474999964237213 -0.001989060314372182
			vertex 0.02865470014512539 0.03500000014901161 -0.0024604571517556906
			vertex 0.02853662148118019 0.03462500125169754 -0.001989060314372182
		endloop
	endfacet
	facet normal -0.8452548921857495 -0.3545788573449088 -0.3997724367187361
		outer loop
			vertex 0.028612742200493813 0.03500000014901161 -0.0023717437870800495
			vertex 0.02865470014512539 0.03500000014901161 -0.0024604571517556906
			vertex 0.02853662148118019 0.03474999964237213 -0.001989060314372182
		endloop
	endfacet
	facet normal -0.9177785481357246 -0.22324216717381626 -0.3283983425314739
		outer loop
			vertex 0.028579680249094963 0.03500000014901161 -0.002279345178976655
			vertex 0.028612742200493813 0.03500000014901161 -0.0023717437870800495
			vertex 0.02853662148118019 0.03474999964237213 -0.001989060314372182
		endloop
	endfacet
	facet normal -0.9891769670305516 0 -0.14672739313515798
		outer loop
			vertex 0.02853662148118019 0.03487500175833702 -0.001989060314372182
			vertex 0.028579680249094963 0.03500000014901161 -0.002279345178976655
			vertex 0.02853662148118019 0.03474999964237213 -0.001989060314372182
		endloop
	endfacet
	facet normal -0.94533224936057 -0.22423576476910734 -0.23678103833985295
		outer loop
			vertex 0.028555836528539658 0.03500000014901161 -0.002184150740504265
			vertex 0.028579680249094963 0.03500000014901161 -0.002279345178976655
			vertex 0.02853662148118019 0.03487500175833702 -0.001989060314372182
		endloop
	endfacet
	facet normal -0.9862590570995188 -0.0767337307252564 -0.14630450047128515
		outer loop
			vertex 0.028541436418890953 0.03500000014901161 -0.0020870775915682316
			vertex 0.028555836528539658 0.03500000014901161 -0.002184150740504265
			vertex 0.02853662148118019 0.03487500175833702 -0.001989060314372182
		endloop
	endfacet
	facet normal -0.9987956271631484 0 -0.04906419427416893
		outer loop
			vertex 0.02853662148118019 0.03500000014901161 -0.001989060314372182
			vertex 0.028541436418890953 0.03500000014901161 -0.0020870775915682316
			vertex 0.02853662148118019 0.03487500175833702 -0.001989060314372182
		endloop
	endfacet
	facet normal -0.831741487234017 -0.5544943248226779 0.027242286122651917
		outer loop
			vertex -0.03696337714791298 0.02370000071823597 -0.008434999734163284
			vertex -0.03496337682008743 0.02070000022649765 -0.008434999734163284
			vertex -0.03496337682008743 0.020707223564386368 -0.008287974633276463
		endloop
	endfacet
	facet normal -0.846556168217827 -0.5265380824591724 0.07810442863607546
		outer loop
			vertex -0.03683837875723839 0.02370000071823597 -0.008434999734163284
			vertex -0.03496337682008743 0.020707223564386368 -0.008287974633276463
			vertex -0.03496337682008743 0.02072882279753685 -0.008142364211380482
		endloop
	endfacet
	facet normal -0.844222216726395 -0.519931008999252 0.13023284787868117
		outer loop
			vertex -0.03683837875723839 0.02370000071823597 -0.008434999734163284
			vertex -0.03496337682008743 0.02072882279753685 -0.008142364211380482
			vertex -0.03496337682008743 0.020764589309692383 -0.007999572902917862
		endloop
	endfacet
	facet normal 0 0.049067470325497756 0.9987954662271233
		outer loop
			vertex -0.03683837875723839 0.02370000071823597 -0.008434999734163284
			vertex -0.03696337714791298 0.02370000071823597 -0.008434999734163284
			vertex -0.03496337682008743 0.020707223564386368 -0.008287974633276463
		endloop
	endfacet
	facet normal -0.8570123011004394 -0.4851741427594375 0.1735971398386935
		outer loop
			vertex -0.0367133803665638 0.02370000071823597 -0.008434999734163284
			vertex -0.03496337682008743 0.020764589309692383 -0.007999572902917862
			vertex -0.03496337682008743 0.020814180374145508 -0.007860974408686161
		endloop
	endfacet
	facet normal -0.8525124007323542 -0.4725220283324609 0.22348498682939508
		outer loop
			vertex -0.0367133803665638 0.02370000071823597 -0.008434999734163284
			vertex -0.03496337682008743 0.020814180374145508 -0.007860974408686161
			vertex -0.03496337682008743 0.020877117291092873 -0.007727904710918665
		endloop
	endfacet
	facet normal 0 0.1467303693150878 0.9891765255608617
		outer loop
			vertex -0.0367133803665638 0.02370000071823597 -0.008434999734163284
			vertex -0.03683837875723839 0.02370000071823597 -0.008434999734163284
			vertex -0.03496337682008743 0.020764589309692383 -0.007999572902917862
		endloop
	endfacet
	facet normal -0.8637056492835625 -0.4322920467310949 0.2591064216276794
		outer loop
			vertex -0.03658837825059891 0.02370000071823597 -0.008434999734163284
			vertex -0.03496337682008743 0.020877117291092873 -0.007727904710918665
			vertex -0.03496337682008743 0.020952794700860977 -0.007601644843816757
		endloop
	endfacet
	facet normal -0.8570448736264691 -0.41384471969789816 0.30693098991264756
		outer loop
			vertex -0.03658837825059891 0.02370000071823597 -0.008434999734163284
			vertex -0.03496337682008743 0.020952794700860977 -0.007601644843816757
			vertex -0.03496337682008743 0.021040484309196472 -0.007483410183340311
		endloop
	endfacet
	facet normal 0 0.24298002942081393 0.9700312908884232
		outer loop
			vertex -0.03658837825059891 0.02370000071823597 -0.008434999734163284
			vertex -0.0367133803665638 0.02370000071823597 -0.008434999734163284
			vertex -0.03496337682008743 0.020877117291092873 -0.007727904710918665
		endloop
	endfacet
	facet normal -0.8669819604532301 -0.3692444290225142 0.3346652534765317
		outer loop
			vertex -0.036463379859924316 0.02370000071823597 -0.008434999734163284
			vertex -0.03496337682008743 0.021040484309196472 -0.007483410183340311
			vertex -0.03496337682008743 0.021139340475201607 -0.007374339736998081
		endloop
	endfacet
	facet normal -0.8579939072797624 -0.3449544337358706 0.3805954462638398
		outer loop
			vertex -0.036463379859924316 0.02370000071823597 -0.008434999734163284
			vertex -0.03496337682008743 0.021139340475201607 -0.007374339736998081
			vertex -0.03496337682008743 0.021248409524559975 -0.007275484502315521
		endloop
	endfacet
	facet normal 0 0.3368896537029278 0.9415441366329681
		outer loop
			vertex -0.036463379859924316 0.02370000071823597 -0.008434999734163284
			vertex -0.03658837825059891 0.02370000071823597 -0.008434999734163284
			vertex -0.03496337682008743 0.021040484309196472 -0.007483410183340311
		endloop
	endfacet
	facet normal -0.8669456191797933 -0.29689815983600454 0.4003208414146823
		outer loop
			vertex -0.03633837774395943 0.02370000071823597 -0.008434999734163284
			vertex -0.03496337682008743 0.021248409524559975 -0.007275484502315521
			vertex -0.03496337682008743 0.021366644650697708 -0.0071877953596413136
		endloop
	endfacet
	facet normal -0.8552585274224674 -0.2664099727933228 0.4444756210045875
		outer loop
			vertex -0.03633837774395943 0.02370000071823597 -0.008434999734163284
			vertex -0.03496337682008743 0.021366644650697708 -0.0071877953596413136
			vertex -0.03496337682008743 0.02149290405213833 -0.007112117949873209
		endloop
	endfacet
	facet normal 0 0.4275547777433431 0.9039894424321783
		outer loop
			vertex -0.03633837774395943 0.02370000071823597 -0.008434999734163284
			vertex -0.036463379859924316 0.02370000071823597 -0.008434999734163284
			vertex -0.03496337682008743 0.021248409524559975 -0.007275484502315521
		endloop
	endfacet
	facet normal -0.863436487440867 -0.21568183779835098 0.456024974096489
		outer loop
			vertex -0.036213379353284836 0.02370000071823597 -0.008434999734163284
			vertex -0.03496337682008743 0.02149290405213833 -0.007112117949873209
			vertex -0.03496337682008743 0.021625975146889687 -0.007049180567264557
		endloop
	endfacet
	facet normal -0.8484172814266561 -0.17832542991496872 0.49838555117724265
		outer loop
			vertex -0.036213379353284836 0.02370000071823597 -0.008434999734163284
			vertex -0.03496337682008743 0.021625975146889687 -0.007049180567264557
			vertex -0.03496337682008743 0.021764572709798813 -0.006999589502811432
		endloop
	endfacet
	facet normal 0 0.5141024446244389 0.8577287895548196
		outer loop
			vertex -0.036213379353284836 0.02370000071823597 -0.008434999734163284
			vertex -0.03633837774395943 0.02370000071823597 -0.008434999734163284
			vertex -0.03496337682008743 0.02149290405213833 -0.007112117949873209
		endloop
	endfacet
	facet normal -0.8559883148193281 -0.12561908149051168 0.5015015964662995
		outer loop
			vertex -0.036088377237319946 0.02370000071823597 -0.008434999734163284
			vertex -0.03496337682008743 0.021764572709798813 -0.006999589502811432
			vertex -0.03496337682008743 0.021907364949584007 -0.006963822059333324
		endloop
	endfacet
	facet normal -0.8366344228758502 -0.0803742164983593 0.5418328411802554
		outer loop
			vertex -0.036088377237319946 0.02370000071823597 -0.008434999734163284
			vertex -0.03496337682008743 0.021907364949584007 -0.006963822059333324
			vertex -0.03496337682008743 0.02205297350883484 -0.006942222826182842
		endloop
	endfacet
	facet normal 0 0.5956990345141353 0.8032077317101269
		outer loop
			vertex -0.036088377237319946 0.02370000071823597 -0.008434999734163284
			vertex -0.036213379353284836 0.02370000071823597 -0.008434999734163284
			vertex -0.03496337682008743 0.021764572709798813 -0.006999589502811432
		endloop
	endfacet
	facet normal -0.8437175323111977 -0.026338715041292586 0.5361408376170173
		outer loop
			vertex -0.035963378846645355 0.02370000071823597 -0.008434999734163284
			vertex -0.03496337682008743 0.02205297350883484 -0.006942222826182842
			vertex -0.03496337682008743 0.022199999541044235 -0.006934999953955412
		endloop
	endfacet
	facet normal -0.8184787839263437 0.028190973695493296 0.5738447083179854
		outer loop
			vertex -0.035963378846645355 0.02370000071823597 -0.008434999734163284
			vertex -0.03496337682008743 0.022199999541044235 -0.006934999953955412
			vertex -0.03496337682008743 0.02234702557325363 -0.006942222826182842
		endloop
	endfacet
	facet normal 0 0.6715585743544258 0.7409514702131653
		outer loop
			vertex -0.035963378846645355 0.02370000071823597 -0.008434999734163284
			vertex -0.036088377237319946 0.02370000071823597 -0.008434999734163284
			vertex -0.03496337682008743 0.02205297350883484 -0.006942222826182842
		endloop
	endfacet
	facet normal 0 0.740950873318681 0.6715592329260942
		outer loop
			vertex -0.035838376730680466 0.02370000071823597 -0.008434999734163284
			vertex -0.035963378846645355 0.02370000071823597 -0.008434999734163284
			vertex -0.03496337682008743 0.02234702557325363 -0.006942222826182842
		endloop
	endfacet
	facet normal -0.8251531378342006 0.08288925896067396 0.5587948370120496
		outer loop
			vertex -0.035838376730680466 0.02370000071823597 -0.008434999734163284
			vertex -0.03496337682008743 0.02234702557325363 -0.006942222826182842
			vertex -0.03496337682008743 0.022492635995149612 -0.006963822059333324
		endloop
	endfacet
	facet normal -0.7916416367537795 0.14845864801396214 0.5926749098685243
		outer loop
			vertex -0.03496337682008743 0.022635426372289658 -0.006999589502811432
			vertex -0.035838376730680466 0.02370000071823597 -0.008434999734163284
			vertex -0.03496337682008743 0.022492635995149612 -0.006963822059333324
		endloop
	endfacet
	facet normal 0 0.8032071128114062 0.5956998690021388
		outer loop
			vertex -0.035713378340005875 0.02370000071823597 -0.008434999734163284
			vertex -0.035838376730680466 0.02370000071823597 -0.008434999734163284
			vertex -0.03496337682008743 0.022635426372289658 -0.006999589502811432
		endloop
	endfacet
	facet normal -0.7979299221396202 0.20305824772004655 0.5675166846773086
		outer loop
			vertex -0.035713378340005875 0.02370000071823597 -0.008434999734163284
			vertex -0.03496337682008743 0.022635426372289658 -0.006999589502811432
			vertex -0.03496337682008743 0.022774025797843933 -0.007049180567264557
		endloop
	endfacet
	facet normal -0.7524673814712273 0.2816015856651977 0.5953934722288121
		outer loop
			vertex -0.03496337682008743 0.022907095029950142 -0.007112117949873209
			vertex -0.035713378340005875 0.02370000071823597 -0.008434999734163284
			vertex -0.03496337682008743 0.022774025797843933 -0.007049180567264557
		endloop
	endfacet
	facet normal 0 0.857728363890904 0.5141031548016731
		outer loop
			vertex -0.035588379949331284 0.02370000071823597 -0.008434999734163284
			vertex -0.035713378340005875 0.02370000071823597 -0.008434999734163284
			vertex -0.03496337682008743 0.022907095029950142 -0.007112117949873209
		endloop
	endfacet
	facet normal -0.7583125733464486 0.3351404405630759 0.5591448168443255
		outer loop
			vertex -0.035588379949331284 0.02370000071823597 -0.008434999734163284
			vertex -0.03496337682008743 0.022907095029950142 -0.007112117949873209
			vertex -0.03496337682008743 0.023033354431390762 -0.0071877953596413136
		endloop
	endfacet
	facet normal -0.6953035467382839 0.4281387310680442 0.5772782733245798
		outer loop
			vertex -0.03496337682008743 0.023151589557528496 -0.007275484502315521
			vertex -0.035588379949331284 0.02370000071823597 -0.008434999734163284
			vertex -0.03496337682008743 0.023033354431390762 -0.0071877953596413136
		endloop
	endfacet
	facet normal 0 0.9039889017155992 0.427555920991658
		outer loop
			vertex -0.035463377833366394 0.02370000071823597 -0.008434999734163284
			vertex -0.035588379949331284 0.02370000071823597 -0.008434999734163284
			vertex -0.03496337682008743 0.023151589557528496 -0.007275484502315521
		endloop
	endfacet
	facet normal -0.7005529009255838 0.4792224510814311 0.528745189466774
		outer loop
			vertex -0.035463377833366394 0.02370000071823597 -0.008434999734163284
			vertex -0.03496337682008743 0.023151589557528496 -0.007275484502315521
			vertex -0.03496337682008743 0.023260660469532013 -0.007374339736998081
		endloop
	endfacet
	facet normal -0.6118377916853732 0.5860836444679477 0.5311877995141964
		outer loop
			vertex -0.03496337682008743 0.023359514772892 -0.007483410183340311
			vertex -0.035463377833366394 0.02370000071823597 -0.008434999734163284
			vertex -0.03496337682008743 0.023260660469532013 -0.007374339736998081
		endloop
	endfacet
	facet normal -0.6161836140026128 0.6326062202768108 0.4691770709463181
		outer loop
			vertex -0.0353383794426918 0.02370000071823597 -0.008434999734163284
			vertex -0.03496337682008743 0.023359514772892 -0.007483410183340311
			vertex -0.03496337682008743 0.023447204381227493 -0.007601644843816757
		endloop
	endfacet
	facet normal 0 0.9415435128983528 0.3368913969204755
		outer loop
			vertex -0.0353383794426918 0.02370000071823597 -0.008434999734163284
			vertex -0.035463377833366394 0.02370000071823597 -0.008434999734163284
			vertex -0.03496337682008743 0.023359514772892 -0.007483410183340311
		endloop
	endfacet
	facet normal -0.4914272808787078 0.7470113983126475 0.44774233483013715
		outer loop
			vertex -0.03496337682008743 0.023522881790995598 -0.007727904710918665
			vertex -0.0353383794426918 0.02370000071823597 -0.008434999734163284
			vertex -0.03496337682008743 0.023447204381227493 -0.007601644843816757
		endloop
	endfacet
	facet normal -0.4944328529413126 0.7857626291213576 0.371635903282509
		outer loop
			vertex -0.03521337732672691 0.02370000071823597 -0.008434999734163284
			vertex -0.03496337682008743 0.023522881790995598 -0.007727904710918665
			vertex -0.03496337682008743 0.023585818707942963 -0.007860974408686161
		endloop
	endfacet
	facet normal 0 0.9700309801943867 0.24298126977838747
		outer loop
			vertex -0.03521337732672691 0.02370000071823597 -0.008434999734163284
			vertex -0.0353383794426918 0.02370000071823597 -0.008434999734163284
			vertex -0.03496337682008743 0.023522881790995598 -0.007727904710918665
		endloop
	endfacet
	facet normal -0.32486742934050516 0.8904748545318466 0.31861526454358496
		outer loop
			vertex -0.03496337682008743 0.023635409772396088 -0.007999572902917862
			vertex -0.03521337732672691 0.02370000071823597 -0.008434999734163284
			vertex -0.03496337682008743 0.023585818707942963 -0.007860974408686161
		endloop
	endfacet
	facet normal -0.3262853546659523 0.9169411878305634 0.22968832227692632
		outer loop
			vertex -0.03508837893605232 0.02370000071823597 -0.008434999734163284
			vertex -0.03496337682008743 0.023635409772396088 -0.007999572902917862
			vertex -0.03496337682008743 0.02367117814719677 -0.008142364211380482
		endloop
	endfacet
	facet normal 0 0.9891760230120396 0.14673375718656315
		outer loop
			vertex -0.03508837893605232 0.02370000071823597 -0.008434999734163284
			vertex -0.03521337732672691 0.02370000071823597 -0.008434999734163284
			vertex -0.03496337682008743 0.023635409772396088 -0.007999572902917862
		endloop
	endfacet
	facet normal -0.11465981963480217 0.9826527394427473 0.14576254466418628
		outer loop
			vertex -0.03496337682008743 0.023692777380347252 -0.008287974633276463
			vertex -0.03508837893605232 0.02370000071823597 -0.008434999734163284
			vertex -0.03496337682008743 0.02367117814719677 -0.008142364211380482
		endloop
	endfacet
	facet normal 0 0.9987953037685391 0.04907077714803467
		outer loop
			vertex -0.03496337682008743 0.02370000071823597 -0.008434999734163284
			vertex -0.03508837893605232 0.02370000071823597 -0.008434999734163284
			vertex -0.03496337682008743 0.023692777380347252 -0.008287974633276463
		endloop
	endfacet
	facet normal 0 1 0
		outer loop
			vertex -0.03496337682008743 0.02370000071823597 0.0035649999044835567
			vertex -0.03496337682008743 0.02370000071823597 -0.008434999734163284
			vertex -0.03696337714791298 0.02370000071823597 -0.008434999734163284
		endloop
	endfacet
	facet normal 0 1 0
		outer loop
			vertex -0.03496337682008743 0.02370000071823597 0.0035649999044835567
			vertex -0.03696337714791298 0.02370000071823597 -0.008434999734163284
			vertex -0.03696337714791298 0.02370000071823597 0.0035649999044835567
		endloop
	endfacet
	facet normal 0 0.049067702875684745 0.9987954548026856
		outer loop
			vertex -0.03696337714791298 0.020707223564386368 0.0037120257038623095
			vertex -0.03496337682008743 0.02370000071823597 0.0035649999044835567
			vertex -0.03508837893605232 0.02370000071823597 0.0035649999044835567
		endloop
	endfacet
	facet normal 0.8317414901665456 -0.554494326777697 0.027242156795721853
		outer loop
			vertex -0.03696337714791298 0.020707223564386368 0.0037120257038623095
			vertex -0.03696337714791298 0.02070000022649765 0.0035649999044835567
			vertex -0.03496337682008743 0.02370000071823597 0.0035649999044835567
		endloop
	endfacet
	facet normal 0.846556636582656 -0.5265372912642627 0.07810468594107527
		outer loop
			vertex -0.03696337714791298 0.02072882279753685 0.0038576354272663593
			vertex -0.03696337714791298 0.020707223564386368 0.0037120257038623095
			vertex -0.03508837893605232 0.02370000071823597 0.0035649999044835567
		endloop
	endfacet
	facet normal 0 0.14673052285544477 0.9891765027853058
		outer loop
			vertex -0.03696337714791298 0.020764589309692383 0.004000427201390266
			vertex -0.03508837893605232 0.02370000071823597 0.0035649999044835567
			vertex -0.03521337732672691 0.02370000071823597 0.0035649999044835567
		endloop
	endfacet
	facet normal 0.8442227262522647 -0.5199303306138618 0.1302322532514667
		outer loop
			vertex -0.03696337714791298 0.020764589309692383 0.004000427201390266
			vertex -0.03696337714791298 0.02072882279753685 0.0038576354272663593
			vertex -0.03508837893605232 0.02370000071823597 0.0035649999044835567
		endloop
	endfacet
	facet normal 0.8570127495464827 -0.4851732555209267 0.17359740563154652
		outer loop
			vertex -0.03696337714791298 0.020814180374145508 0.00413902522996068
			vertex -0.03696337714791298 0.020764589309692383 0.004000427201390266
			vertex -0.03521337732672691 0.02370000071823597 0.0035649999044835567
		endloop
	endfacet
	facet normal 0 0.24298002942081393 0.9700312908884232
		outer loop
			vertex -0.03696337714791298 0.020877117291092873 0.004272094927728176
			vertex -0.03521337732672691 0.02370000071823597 0.0035649999044835567
			vertex -0.0353383794426918 0.02370000071823597 0.0035649999044835567
		endloop
	endfacet
	facet normal 0.8525128965687986 -0.47252129728589554 0.22348464107211344
		outer loop
			vertex -0.03696337714791298 0.020877117291092873 0.004272094927728176
			vertex -0.03696337714791298 0.020814180374145508 0.00413902522996068
			vertex -0.03521337732672691 0.02370000071823597 0.0035649999044835567
		endloop
	endfacet
	facet normal 0.863706260470168 -0.4322915697330133 0.25910518011495964
		outer loop
			vertex -0.03696337714791298 0.020952794700860977 0.004398355260491371
			vertex -0.03696337714791298 0.020877117291092873 0.004272094927728176
			vertex -0.0353383794426918 0.02370000071823597 0.0035649999044835567
		endloop
	endfacet
	facet normal 0 0.3368897998497826 0.9415440843408096
		outer loop
			vertex -0.03696337714791298 0.021040484309196472 0.004516589920967817
			vertex -0.0353383794426918 0.02370000071823597 0.0035649999044835567
			vertex -0.035463377833366394 0.02370000071823597 0.0035649999044835567
		endloop
	endfacet
	facet normal 0.8570454185692461 -0.4138439916327058 0.3069304499377256
		outer loop
			vertex -0.03696337714791298 0.021040484309196472 0.004516589920967817
			vertex -0.03696337714791298 0.020952794700860977 0.004398355260491371
			vertex -0.0353383794426918 0.02370000071823597 0.0035649999044835567
		endloop
	endfacet
	facet normal 0.8669825209769466 -0.36924370647251237 0.33466459859223147
		outer loop
			vertex -0.03696337714791298 0.021139340475201607 0.004625660367310047
			vertex -0.03696337714791298 0.021040484309196472 0.004516589920967817
			vertex -0.035463377833366394 0.02370000071823597 0.0035649999044835567
		endloop
	endfacet
	facet normal 0 0.42755491806093066 0.9039893760669485
		outer loop
			vertex -0.03696337714791298 0.021248409524559975 0.004724515601992607
			vertex -0.035463377833366394 0.02370000071823597 0.0035649999044835567
			vertex -0.035588379949331284 0.02370000071823597 0.0035649999044835567
		endloop
	endfacet
	facet normal 0.8579945006698634 -0.3449537681018084 0.38059471185584803
		outer loop
			vertex -0.03696337714791298 0.021248409524559975 0.004724515601992607
			vertex -0.03696337714791298 0.021139340475201607 0.004625660367310047
			vertex -0.035463377833366394 0.02370000071823597 0.0035649999044835567
		endloop
	endfacet
	facet normal 0.8669459438392925 -0.29689680627023735 0.4003211421935288
		outer loop
			vertex -0.03696337714791298 0.021366644650697708 0.0048122042790055275
			vertex -0.03696337714791298 0.021248409524559975 0.004724515601992607
			vertex -0.035588379949331284 0.02370000071823597 0.0035649999044835567
		endloop
	endfacet
	facet normal 0 0.5141024446244389 0.8577287895548196
		outer loop
			vertex -0.03696337714791298 0.02149290405213833 0.004887881688773632
			vertex -0.035588379949331284 0.02370000071823597 0.0035649999044835567
			vertex -0.035713378340005875 0.02370000071823597 0.0035649999044835567
		endloop
	endfacet
	facet normal 0.855259149653767 -0.26640944483102574 0.4444747401577957
		outer loop
			vertex -0.03696337714791298 0.02149290405213833 0.004887881688773632
			vertex -0.03696337714791298 0.021366644650697708 0.0048122042790055275
			vertex -0.035588379949331284 0.02370000071823597 0.0035649999044835567
		endloop
	endfacet
	facet normal 0.8634371422711362 -0.21568135859031487 0.45602396088724295
		outer loop
			vertex -0.03696337714791298 0.021625975146889687 0.004950819071382284
			vertex -0.03696337714791298 0.02149290405213833 0.004887881688773632
			vertex -0.035713378340005875 0.02370000071823597 0.0035649999044835567
		endloop
	endfacet
	facet normal 0 0.5956991591883608 0.8032076392454695
		outer loop
			vertex -0.03696337714791298 0.021764572709798813 0.0050004106014966965
			vertex -0.035713378340005875 0.02370000071823597 0.0035649999044835567
			vertex -0.035838376730680466 0.02370000071823597 0.0035649999044835567
		endloop
	endfacet
	facet normal 0.8484185149850698 -0.17832624825041257 0.4983831584388273
		outer loop
			vertex -0.03696337714791298 0.021764572709798813 0.0050004106014966965
			vertex -0.03696337714791298 0.021625975146889687 0.004950819071382284
			vertex -0.035713378340005875 0.02370000071823597 0.0035649999044835567
		endloop
	endfacet
	facet normal 0.8559883703026716 -0.12561905916953686 0.5015015073555977
		outer loop
			vertex -0.03696337714791298 0.021907364949584007 0.005036178044974804
			vertex -0.03696337714791298 0.021764572709798813 0.0050004106014966965
			vertex -0.035838376730680466 0.02370000071823597 0.0035649999044835567
		endloop
	endfacet
	facet normal 0 0.671558689365209 0.7409513659735588
		outer loop
			vertex -0.03696337714791298 0.02205297350883484 0.005057777278125286
			vertex -0.035838376730680466 0.02370000071823597 0.0035649999044835567
			vertex -0.035963378846645355 0.02370000071823597 0.0035649999044835567
		endloop
	endfacet
	facet normal 0.8366344901682359 -0.08037420141718382 0.5418327395123759
		outer loop
			vertex -0.03696337714791298 0.02205297350883484 0.005057777278125286
			vertex -0.03696337714791298 0.021907364949584007 0.005036178044974804
			vertex -0.035838376730680466 0.02370000071823597 0.0035649999044835567
		endloop
	endfacet
	facet normal 0.843718509898906 -0.0263386396461065 0.5361393029013656
		outer loop
			vertex -0.03696337714791298 0.022199999541044235 0.0050650001503527164
			vertex -0.03696337714791298 0.02205297350883484 0.005057777278125286
			vertex -0.035963378846645355 0.02370000071823597 0.0035649999044835567
		endloop
	endfacet
	facet normal 0.8184798786055895 0.028190897176431605 0.5738431507251505
		outer loop
			vertex -0.03696337714791298 0.02234702557325363 0.005057777278125286
			vertex -0.03696337714791298 0.022199999541044235 0.0050650001503527164
			vertex -0.035963378846645355 0.02370000071823597 0.0035649999044835567
		endloop
	endfacet
	facet normal 0 0.740950977558387 0.6715591179153708
		outer loop
			vertex -0.036088377237319946 0.02370000071823597 0.0035649999044835567
			vertex -0.03696337714791298 0.02234702557325363 0.005057777278125286
			vertex -0.035963378846645355 0.02370000071823597 0.0035649999044835567
		endloop
	endfacet
	facet normal 0.8251532327353567 0.08288923862084759 0.5587946998918712
		outer loop
			vertex -0.03696337714791298 0.022492635995149612 0.005036178044974804
			vertex -0.03696337714791298 0.02234702557325363 0.005057777278125286
			vertex -0.036088377237319946 0.02370000071823597 0.0035649999044835567
		endloop
	endfacet
	facet normal 0.7916417544982686 0.14845861094480417 0.5926747618814575
		outer loop
			vertex -0.03696337714791298 0.022635426372289658 0.0050004106014966965
			vertex -0.03696337714791298 0.022492635995149612 0.005036178044974804
			vertex -0.036088377237319946 0.02370000071823597 0.0035649999044835567
		endloop
	endfacet
	facet normal 0 0.8032072052762232 0.5956997443279282
		outer loop
			vertex -0.036213379353284836 0.02370000071823597 0.0035649999044835567
			vertex -0.03696337714791298 0.022635426372289658 0.0050004106014966965
			vertex -0.036088377237319946 0.02370000071823597 0.0035649999044835567
		endloop
	endfacet
	facet normal 0.7979301978568103 0.2030598150767906 0.567515736212813
		outer loop
			vertex -0.03696337714791298 0.022774025797843933 0.004950819071382284
			vertex -0.03696337714791298 0.022635426372289658 0.0050004106014966965
			vertex -0.036213379353284836 0.02370000071823597 0.0035649999044835567
		endloop
	endfacet
	facet normal 0.7524690027898112 0.2816007936931847 0.5953917977532739
		outer loop
			vertex -0.03696337714791298 0.022907095029950142 0.004887881688773632
			vertex -0.03696337714791298 0.022774025797843933 0.004950819071382284
			vertex -0.036213379353284836 0.02370000071823597 0.0035649999044835567
		endloop
	endfacet
	facet normal 0 0.857728363890904 0.5141031548016731
		outer loop
			vertex -0.03633837774395943 0.02370000071823597 0.0035649999044835567
			vertex -0.03696337714791298 0.022907095029950142 0.004887881688773632
			vertex -0.036213379353284836 0.02370000071823597 0.0035649999044835567
		endloop
	endfacet
	facet normal 0.7583144941222766 0.3351392918728391 0.5591429003815107
		outer loop
			vertex -0.03696337714791298 0.023033354431390762 0.0048122042790055275
			vertex -0.03696337714791298 0.022907095029950142 0.004887881688773632
			vertex -0.03633837774395943 0.02370000071823597 0.0035649999044835567
		endloop
	endfacet
	facet normal 0.6953076169703775 0.428134918630351 0.5772761983941117
		outer loop
			vertex -0.03696337714791298 0.023151589557528496 0.004724515601992607
			vertex -0.03696337714791298 0.023033354431390762 0.0048122042790055275
			vertex -0.03633837774395943 0.02370000071823597 0.0035649999044835567
		endloop
	endfacet
	facet normal 0 0.9039889680811054 0.4275557806738886
		outer loop
			vertex -0.036463379859924316 0.02370000071823597 0.0035649999044835567
			vertex -0.03696337714791298 0.023151589557528496 0.004724515601992607
			vertex -0.03633837774395943 0.02370000071823597 0.0035649999044835567
		endloop
	endfacet
	facet normal 0.7005558095994227 0.47922053345224713 0.5287430736702291
		outer loop
			vertex -0.03696337714791298 0.023260660469532013 0.004625660367310047
			vertex -0.03696337714791298 0.023151589557528496 0.004724515601992607
			vertex -0.036463379859924316 0.02370000071823597 0.0035649999044835567
		endloop
	endfacet
	facet normal 0.6118409532790285 0.5860818324221855 0.5311861571946911
		outer loop
			vertex -0.03696337714791298 0.023359514772892 0.004516589920967817
			vertex -0.03696337714791298 0.023260660469532013 0.004625660367310047
			vertex -0.036463379859924316 0.02370000071823597 0.0035649999044835567
		endloop
	endfacet
	facet normal 0 0.9415435651909756 0.3368912507731052
		outer loop
			vertex -0.03658837825059891 0.02370000071823597 0.0035649999044835567
			vertex -0.03696337714791298 0.023359514772892 0.004516589920967817
			vertex -0.036463379859924316 0.02370000071823597 0.0035649999044835567
		endloop
	endfacet
	facet normal 0.6161877725007695 0.6326036071031765 0.469175132866811
		outer loop
			vertex -0.03696337714791298 0.023447204381227493 0.004398355260491371
			vertex -0.03696337714791298 0.023359514772892 0.004516589920967817
			vertex -0.03658837825059891 0.02370000071823597 0.0035649999044835567
		endloop
	endfacet
	facet normal 0.4914289853914455 0.7470113015201684 0.447740625494581
		outer loop
			vertex -0.03696337714791298 0.023522881790995598 0.004272094927728176
			vertex -0.03696337714791298 0.023447204381227493 0.004398355260491371
			vertex -0.03658837825059891 0.02370000071823597 0.0035649999044835567
		endloop
	endfacet
	facet normal 0 0.9700309801943867 0.24298126977838747
		outer loop
			vertex -0.0367133803665638 0.02370000071823597 0.0035649999044835567
			vertex -0.03696337714791298 0.023522881790995598 0.004272094927728176
			vertex -0.03658837825059891 0.02370000071823597 0.0035649999044835567
		endloop
	endfacet
	facet normal 0.49443841948859235 0.7857597667065043 0.3716345494689143
		outer loop
			vertex -0.03696337714791298 0.023585818707942963 0.00413902522996068
			vertex -0.03696337714791298 0.023522881790995598 0.004272094927728176
			vertex -0.0367133803665638 0.02370000071823597 0.0035649999044835567
		endloop
	endfacet
	facet normal 0.3248738471239542 0.8904724393202283 0.3186154708515643
		outer loop
			vertex -0.03696337714791298 0.023635409772396088 0.004000427201390266
			vertex -0.03696337714791298 0.023585818707942963 0.00413902522996068
			vertex -0.0367133803665638 0.02370000071823597 0.0035649999044835567
		endloop
	endfacet
	facet normal 0 0.9891760457885884 0.14673360364297067
		outer loop
			vertex -0.03683837875723839 0.02370000071823597 0.0035649999044835567
			vertex -0.03696337714791298 0.023635409772396088 0.004000427201390266
			vertex -0.0367133803665638 0.02370000071823597 0.0035649999044835567
		endloop
	endfacet
	facet normal 0.32629253280343784 0.916938960887155 0.22968701540118036
		outer loop
			vertex -0.03696337714791298 0.02367117814719677 0.0038576354272663593
			vertex -0.03696337714791298 0.023635409772396088 0.004000427201390266
			vertex -0.03683837875723839 0.02370000071823597 0.0035649999044835567
		endloop
	endfacet
	facet normal 0.11466479563620448 0.9826520698241016 0.14576314456033326
		outer loop
			vertex -0.03696337714791298 0.023692777380347252 0.0037120257038623095
			vertex -0.03696337714791298 0.02367117814719677 0.0038576354272663593
			vertex -0.03683837875723839 0.02370000071823597 0.0035649999044835567
		endloop
	endfacet
	facet normal 0 0.9987953151944065 0.04907054458334788
		outer loop
			vertex -0.03696337714791298 0.02370000071823597 0.0035649999044835567
			vertex -0.03696337714791298 0.023692777380347252 0.0037120257038623095
			vertex -0.03683837875723839 0.02370000071823597 0.0035649999044835567
		endloop
	endfacet
	facet normal 0 -1 0
		outer loop
			vertex -0.03496337682008743 0.02070000022649765 -0.008434999734163284
			vertex -0.03496337682008743 0.02070000022649765 0.0035649999044835567
			vertex -0.03696337714791298 0.02070000022649765 0.0035649999044835567
		endloop
	endfacet
	facet normal 0 -1 0
		outer loop
			vertex -0.03496337682008743 0.02070000022649765 -0.008434999734163284
			vertex -0.03696337714791298 0.02070000022649765 0.0035649999044835567
			vertex -0.03696337714791298 0.02070000022649765 -0.008434999734163284
		endloop
	endfacet
	facet normal 0 0 0
		outer loop
			vertex -0.0001303612079937011 0.00005290149783832021 -0.000022694743165629916
			vertex -0.0001303612079937011 0.00005290149783832021 -0.000022694743165629916
			vertex -0.03696337714791298 0.014999999664723873 -0.004435000009834766
		endloop
	endfacet
	facet normal 0 0 0
		outer loop
			vertex -0.0001303612079937011 0.00005290149783832021 -0.000022694743165629916
			vertex -0.03696337714791298 0.014999999664723873 -0.004435000009834766
			vertex -0.0001303612079937011 0.00005290149783832021 -0.000022694743165629916
		endloop
	endfacet
	facet normal -0.1607919788202332 -0.16390563067734887 0.9732835577463201
		outer loop
			vertex -0.0001303612079937011 0.00005290149783832021 -0.000022694743165629916
			vertex -0.03696337714791298 0.015882715582847595 -0.003441901644691825
			vertex -0.03696337714791298 0.01578555442392826 -0.0034582640510052443
		endloop
	endfacet
	facet normal -0.19804590305164232 -0.2571099697958586 0.9458711771251053
		outer loop
			vertex -0.0001303612079937011 0.00005290149783832021 -0.000022694743165629916
			vertex -0.03696337714791298 0.01578555442392826 -0.0034582640510052443
			vertex -0.03696337714791298 0.015690473839640617 -0.0034841091837733984
		endloop
	endfacet
	facet normal -0.2324151955562025 -0.34624813513817054 0.9088979072414634
		outer loop
			vertex -0.0001303612079937011 0.00005290149783832021 -0.000022694743165629916
			vertex -0.03696337714791298 0.015690473839640617 -0.0034841091837733984
			vertex -0.03696337714791298 0.015598398633301258 -0.003519185585901141
		endloop
	endfacet
	facet normal -0.2636189591713661 -0.43044575203970414 0.8632621264230113
		outer loop
			vertex -0.0001303612079937011 0.00005290149783832021 -0.000022694743165629916
			vertex -0.03696337714791298 0.015598398633301258 -0.003519185585901141
			vertex -0.03696337714791298 0.01551022194325924 -0.0035631528589874506
		endloop
	endfacet
	facet normal -0.29146755284406684 -0.5090283730460279 0.8098992413091923
		outer loop
			vertex -0.0001303612079937011 0.00005290149783832021 -0.000022694743165629916
			vertex -0.03696337714791298 0.01551022194325924 -0.0035631528589874506
			vertex -0.03696337714791298 0.015426799654960632 -0.003615584457293153
		endloop
	endfacet
	facet normal -0.31584777932593455 -0.5815000365530903 0.7497318772625521
		outer loop
			vertex -0.0001303612079937011 0.00005290149783832021 -0.000022694743165629916
			vertex -0.03696337714791298 0.015426799654960632 -0.003615584457293153
			vertex -0.03696337714791298 0.015348942950367928 -0.003675970947369933
		endloop
	endfacet
	facet normal -0.3367048215762828 -0.6475097038587475 0.6836380961708035
		outer loop
			vertex -0.0001303612079937011 0.00005290149783832021 -0.000022694743165629916
			vertex -0.03696337714791298 0.015348942950367928 -0.003675970947369933
			vertex -0.03696337714791298 0.015277407132089138 -0.0037437262944877148
		endloop
	endfacet
	facet normal -0.35402755789674023 -0.7068243792569742 0.6124245138281644
		outer loop
			vertex -0.0001303612079937011 0.00005290149783832021 -0.000022694743165629916
			vertex -0.03696337714791298 0.015277407132089138 -0.0037437262944877148
			vertex -0.03696337714791298 0.015212886035442352 -0.0038181927520781755
		endloop
	endfacet
	facet normal -0.3678336687333641 -0.7592996635095549 0.5368076127817399
		outer loop
			vertex -0.0001303612079937011 0.00005290149783832021 -0.000022694743165629916
			vertex -0.03696337714791298 0.015212886035442352 -0.0038181927520781755
			vertex -0.03696337714791298 0.015156006440520287 -0.00389864738099277
		endloop
	endfacet
	facet normal -0.37815136435034863 -0.8048314874582474 0.45743614028158613
		outer loop
			vertex -0.0001303612079937011 0.00005290149783832021 -0.000022694743165629916
			vertex -0.03696337714791298 0.015156006440520287 -0.00389864738099277
			vertex -0.03696337714791298 0.015107319690287113 -0.003984308801591396
		endloop
	endfacet
	facet normal -0.3850149701899207 -0.8433574818804667 0.37484881017003774
		outer loop
			vertex -0.0001303612079937011 0.00005290149783832021 -0.000022694743165629916
			vertex -0.03696337714791298 0.015107319690287113 -0.003984308801591396
			vertex -0.03696337714791298 0.015067300759255886 -0.00407434580847621
		endloop
	endfacet
	facet normal -0.37092053553016224 -0.9275369878407975 -0.04575032796863971
		outer loop
			vertex -0.0001303612079937011 0.00005290149783832021 -0.000022694743165629916
			vertex -0.03696337714791298 0.014999999664723873 -0.004435000009834766
			vertex -0.03696337714791298 0.015004853717982769 -0.0045334105379879475
		endloop
	endfacet
	facet normal -0.3580457064923206 -0.9235162016957607 -0.13755397946933473
		outer loop
			vertex -0.0001303612079937011 0.00005290149783832021 -0.000022694743165629916
			vertex -0.03696337714791298 0.015004853717982769 -0.0045334105379879475
			vertex -0.03696337714791298 0.015019369311630726 -0.00463086599484086
		endloop
	endfacet
	facet normal -0.3416616260617463 -0.9114310585543656 -0.2292613329353905
		outer loop
			vertex -0.0001303612079937011 0.00005290149783832021 -0.000022694743165629916
			vertex -0.03696337714791298 0.015019369311630726 -0.00463086599484086
			vertex -0.03696337714791298 0.015043404884636402 -0.0047264196909964085
		endloop
	endfacet
	facet normal -0.32174770288654997 -0.8910371103983794 -0.32020506488832257
		outer loop
			vertex -0.0001303612079937011 0.00005290149783832021 -0.000022694743165629916
			vertex -0.03696337714791298 0.015043404884636402 -0.0047264196909964085
			vertex -0.03696337714791298 0.01507672667503357 -0.004819144494831562
		endloop
	endfacet
	facet normal -0.29830172972953156 -0.8621039633583651 -0.4096252365298898
		outer loop
			vertex -0.0001303612079937011 0.00005290149783832021 -0.000022694743165629916
			vertex -0.03696337714791298 0.01507672667503357 -0.004819144494831562
			vertex -0.03696337714791298 0.01511901244521141 -0.004908139817416668
		endloop
	endfacet
	facet normal -0.27136750209817495 -0.8244624911194463 -0.4966097859910879
		outer loop
			vertex -0.0001303612079937011 0.00005290149783832021 -0.000022694743165629916
			vertex -0.03696337714791298 0.01511901244521141 -0.004908139817416668
			vertex -0.03696337714791298 0.01516985148191452 -0.00499254185706377
		endloop
	endfacet
	facet normal -0.24104276706976546 -0.7780355652647052 -0.5801370903731131
		outer loop
			vertex -0.0001303612079937011 0.00005290149783832021 -0.000022694743165629916
			vertex -0.03696337714791298 0.01516985148191452 -0.00499254185706377
			vertex -0.03696337714791298 0.015228749252855778 -0.0050715310499072075
		endloop
	endfacet
	facet normal -0.2074936143842029 -0.7228753118913299 -0.6590885247429152
		outer loop
			vertex -0.0001303612079937011 0.00005290149783832021 -0.000022694743165629916
			vertex -0.03696337714791298 0.015228749252855778 -0.0050715310499072075
			vertex -0.03696337714791298 0.015295133925974369 -0.005144340451806784
		endloop
	endfacet
	facet normal -0.17097468748156314 -0.6592138058950847 -0.7322600728961668
		outer loop
			vertex -0.0001303612079937011 0.00005290149783832021 -0.000022694743165629916
			vertex -0.03696337714791298 0.015295133925974369 -0.005144340451806784
			vertex -0.03696337714791298 0.015368361957371235 -0.005210263654589653
		endloop
	endfacet
	facet normal -0.13183944572961998 -0.5875015637605131 -0.7984110928141332
		outer loop
			vertex -0.0001303612079937011 0.00005290149783832021 -0.000022694743165629916
			vertex -0.03696337714791298 0.015368361957371235 -0.005210263654589653
			vertex -0.03696337714791298 0.015447722747921944 -0.005268660373985767
		endloop
	endfacet
	facet normal -0.09054777707517969 -0.5084426059337788 -0.8563219117469854
		outer loop
			vertex -0.0001303612079937011 0.00005290149783832021 -0.000022694743165629916
			vertex -0.03696337714791298 0.015447722747921944 -0.005268660373985767
			vertex -0.03696337714791298 0.015532444231212139 -0.005318963900208473
		endloop
	endfacet
	facet normal -0.04763536550050414 -0.42295423304963875 -0.9048981095676052
		outer loop
			vertex -0.0001303612079937011 0.00005290149783832021 -0.000022694743165629916
			vertex -0.03696337714791298 0.015532444231212139 -0.005318963900208473
			vertex -0.03696337714791298 0.015621705912053585 -0.005360685288906097
		endloop
	endfacet
	facet normal -0.003737868923480338 -0.33222986910451363 -0.9431910423719623
		outer loop
			vertex -0.0001303612079937011 0.00005290149783832021 -0.000022694743165629916
			vertex -0.03696337714791298 0.015621705912053585 -0.005360685288906097
			vertex -0.03696337714791298 0.01571463979780674 -0.005393420346081257
		endloop
	endfacet
	facet normal 0.04048210801186175 -0.23760500384175548 -0.9705179344454564
		outer loop
			vertex -0.0001303612079937011 0.00005290149783832021 -0.000022694743165629916
			vertex -0.03696337714791298 0.01571463979780674 -0.005393420346081257
			vertex -0.03696337714791298 0.015810342505574226 -0.005416850559413433
		endloop
	endfacet
	facet normal 0.0843400137471177 -0.14054958733378028 -0.9864748225785798
		outer loop
			vertex -0.0001303612079937011 0.00005290149783832021 -0.000022694743165629916
			vertex -0.03696337714791298 0.015810342505574226 -0.005416850559413433
			vertex -0.03696337714791298 0.01590788923203945 -0.00543074868619442
		endloop
	endfacet
	facet normal 0.12716363595075486 -0.042597370912478956 -0.9909666360090681
		outer loop
			vertex -0.0001303612079937011 0.00005290149783832021 -0.000022694743165629916
			vertex -0.03696337714791298 0.01590788923203945 -0.00543074868619442
			vertex -0.03696337714791298 0.01600632816553116 -0.005434980150312185
		endloop
	endfacet
	facet normal 0.16835308540747906 0.05479490578491711 -0.9842025995361953
		outer loop
			vertex -0.0001303612079937011 0.00005290149783832021 -0.000022694743165629916
			vertex -0.03696337714791298 0.01600632816553116 -0.005434980150312185
			vertex -0.03696337714791298 0.01610470563173294 -0.005429503042250872
		endloop
	endfacet
	facet normal 0.2073699879009661 0.1502341016085216 -0.9666578519992653
		outer loop
			vertex -0.0001303612079937011 0.00005290149783832021 -0.000022694743165629916
			vertex -0.03696337714791298 0.01610470563173294 -0.005429503042250872
			vertex -0.03696337714791298 0.016202067956328392 -0.005414371378719807
		endloop
	endfacet
	facet normal 0.24378868736449832 0.24252717702581855 -0.9390141874950465
		outer loop
			vertex -0.0001303612079937011 0.00005290149783832021 -0.000022694743165629916
			vertex -0.03696337714791298 0.016202067956328392 -0.005414371378719807
			vertex -0.03696337714791298 0.016297467052936554 -0.005389731843024492
		endloop
	endfacet
	facet normal 0.2772733819180488 0.33064498173165247 -0.9021049649211577
		outer loop
			vertex -0.0001303612079937011 0.00005290149783832021 -0.000022694743165629916
			vertex -0.03696337714791298 0.016297467052936554 -0.005389731843024492
			vertex -0.03696337714791298 0.016389979049563408 -0.005355823785066605
		endloop
	endfacet
	facet normal 0.30759739873817643 0.4137916771576585 -0.8568315401550993
		outer loop
			vertex -0.0001303612079937011 0.00005290149783832021 -0.000022694743165629916
			vertex -0.03696337714791298 0.016389979049563408 -0.005355823785066605
			vertex -0.03696337714791298 0.016478704288601875 -0.005312975496053696
		endloop
	endfacet
	facet normal 0.3346030191587544 0.4913178988513125 -0.8041439807883772
		outer loop
			vertex -0.0001303612079937011 0.00005290149783832021 -0.000022694743165629916
			vertex -0.03696337714791298 0.016478704288601875 -0.005312975496053696
			vertex -0.03696337714791298 0.01656278409063816 -0.005261604208499193
		endloop
	endfacet
	facet normal 0.3582282806635527 0.5628173084032582 -0.7449222619136489
		outer loop
			vertex -0.0001303612079937011 0.00005290149783832021 -0.000022694743165629916
			vertex -0.03696337714791298 0.01656278409063816 -0.005261604208499193
			vertex -0.03696337714791298 0.016641398891806602 -0.005202207714319229
		endloop
	endfacet
	facet normal 0.37844214288060696 0.6279601577526631 -0.680034987899288
		outer loop
			vertex -0.0001303612079937011 0.00005290149783832021 -0.000022694743165629916
			vertex -0.03696337714791298 0.016641398891806602 -0.005202207714319229
			vertex -0.03696337714791298 0.016713786870241165 -0.005135362967848778
		endloop
	endfacet
	facet normal 0.3952613856599387 0.6865573368003564 -0.6102519645947789
		outer loop
			vertex -0.0001303612079937011 0.00005290149783832021 -0.000022694743165629916
			vertex -0.03696337714791298 0.016713786870241165 -0.005135362967848778
			vertex -0.03696337714791298 0.01677924580872059 -0.005061719100922346
		endloop
	endfacet
	facet normal 0.40872514770442286 0.7385010031484093 -0.5362462326047532
		outer loop
			vertex -0.0001303612079937011 0.00005290149783832021 -0.000022694743165629916
			vertex -0.03696337714791298 0.01677924580872059 -0.005061719100922346
			vertex -0.03696337714791298 0.016837138682603836 -0.0049819909036159515
		endloop
	endfacet
	facet normal 0.4188748569628866 0.7837054612050691 -0.45863886041380225
		outer loop
			vertex -0.0001303612079937011 0.00005290149783832021 -0.000022694743165629916
			vertex -0.03696337714791298 0.016837138682603836 -0.0049819909036159515
			vertex -0.03696337714791298 0.01688690483570099 -0.0048969523049890995
		endloop
	endfacet
	facet normal 0.4257556456734538 0.8221261201978131 -0.37794281666102847
		outer loop
			vertex -0.0001303612079937011 0.00005290149783832021 -0.000022694743165629916
			vertex -0.03696337714791298 0.01688690483570099 -0.0048969523049890995
			vertex -0.03696337714791298 0.016928059980273247 -0.004807428922504187
		endloop
	endfacet
	facet normal 0.42939942691854777 0.8536938233975024 -0.29465740794179396
		outer loop
			vertex -0.0001303612079937011 0.00005290149783832021 -0.000022694743165629916
			vertex -0.03696337714791298 0.016928059980273247 -0.004807428922504187
			vertex -0.03696337714791298 0.016960207372903824 -0.0047142901457846165
		endloop
	endfacet
	facet normal 0.42982727334301885 0.8783544942863766 -0.20914563695527963
		outer loop
			vertex -0.0001303612079937011 0.00005290149783832021 -0.000022694743165629916
			vertex -0.03696337714791298 0.016960207372903824 -0.0047142901457846165
			vertex -0.03696337714791298 0.01698303036391735 -0.004618439823389053
		endloop
	endfacet
	facet normal 0.42704071947173206 0.8959808130081022 -0.12187947585383582
		outer loop
			vertex -0.0001303612079937011 0.00005290149783832021 -0.000022694743165629916
			vertex -0.03696337714791298 0.01698303036391735 -0.004618439823389053
			vertex -0.03696337714791298 0.016996311023831367 -0.004520808812230825
		endloop
	endfacet
	facet normal 0.421025937901928 0.9064396630443705 -0.03323096257723993
		outer loop
			vertex -0.0001303612079937011 0.00005290149783832021 -0.000022694743165629916
			vertex -0.03696337714791298 0.016996311023831367 -0.004520808812230825
			vertex -0.03696337714791298 0.016999920830130577 -0.004422344267368317
		endloop
	endfacet
	facet normal 0.4117481166984712 0.9095494931097551 0.05641992537259947
		outer loop
			vertex -0.0001303612079937011 0.00005290149783832021 -0.000022694743165629916
			vertex -0.03696337714791298 0.016999920830130577 -0.004422344267368317
			vertex -0.03696337714791298 0.016993820667266846 -0.004324003122746944
		endloop
	endfacet
	facet normal 0.3991740412832004 0.9050903374224749 0.14653179132907754
		outer loop
			vertex -0.0001303612079937011 0.00005290149783832021 -0.000022694743165629916
			vertex -0.03696337714791298 0.016993820667266846 -0.004324003122746944
			vertex -0.03696337714791298 0.016978073865175247 -0.004226739052683115
		endloop
	endfacet
	facet normal 0.38325157144077887 0.8928186130126193 0.2366287329264907
		outer loop
			vertex -0.0001303612079937011 0.00005290149783832021 -0.000022694743165629916
			vertex -0.03696337714791298 0.016978073865175247 -0.004226739052683115
			vertex -0.03696337714791298 0.01695283129811287 -0.004131496883928776
		endloop
	endfacet
	facet normal 0.3639409422899256 0.8724790701185825 0.3260786143403688
		outer loop
			vertex -0.0001303612079937011 0.00005290149783832021 -0.000022694743165629916
			vertex -0.03696337714791298 0.01695283129811287 -0.004131496883928776
			vertex -0.03696337714791298 0.01691833697259426 -0.00403920141980052
		endloop
	endfacet
	facet normal 0.34122701021494395 0.8438408061993619 0.41412174694476217
		outer loop
			vertex -0.0001303612079937011 0.00005290149783832021 -0.000022694743165629916
			vertex -0.03696337714791298 0.01691833697259426 -0.00403920141980052
			vertex -0.03696337714791298 0.016874928027391434 -0.0039507485926151276
		endloop
	endfacet
	facet normal 0.3151152949545402 0.8067042802768839 0.4999305502453997
		outer loop
			vertex -0.0001303612079937011 0.00005290149783832021 -0.000022694743165629916
			vertex -0.03696337714791298 0.016874928027391434 -0.0039507485926151276
			vertex -0.03696337714791298 0.016823025420308113 -0.0038669968489557505
		endloop
	endfacet
	facet normal 0.28566832375397483 0.7609612975067469 0.5825216841461291
		outer loop
			vertex -0.0001303612079937011 0.00005290149783832021 -0.000022694743165629916
			vertex -0.03696337714791298 0.016823025420308113 -0.0038669968489557505
			vertex -0.03696337714791298 0.01676313392817974 -0.003788759233430028
		endloop
	endfacet
	facet normal 0.25300319313295466 0.7066084861319363 0.6608281407377127
		outer loop
			vertex -0.0001303612079937011 0.00005290149783832021 -0.000022694743165629916
			vertex -0.03696337714791298 0.01676313392817974 -0.003788759233430028
			vertex -0.03696337714791298 0.016695832833647728 -0.0037167957052588463
		endloop
	endfacet
	facet normal 0.21733688369127235 0.643837287096085 0.7336472086310422
		outer loop
			vertex -0.0001303612079937011 0.00005290149783832021 -0.000022694743165629916
			vertex -0.03696337714791298 0.016695832833647728 -0.0037167957052588463
			vertex -0.03696337714791298 0.016621775925159454 -0.0036518045235425234
		endloop
	endfacet
	facet normal 0.1789710894332624 0.5730287909318434 0.79975455854297
		outer loop
			vertex -0.0001303612079937011 0.00005290149783832021 -0.000022694743165629916
			vertex -0.03696337714791298 0.016621775925159454 -0.0036518045235425234
			vertex -0.03696337714791298 0.016541682183742523 -0.003594416892156005
		endloop
	endfacet
	facet normal 0.13831518484848493 0.4948107884960981 0.8579226032855173
		outer loop
			vertex -0.0001303612079937011 0.00005290149783832021 -0.000022694743165629916
			vertex -0.03696337714791298 0.016541682183742523 -0.003594416892156005
			vertex -0.03696337714791298 0.016456330195069313 -0.003545189741998911
		endloop
	endfacet
	facet normal 0.09586963556176271 0.4100434294191411 0.9070134502682111
		outer loop
			vertex -0.0001303612079937011 0.00005290149783832021 -0.000022694743165629916
			vertex -0.03696337714791298 0.016456330195069313 -0.003545189741998911
			vertex -0.03696337714791298 0.01636654883623123 -0.0035046013072133064
		endloop
	endfacet
	facet normal 0.052224963488617555 0.3198307381094675 0.9460342764133686
		outer loop
			vertex -0.0001303612079937011 0.00005290149783832021 -0.000022694743165629916
			vertex -0.03696337714791298 0.01636654883623123 -0.0035046013072133064
			vertex -0.03696337714791298 0.01627320796251297 -0.0034730450715869665
		endloop
	endfacet
	facet normal 0.008034268148336021 0.22547726927956227 0.9742153004205757
		outer loop
			vertex -0.0001303612079937011 0.00005290149783832021 -0.000022694743165629916
			vertex -0.03696337714791298 0.01627320796251297 -0.0034730450715869665
			vertex -0.03696337714791298 0.016177214682102203 -0.003450827905908227
		endloop
	endfacet
	facet normal -0.03601750247092085 0.128431307088767 0.9910641446824864
		outer loop
			vertex -0.0001303612079937011 0.00005290149783832021 -0.000022694743165629916
			vertex -0.03696337714791298 0.016177214682102203 -0.003450827905908227
			vertex -0.03696337714791298 0.016079502180218697 -0.0034381654113531113
		endloop
	endfacet
	facet normal -0.07925346502307315 0.030201055029952736 0.9963969011176793
		outer loop
			vertex -0.0001303612079937011 0.00005290149783832021 -0.000022694743165629916
			vertex -0.03696337714791298 0.016079502180218697 -0.0034381654113531113
			vertex -0.03696337714791298 0.01598101668059826 -0.003435180289670825
		endloop
	endfacet
	facet normal -0.12103461819726179 -0.06771439952372553 0.9903359941428891
		outer loop
			vertex -0.0001303612079937011 0.00005290149783832021 -0.000022694743165629916
			vertex -0.03696337714791298 0.01598101668059826 -0.003435180289670825
			vertex -0.03696337714791298 0.015882715582847595 -0.003441901644691825
		endloop
	endfacet
	facet normal 0 0 0
		outer loop
			vertex 0.036036621779203415 0.02449999935925007 -0.0004349999944679439
			vertex 0.03703662008047104 0.019999999552965164 -0.009434999898076057
			vertex 0.036036621779203415 0.02449999935925007 -0.0004349999944679439
		endloop
	endfacet
	facet normal 0 0 0
		outer loop
			vertex 0.036036621779203415 0.02449999935925007 -0.0004349999944679439
			vertex 0.036036621779203415 0.02449999935925007 -0.0004349999944679439
			vertex 0.03503661975264549 0.028999999165534973 -0.009434999898076057
		endloop
	endfacet
endsolid exported
